Rank,TeamId,TeamName,LastSubmissionDate,Score,SubmissionCount,TeamMemberUserNames
1,15863637,"Data User","2026-05-30 17:09:18",0.95497,82,unseenuser
2,15837151,"Chris Deotte","2026-05-31 01:45:49",0.95493,67,cdeotte
3,15809041,"Mikhail Naumov","2026-05-28 07:58:45",0.95490,191,mikhailnaumov
4,15803783,MILANFX,"2026-05-27 21:02:49",0.95490,44,milanfx
5,15811811,"Kaggler Sergio","2026-05-24 19:06:09",0.95481,134,kagglersergio
6,15803870,Optimistix,"2026-05-30 23:59:56",0.95480,187,optimistix
7,15820398,Ak,"2026-05-30 11:16:34",0.95475,92,abisheksrivastav
8,15806339,"Don Mani","2026-05-30 15:08:37",0.95471,103,donmarch14
9,15804069,Alan1305,"2026-05-30 10:40:24",0.95466,19,alan1305
10,16015524,"Andreas Palmgren","2026-05-30 22:24:06",0.95466,50,andreaspalmgren
11,15808543,Mahog,"2026-05-31 02:00:34",0.95466,10,mahoganybuttstrings
12,15803961,"Cyril Bourgeois","2026-05-25 11:16:56",0.95465,128,cyrilbourgeois
13,15803769,"Masaya Kawamata","2026-05-31 03:28:59",0.95464,51,masayakawamata
14,15804127,Jerry,"2026-05-30 15:53:22",0.95463,60,jerry34
15,15927977,"Martin Gabd","2026-05-30 21:03:34",0.95462,91,martins0n
16,15805615,たかゆき,"2026-05-31 00:33:16",0.95460,223,takayuki0127
17,15803803,"Ravi Ramakrishnan","2026-05-29 22:46:58",0.95459,122,"arunklenin,ravi20076"
18,15820395,"Shiv Satyam","2026-05-30 17:15:11",0.95459,68,shivsatyam
19,15868845,miki,"2026-05-31 00:08:30",0.95458,160,miki2025lee
20,16019498,yunseungmin0531,"2026-05-30 15:12:29",0.95458,71,yunseungmin0531
21,15969615,adam2go,"2026-05-21 09:03:09",0.95458,40,adam2go
22,15837629,ChrisLeiteScha,"2026-05-30 13:13:25",0.95457,95,chrisleitescha
23,15810232,"Mathurin Ache","2026-05-26 06:49:24",0.95457,7,mathurinache
24,15889435,"seethelight luo","2026-05-31 03:07:57",0.95457,30,seethelightluo
25,16121761,"Kevin Petersburg","2026-05-31 02:19:15",0.95456,9,kevinpetersburg
26,15858013,Shelton,"2026-05-30 13:08:36",0.95456,41,wangxintong111
27,16060010,Forever,"2026-05-27 14:06:34",0.95456,10,xife6244
28,15978258,MASADDPG,"2026-05-30 08:40:28",0.95455,66,masaddpg
29,15806406,"Alexander Biller","2026-05-30 10:20:00",0.95455,22,alexandrbiller
30,15805220,UtaAzu,"2026-05-30 12:12:58",0.95455,117,utaazu
31,16057925,SeaL77773,"2026-05-27 13:58:30",0.95455,30,seal77773
32,15808511,"Elvis Bui","2026-05-30 00:01:51",0.95455,41,elvisbui
33,15841489,"Sohail Khan","2026-05-30 13:21:49",0.95455,129,sohailkhanlml
34,15853215,"C O U R S E R A   X   J E P A","2026-05-30 13:16:07",0.95455,229,"deeplearnerrr,sahilkhan89"
35,15807166,"Aryan Kaisth","2026-05-30 21:55:03",0.95455,43,aryankaisth
36,16055879,"ahmed cherif","2026-05-27 09:30:36",0.95455,39,ahmedcherif19111998
37,16033266,yanTemple,"2026-05-26 02:49:48",0.95455,17,"rubybingo,yantemple"
38,15827947,CAPRICORNUS0908,"2026-05-31 00:13:43",0.95455,79,capricornus0908
39,15979074,Ray,"2026-05-30 02:10:03",0.95454,92,ruihaokaggle
40,15947326,"Michael Y. Qiu","2026-05-27 03:00:59",0.95454,30,michaelqiu0606
41,15874614,"Mikhail Naumov IS WINNER!!!!!!","2026-05-26 12:03:59",0.95454,55,arbaaz1213fa
42,16009202,LECLARE44,"2026-05-29 05:55:18",0.95454,115,amulopapa67
43,16006000,NM_go,"2026-05-29 19:33:17",0.95454,39,"milindc02,nishtha22"
44,15811179,Ern711,"2026-05-30 13:49:25",0.95454,39,ern711
45,16106996,"[Deleted] a9628693-a396-49c4-bac9-9463cdb20804","2026-05-29 09:19:02",0.95454,10,del=702d2c85b493e996
46,16077023,Yufeng,"2026-05-26 00:21:07",0.95454,20,mxtennet
47,15803963,"Vladimir Demidov","2026-05-31 01:48:58",0.95454,230,yekenot
48,16041694,Laksamada,"2026-05-24 14:49:41",0.95454,16,fachri00
49,16055963,"Vardan Adibekyan","2026-05-29 12:12:05",0.95454,57,vardanadibekyan
50,15804897,"Santiago Maniches","2026-05-30 22:07:20",0.95454,102,santmani
51,15834782,IEEM26_112034023,"2026-05-30 12:54:20",0.95454,34,joypig
52,15927078,"Ilja Grigorjev","2026-05-27 17:34:24",0.95454,68,iljagrigorjev
53,15821973,"Kun Zhang","2026-05-31 05:31:24",0.95454,233,beicicc
54,16080103,IEEM26_112034019,"2026-05-30 13:34:36",0.95454,15,gaysonorthotdaughter
55,15816583,OzanM.,"2026-05-30 16:56:19",0.95454,16,analyticaobscura
56,15933919,cwxcwxcwxcwx,"2026-05-26 00:12:09",0.95454,41,cwxcwxcwxcwx
57,16073692,Soilair,"2026-05-31 01:56:31",0.95454,32,soilair
58,15809019,kif,"2026-05-30 04:48:50",0.95454,36,echigobran
59,15830618,"Shigeru Kondou","2026-05-30 16:37:28",0.95454,49,shigerukondou
60,16037602,"Ziheng Zhang","2026-05-29 08:23:12",0.95454,67,nudtdmzzh
61,16084701,银龙今天读博了吗？,"2026-05-26 14:36:55",0.95454,1,boyanyanbo
62,15983650,서태혁asdad,"2026-05-26 08:04:54",0.95454,19,asdsd123
63,16094036,liesegang,"2026-05-28 01:01:13",0.95454,20,liesegang
64,15809028,Vandit,"2026-05-30 13:08:08",0.95454,72,vandittyagi0909
65,15803753,F.A.Nina,"2026-05-23 08:35:51",0.95454,181,nina2025
66,15930407,"RITTWIK BHOWMICK","2026-05-30 06:34:26",0.95454,65,rittwikbhowmick
67,16052135,Xenon,"2026-05-25 14:53:10",0.95454,22,jollyxenon
68,15917327,yzpeng666,"2026-05-23 11:15:18",0.95454,31,yzpeng666
69,15809943,Yaserntx',"2026-05-30 09:09:57",0.95454,22,yashanathaniel
70,15805819,kglctf,"2026-05-31 00:25:19",0.95454,277,kglctf
71,15825992,Badi61,"2026-05-29 08:46:49",0.95454,35,"ardars,bekircaglar,melikahpolat"
72,15804728,"Jeki Wan Taufik","2026-05-31 05:25:52",0.95454,49,jek1wantaufik
73,16046369,"Hu Xingyu","2026-05-30 05:18:49",0.95454,5,huxingyu
74,16014867,OxFFFs,"2026-05-25 07:42:21",0.95454,37,oxfffs
75,15963661,IEEM26_112030032,"2026-05-29 14:50:27",0.95454,36,c112030032
76,16082757,coder738,"2026-05-27 12:25:21",0.95454,18,coder738
77,15926330,"Goal Triangle","2026-05-31 03:49:59",0.95454,23,"aplish,izzuek,ourving"
78,15879391,WBF_USA_NYC,"2026-05-27 04:42:26",0.95454,99,wbfranci
79,15818815,"Giovanny Rodríguez","2026-05-31 02:56:33",0.95454,87,giovannyrodrguez
80,15811627,"Omkar Kashid","2026-05-30 07:57:36",0.95454,29,omkarkashid1168
81,15934385,"Rasulbek Qodomboyev","2026-05-23 19:36:30",0.95454,17,rasulbekqadamboyev
82,15998450,CharlesChi_94,"2026-05-25 00:30:30",0.95454,17,charleschi94
83,15870797,"Rahul Poddar","2026-05-27 16:43:09",0.95454,10,rahulpoddar477
84,15868791,JWuZhu,"2026-05-26 09:46:52",0.95454,68,jwuzhu
85,16043284,"Melson Li","2026-05-24 04:44:47",0.95454,14,"melsonli,youareheisenberg"
86,16083739,IEEM26_112034033,"2026-05-30 07:23:57",0.95454,8,s112034033
87,16105293,"kevin zhou","2026-05-30 16:10:41",0.95454,11,kevinzhou66
88,16078772,firefox0331,"2026-05-31 03:21:02",0.95454,21,firefox0331
89,15973034,"Aniket Arora","2026-05-29 17:35:40",0.95454,25,aniketarora1
90,15818598,"Peter Staykov","2026-05-29 20:57:03",0.95454,11,peterstaykov
91,15892606,"Abhay Singh","2026-05-25 07:43:11",0.95454,8,battkeninza
92,16053835,"SAQA SIRE","2026-05-31 05:43:20",0.95454,18,ssstelmah
93,15804405,AnthonyTherrien,"2026-05-31 01:15:57",0.95454,48,anthonytherrien
94,15862924,IEEM26_112034053,"2026-05-23 03:45:09",0.95454,8,hyt804
95,15816958,"우리는 잠겨있다","2026-05-24 06:15:28",0.95454,38,"justinkyh,sparrowsteelduck"
96,15809187,"Samyakraj Bayar","2026-05-30 13:56:40",0.95454,67,samyakrajbayar
97,15984734,"Nithin maktha","2026-05-30 13:42:42",0.95454,33,makthanithin
98,15836478,IEEM26_112034038,"2026-05-23 06:52:11",0.95454,5,s112034038
99,15817585,"Ruined Nikita Cat","2026-05-23 07:15:53",0.95454,3,afifalisaadman
100,15813651,"Aman Atar","2026-05-23 07:45:51",0.95454,65,amanatar
101,15831011,IEEM26_112034052,"2026-05-30 19:58:43",0.95454,12,sylvie23
102,15811631,"md farhaan akhtar","2026-05-30 08:59:55",0.95454,45,mdfarhaanakhtar
103,15809806,"Woods Hole","2026-05-29 05:12:46",0.95454,56,woodshole
104,15823932,"Young Blood","2026-05-24 19:05:50",0.95454,51,jaspreetsingh9652
105,15903046,Elnubi,"2026-05-23 22:56:37",0.95454,16,abdullahnubi
106,15883356,hjyact,"2026-05-30 21:33:52",0.95454,19,hjyact
107,15803887,"Anim Samuel K.","2026-05-30 14:18:58",0.95454,24,animsamuelk
108,16059570,IEEM26_112034067,"2026-05-27 06:59:43",0.95454,3,s112034067
109,16022842,harryhehaoyu,"2026-05-29 12:35:31",0.95454,11,harryhehaoyu
110,15810854,"ADOLF FAUSTINE","2026-05-29 15:40:05",0.95454,47,adolffaustine
111,16012723,IEEM26_112034050,"2026-05-24 13:55:53",0.95454,6,tsaiwinnie
112,16004512,"Rabeya Noor","2026-05-24 14:45:13",0.95454,6,rabeya100x
113,15807392,"Ilya Sevastyanov","2026-05-31 02:32:02",0.95454,26,sev1lya
114,16032662,alvinaug110529,"2026-05-25 05:15:52",0.95454,15,alvinaug110529
115,15817604,"Yusuf Murtaza","2026-05-30 06:38:07",0.95454,12,yusufmurtaza01
116,15857389,Shreyansh_Singh,"2026-05-30 13:29:20",0.95454,45,shreyanshsingh221
117,15868359,guansuo,"2026-05-31 05:38:50",0.95454,5,guansuo
118,15826782,"Ömer Faruk Yüce","2026-05-30 18:28:53",0.95454,64,merfarukyce
119,15942160,Mohit,"2026-05-29 10:15:46",0.95454,3,mohit78241
120,15984984,IEEM26_112034005,"2026-05-26 08:46:44",0.95454,25,lin112034005
121,15847118,kangaeru,"2026-05-27 12:17:32",0.95454,8,kangaeru
122,15997798,lchijkkk,"2026-05-30 21:28:14",0.95454,46,thisisroni
123,16021883,"Pujit Swikrit","2026-05-27 14:21:38",0.95454,24,pujitswikrit
124,15818213,"Sadettin Şamil Verdil","2026-05-29 16:13:29",0.95454,21,sadettinamilverdil
125,15946464,"YURI HONG","2026-05-30 14:25:43",0.95454,33,glasshong
126,15803929,"Pavlo Ivanin","2026-05-31 03:32:31",0.95454,14,pavloivanin
127,16058982,A3110,"2026-05-25 08:39:11",0.95454,5,andradaparaczki
128,15986138,DataRegressor,"2026-05-22 21:27:27",0.95454,37,azzamradman
129,15950529,"Tao Fang","2026-05-27 05:19:27",0.95454,11,taofang2026
130,15831800,"abdallah wael","2026-05-23 07:17:45",0.95454,3,"abdallahwael22,ahmedsamirafattah"
131,16043690,Penguin,"2026-05-23 07:32:34",0.95454,24,penguin069
132,15970312,"Zihe Henry Zhang","2026-05-30 06:04:25",0.95454,25,caesium137
133,15989410,"Nicolas Sergeev","2026-05-28 21:10:05",0.95454,62,nicolassergeev
134,15853800,CodeMasters,"2026-05-30 07:33:35",0.95454,80,"beyzakucuk,demettal,filizesenkaya"
135,15807133,"Ra'uf Fauzan Rambe","2026-05-26 14:19:49",0.95454,25,rauffauzanrambe
136,16030748,"Pit Insights","2026-05-30 08:25:43",0.95454,10,"amnariaz22,hamnamunir,mirzayasirabdullah07"
137,16064679,"Amr Yasser","2026-05-24 18:03:14",0.95454,2,amryasswe
138,16028968,"Shamanthak Reddy Mallu","2026-05-31 04:22:54",0.95454,25,shamanthakreddymallu
139,16068310,"Adnan Zaman","2026-05-26 05:02:05",0.95454,7,adnanzamanniloy
140,15915535,"Rishik Reddy","2026-05-25 04:53:54",0.95454,28,rishik20
141,15852403,"Muhammad Usman Khan #2","2026-05-30 18:08:07",0.95454,49,muhammadusmankhan0
142,15818633,"Mitudru Dutta","2026-05-25 17:47:38",0.95454,12,mitudru
143,16076959,"Andrew Lee","2026-05-25 22:18:19",0.95454,1,andrewlee23023
144,15894587,"Hyun-woo Kim","2026-05-26 01:40:08",0.95454,10,hwkims
145,15854611,betterme12345,"2026-05-26 01:51:11",0.95454,7,betterme12345
146,15806378,"Bryson Ng","2026-05-26 02:14:11",0.95454,13,djsksbrbf
147,15810762,"Ruchir Kale","2026-05-26 03:32:03",0.95454,6,ruchirkale
148,15811150,S-as-H,"2026-05-31 02:35:05",0.95454,32,"npuerl,sasha1111"
149,15980864,"Sir Arthur Nerdolot","2026-05-28 07:04:29",0.95454,49,sirarthurnerdolot
150,15808962,"Jose M. Martinez","2026-05-26 05:59:03",0.95454,8,jmmrcp
151,15810023,"Phoneix Algorithms","2026-05-26 09:46:26",0.95454,5,"mohankrishnathalla,neelamuday,rakesh630"
152,15994889,Algorex,"2026-05-27 12:49:01",0.95454,5,daniellebagaforomeer
153,16080117,"HUANG HSUAN YA","2026-05-26 11:41:38",0.95454,10,huanghsuanya
154,16083246,"HUANG HSUAN Y","2026-05-26 11:54:02",0.95454,5,huanghsuany
155,16085090,"Ahmed Abrar Tahseen","2026-05-26 15:25:38",0.95454,1,ahmedabrartahseen
156,15808662,"Simarbir Singh Sandhu","2026-05-26 16:47:30",0.95454,32,simarbirsinghsandhu
157,16073998,"shivam #2","2026-05-26 19:15:42",0.95454,2,shivam2811
158,15980060,Kuhnkuhn,"2026-05-27 01:43:58",0.95454,3,kuhnkuhn
159,15972159,"Andrei Voinea","2026-05-30 13:33:24",0.95454,28,andreiv0
160,16030733,Amit393,"2026-05-29 02:34:41",0.95454,12,amit393
161,15940741,Davereinfach,"2026-05-27 14:39:22",0.95454,24,davereinfach
162,15812835,"Code by Nadiia","2026-05-27 16:40:26",0.95454,20,codebynadiia
163,15807916,"Joy Boy","2026-05-27 17:16:35",0.95454,5,arpitsingh2744
164,16095041,"Jaideep Padhi","2026-05-28 20:10:30",0.95454,8,jaideepsaipadhi
165,16097529,yuka,"2026-05-28 05:09:58",0.95454,2,yuka32668
166,15990236,IEEM26_112034002,"2026-05-28 06:30:37",0.95454,3,crazyjoshua123
167,16098300,"Nafiul Islam","2026-05-28 07:32:19",0.95454,3,nafiulislam490
168,15896742,Midet,"2026-05-29 14:16:51",0.95454,13,yusuke0chiai
169,16101337,Kirderf,"2026-05-30 21:55:03",0.95454,12,kirderf
170,16076013,ppp_3333,"2026-05-28 19:09:19",0.95454,11,ppp3333
171,15895386,"Aadi Joshi","2026-05-28 20:29:11",0.95454,6,"aadijoshi19,kavyabhand"
172,15975415,"HoaiPhong Nguyen","2026-05-29 01:06:49",0.95454,13,hoaiphongnguyen
173,15816783,"Darsh Sodani","2026-05-29 04:03:09",0.95454,42,darshsodani
174,15837704,"Charismatic Pizza Party🍕","2026-05-29 04:36:37",0.95454,5,debugendless
175,16108115,biswajit,"2026-05-29 07:23:28",0.95454,1,biswajitnahak
176,15924062,noynkmr,"2026-05-29 08:37:35",0.95454,1,noynkmr
177,16112180,"Simon Rüba","2026-05-29 15:38:52",0.95454,4,simonrba
178,15896796,"Luсas Peterson","2026-05-29 17:08:19",0.95454,24,lukaspeterson
179,16113905,IEEM_112034051,"2026-05-30 05:26:13",0.95454,12,linshangyan
180,15854662,Norizo90125,"2026-05-30 00:23:45",0.95454,58,norizo90125
181,16113540,"Mark Gorelik","2026-05-31 02:45:04",0.95454,19,randomguy12
182,15803948,"Muhammad Firdaus","2026-05-30 05:59:34",0.95454,8,ldausl
183,16117477,IEEM26_112034027,"2026-05-30 09:42:39",0.95454,3,claire62131
184,16117372,"Riddy Mazumder","2026-05-30 07:19:48",0.95454,1,riddymazumder
185,15815350,"Karnakbayev Artur","2026-05-30 09:51:55",0.95454,3,karnakbaevarthur
186,15908137,"SINGLE CATBOOST ONLY","2026-05-30 15:19:40",0.95454,70,obosrish
187,15812467,IEEM26_112034054,"2026-05-30 10:09:49",0.95454,11,s112034054
188,15827363,"⸻AgentZZ ⸻","2026-05-30 13:00:00",0.95454,58,agentzz
189,15915556,"Manav Trivedi","2026-05-30 13:15:37",0.95454,6,manavtrivedi
190,15996106,mariotrsn,"2026-05-31 02:08:45",0.95454,24,mariotrsn
191,16110291,"Osamah Sarraj","2026-05-31 05:37:26",0.95454,12,osraj0
192,15915747,"Kushal Khemani","2026-05-30 16:16:47",0.95454,28,kushalkhemani09
193,16042806,IEEM26_110034059,"2026-05-30 16:25:33",0.95454,19,shark1008
194,16065116,IEEM26_112034026,"2026-05-30 16:45:24",0.95454,18,yyyy112
195,15881893,CYT,"2026-05-30 16:45:40",0.95454,4,cynthiachiucyt
196,16056302,sssssssssz,"2026-05-31 04:53:38",0.95454,25,linzssss
197,15814291,"Berkay Özkan","2026-05-30 17:21:10",0.95454,35,berkayzkan
198,16072192,"Mirza Milan Farabi","2026-05-30 17:10:28",0.95454,1,mirzamilanfarabi
199,15928108,"Octavi Grau","2026-05-30 17:31:38",0.95454,14,octaviograu
200,16125589,lchijkk,"2026-05-30 19:27:23",0.95454,2,ronima
201,16017920,"Tasniem N. Alyahya","2026-05-30 20:53:38",0.95454,8,tasniemnasser
202,15878817,"Muhammad Ibrahim Qasmi","2026-05-30 22:40:26",0.95454,2,ibrahimqasimi
203,15955183,"Yaroslav Kalinin","2026-05-31 03:07:28",0.95454,2,yaroslavkalinin
204,16116408,hirosesesese,"2026-05-31 03:58:08",0.95454,14,hirosesesese
205,15803766,"Seungjun Lee","2026-05-31 00:55:26",0.95454,33,seungjunleeofficial
206,15838961,IEEM26_111034003,"2026-05-31 05:13:05",0.95454,70,lurayaimonitor
207,16120946,"Makar Rogovik","2026-05-31 05:35:22",0.95454,18,makarrogovik
208,15988270,IEEM26_112030044,"2026-05-28 14:38:53",0.95454,25,redtimeszero
209,15996287,"David Sario","2026-05-24 23:49:24",0.95454,2,davidsario
210,15990731,"George Walker Bush","2026-05-25 03:21:19",0.95454,15,georgewalkerbush
211,16045877,iamy88,"2026-05-29 16:55:00",0.95454,14,iamy88
212,15941100,MOSS,"2026-05-25 06:58:34",0.95454,18,"ericwanghhhhh,wenhuiluo11"
213,15806155,"Nishant Raj","2026-05-27 07:37:19",0.95454,22,nishant30488
214,15877043,IEEM26_112034028,"2026-05-27 09:14:37",0.95454,10,chiang7z
215,15850967,IEEM26_112034031,"2026-05-28 13:13:03",0.95454,3,thomas940828
216,15872956,IEEM26_112034006,"2026-05-28 15:41:01",0.95454,4,ray614h
217,15847406,IEEM26_111021114,"2026-05-28 17:04:03",0.95454,4,acnologia1115
218,15976982,"Sunil Jagdish Sharma","2026-05-28 20:47:35",0.95454,3,suniljagdishsharma
219,15812416,Vux,"2026-05-29 14:12:22",0.95454,12,weiyu85
220,15841618,"Mohammed Majeed","2026-05-30 11:25:36",0.95454,9,mojjeed
221,16080098,IEEM26_112034014,"2026-05-30 14:18:07",0.95454,7,tsaohsuanyu
222,15996277,IEEM26_112034036,"2026-05-30 16:35:36",0.95454,10,hsinyu3436
223,16053300,IEEM26_112034010,"2026-05-30 17:23:18",0.95454,11,ieem26112034010
224,16006281,MalithJ,"2026-05-30 23:45:00",0.95454,19,malithjaya
225,16115389,PEROMAX44,"2026-05-31 03:00:58",0.95454,10,perorin
226,16127545,IEEM26_112034056,"2026-05-31 05:21:00",0.95454,2,winniening
227,15807327,YuAn,"2026-05-28 02:33:33",0.95454,83,yuanke2001
228,16099448,IEEM26_112034021,"2026-05-30 05:28:06",0.95454,1,acupwow
229,16057305,"David Pupăză","2026-05-30 13:36:56",0.95454,35,davidpupaza
230,16119986,L1iangChaa,"2026-05-30 13:51:09",0.95454,5,l1iangchaa
231,15816314,turtle,"2026-05-25 09:48:32",0.95454,80,itasps
232,16097837,晨辰CC,"2026-05-31 05:08:17",0.95454,25,ccyuycc
233,15898799,"Raunak Dey","2026-05-23 18:23:42",0.95454,28,raunakdey07
234,16078332,Dr_F,"2026-05-29 00:52:16",0.95454,23,algebraictopology
235,15873756,"Sahir Maharaj","2026-05-30 11:27:21",0.95454,21,sahirmaharajj
236,16006843,"Haoyuan Zhou","2026-05-24 13:40:25",0.95454,36,christmashuang
237,16065229,"shudiaoh 0910","2026-05-24 17:35:36",0.95454,1,shudiaoh
238,16057072,HEroKuma,"2026-05-27 11:42:47",0.95454,11,herokuma
239,16066664,mbscgi,"2026-05-26 12:46:59",0.95454,19,mbscgi
240,16023555,k-kuwa987,"2026-05-27 00:10:42",0.95454,83,kkuwa987
241,16084492,"Yunus Dermencioglu","2026-05-26 19:48:11",0.95454,10,yunusdermencioglu
242,16058236,PipDataScientist,"2026-05-28 14:37:53",0.95454,13,pipdatascientist
243,16089146,w d j y 123456,"2026-05-28 06:06:55",0.95454,11,wdjy123456
244,15831448,RuiFSPinto,"2026-05-30 06:02:17",0.95454,78,ruifspinto
245,15887347,nobuya,"2026-05-31 00:23:35",0.95454,75,kakiginobuya
246,15858151,IEEM26_112034012,"2026-05-28 15:58:25",0.95454,21,stevenkuo1025
247,16010455,IEEM26_112034011,"2026-05-28 16:45:53",0.95454,7,eaglechiu
248,16104880,"Kangqiao LIU","2026-05-29 23:59:45",0.95454,4,kangqiaoliu
249,16110803,"H. Ashida","2026-05-31 00:05:50",0.95454,22,hiromuashida
250,15910211,"Jacques Zhelin Zhang","2026-05-31 00:52:40",0.95454,200,jacqueszhelinzhang
251,15994371,"Patanas Gromulo","2026-05-25 00:03:50",0.95454,45,patanasgromulo
252,16024372,"Mathieu W","2026-05-27 08:09:10",0.95454,12,mathieuw
253,15819278,"Adria Ruiz","2026-05-29 15:42:41",0.95454,82,adriaruiz
254,16091087,imaeakira,"2026-05-31 04:21:57",0.95453,39,imaeakira
255,15893691,"Bhaskar Jha","2026-05-23 02:52:28",0.95453,21,bhaskarjha10
256,15870458,Moksh,"2026-05-23 04:19:36",0.95453,5,moksh067
257,16031133,Aurorcys,"2026-05-25 03:41:44",0.95453,20,aurorcys
258,15914021,mwuong,"2026-05-31 00:14:47",0.95453,23,mwuong
259,15877344,"Tingjin Liu","2026-05-27 07:30:20",0.95453,18,tingjinliu
260,15813836,goodpjw2008,"2026-05-23 10:20:34",0.95453,34,goodpjw2008
261,16012744,"Aishwarya Chandrasekhar","2026-05-26 01:04:05",0.95453,9,stoicaish
262,16059446,William178,"2026-05-24 03:40:13",0.95453,6,william178
263,15955058,fukangzhang9,"2026-05-28 11:53:31",0.95453,47,fukangzhang9
264,15946909,IEEM26_111021120,"2026-05-30 11:35:15",0.95453,6,eewang2004
265,16031583,"Christos Prapas","2026-05-28 08:15:19",0.95453,46,christosprapas
266,15807727,nbhk,"2026-05-29 14:46:17",0.95453,74,msmnbhk
267,16116139,Sparklary,"2026-05-30 04:07:55",0.95453,9,shadowin
268,16118495,IEEM26_111030038,"2026-05-30 13:22:50",0.95453,4,jameschen1205
269,15841716,"Игорь Жаров","2026-05-30 18:40:40",0.95453,65,flexonafft
270,16125569,IEEM26_112030014,"2026-05-30 21:59:26",0.95453,2,lchijk
271,15804191,Sample,"2026-05-25 06:40:47",0.95453,41,kacchanwriting
272,15999292,"Ryan Tolone","2026-05-27 20:31:06",0.95453,13,ryantolone
273,15925630,"Vadim Borisov","2026-05-22 14:53:26",0.95453,26,hireme
274,16008313,"Tony Fish","2026-05-30 22:43:37",0.95453,21,xz1vby
275,16054065,"Alvin Li","2026-05-30 03:24:32",0.95453,43,alvinli0412
276,15931084,"Kaggle Agent","2026-05-24 00:09:48",0.95453,23,jiweiliu
277,15814861,(◡_◡),"2026-05-25 07:21:34",0.95453,52,nawfeelrahman1124444
278,15811059,"Adam Vajda","2026-05-20 10:45:20",0.95453,149,vajdad4m
279,15803926,Jorgen9B,"2026-05-28 20:15:55",0.95453,39,jorgen9b
280,16006384,"Nikita Berezyuk","2026-05-23 17:02:52",0.95453,10,nikitaberezyuk1991
281,15998770,"leaf zinc","2026-05-19 04:35:03",0.95453,15,leafzinc
282,15818282,Trimut,"2026-05-28 17:31:09",0.95453,25,tamannaji
283,15803813,Jimmer_KNAI,"2026-05-25 13:53:52",0.95453,105,przemysawonr
284,15957247,"Skye Xu","2026-05-26 03:23:49",0.95453,81,skyekh
285,15803838,Antonoof,"2026-05-30 18:02:10",0.95453,3,antonoof
286,15925051,"weihao huang2004","2026-05-23 10:37:09",0.95453,71,weihaohuang2004
287,15991922,zhouruiyang,"2026-05-31 03:33:48",0.95453,22,zhouruiyang
288,15803763,"Muhammad Hassan Saboor","2026-05-30 02:26:43",0.95453,50,mhassansaboor
289,15993953,MIutrix,"2026-05-21 10:40:16",0.95453,23,miutrix
290,15922340,"Tanishq Parihar","2026-05-21 07:41:20",0.95453,7,tanishq51
291,15925900,"Dfe Shah","2026-05-21 10:48:41",0.95453,28,dfeshah
292,15844679,ManavRajpal,"2026-05-21 13:24:43",0.95453,58,"manavrajpal,manavrajpal1"
293,15818030,"Cameron Magari","2026-05-28 04:01:20",0.95453,42,cameronmagari
294,15841113,Goalseek,"2026-05-29 02:37:03",0.95453,7,shambhu112
295,16045219,"Chloe Lee","2026-05-21 22:39:34",0.95453,1,baytree1238
296,15842848,dapanng,"2026-05-22 04:12:02",0.95453,57,"dapanng,zs79hf"
297,16049036,MICADEE,"2026-05-22 11:00:04",0.95453,1,adegladius
298,16049317,"Mrutyunjay Joshi","2026-05-22 11:59:42",0.95453,1,mrutyunjayjoshi
299,16052296,tanmaypatil510,"2026-05-23 07:11:34",0.95453,18,tanmaypatil510
300,16112281,"Rajan Nagarajan","2026-05-30 17:58:34",0.95452,7,narajan
301,16054758,tanmay58,"2026-05-23 07:47:10",0.95452,3,tanmay58
302,15863516,Aloy,"2026-05-30 21:29:57",0.95452,49,storywithaloy
303,16013010,Wang1749716369,"2026-05-24 12:20:17",0.95452,25,wang1749716369
304,15805080,"Arko Bera","2026-05-28 06:12:12",0.95452,32,cartoonistbeard
305,16021674,Kali,"2026-05-20 05:15:03",0.95452,7,rittwikbhowmick123
306,16051164,"AHMET YILMAZ","2026-05-22 18:07:15",0.95452,5,ahmetyilmaz2579
307,16016551,"Ashok bharadwaj","2026-05-20 05:03:39",0.95452,21,ashokbharadwaj
308,16012211,Router,"2026-05-19 08:00:07",0.95452,6,routera
309,15819531,GeorgiyAbramov,"2026-05-19 09:38:07",0.95452,7,georgiyabramov
310,15809574,Safarbek,"2026-05-19 10:44:01",0.95452,22,safar1
311,15944570,Kalyan,"2026-05-20 04:17:33",0.95452,43,kalyankkr
312,15906028,"JUNQIANG HUANG","2026-05-20 06:16:26",0.95452,17,junqianghuang
313,16033041,cctv07,"2026-05-20 13:53:28",0.95452,2,cctv07
314,15837487,"Ram Janam Yadav","2026-05-20 16:38:13",0.95452,20,ramjanamyadav
315,16061512,zheyeshiceshi,"2026-05-24 08:21:04",0.95452,10,zheyeshiceshi
316,16001181,Narendra2809,"2026-05-20 10:23:17",0.95452,4,narendra2809
317,15857918,IEEM26_112034046,"2026-05-30 16:37:58",0.95452,14,wuwenchen112034046
318,16029483,Rithik_anand_2812,"2026-05-20 04:44:15",0.95452,1,rithikanand2812
319,15938003,klo000,"2026-05-25 07:31:44",0.95452,3,klo000
320,16032800,goethe,"2026-05-20 13:11:53",0.95452,1,goetheyh
321,15950999,StephenNedumpally,"2026-05-20 16:17:18",0.95452,4,stephennedumpally
322,15854349,nybbler,"2026-05-29 09:44:49",0.95452,42,nybbler
323,15913491,GorbunovTeam,"2026-05-20 05:03:44",0.95452,26,"daniilkrasnovvv,stanislavilin2026ai"
324,15841735,Jason,"2026-05-30 03:21:36",0.95452,24,zhehoo
325,15815916,Kyr1ll,"2026-05-29 16:27:35",0.95452,14,kyr1ll
326,16110336,Chriz,"2026-05-29 13:25:35",0.95451,3,chrisopherjoshy
327,15941205,#_Untitled,"2026-05-30 22:15:42",0.95451,9,"abhay544,mahamadsadiq542,siddalingrugi545"
328,16061657,starlovelmj,"2026-05-24 10:24:16",0.95451,8,starlovelmj
329,15809256,"Sarvesh Chhetri","2026-05-30 15:43:37",0.95451,41,sarveshchhetri
330,16001770,kohei-mu,"2026-05-28 15:21:04",0.95451,42,koheimuramatsu
331,15967379,kris.py_yum,"2026-05-30 13:42:47",0.95450,45,krisuj
332,15901623,JM,"2026-05-28 08:59:15",0.95450,78,julianmukaj
333,15825329,"Sujal Neupane","2026-05-29 13:09:41",0.95450,45,neupane9sujal
334,15912567,ezreal77,"2026-05-21 02:02:07",0.95450,13,ezreal77
335,15844560,Hanashiro_Anzu,"2026-05-28 13:44:07",0.95450,47,hanashiroanzu
336,16017304,Vassil.1104,"2026-05-19 02:43:01",0.95450,5,vassil1104
337,15929465,PrtkPiyush,"2026-05-18 21:32:07",0.95450,3,prtkpiyush
338,15894355,"Saivedant Hava","2026-05-18 21:33:41",0.95450,41,saivedanthava
339,15814660,"Svanik Kolli","2026-05-19 12:35:49",0.95450,62,svanikkolli
340,15893114,"Ameen Jazara","2026-05-19 02:08:06",0.95450,9,ameenjazara
341,16012701,"Max Verstappen Fan","2026-05-19 05:17:34",0.95449,11,bibisorobabydjon
342,15882214,"Harshank Matkar","2026-05-25 22:06:14",0.95449,23,harshankmatkar
343,15943023,renji_starfall,"2026-05-17 15:07:53",0.95449,9,degnonguidi
344,15820068,github/shepsci/kaggle-skill,"2026-05-17 16:57:50",0.95449,5,shepscientific
345,15806039,"Sreejit Pradhan","2026-05-17 19:47:05",0.95449,24,sreejitpradhan
346,15895661,"Ali Afzal","2026-05-18 06:50:20",0.95449,9,aliafzal9323
347,15912009,"Koustubh B Kulkarni","2026-05-19 16:09:16",0.95449,3,koustubhbkulkarni
348,15877320,Tien-Thinh,"2026-05-19 09:33:14",0.95449,23,tienthinh
349,15847353,"Sudhanshu Tiwari","2026-05-25 09:50:55",0.95449,2,sudhanshu1st
350,16119526,"ma 127","2026-05-30 22:40:13",0.95449,8,ma1166mu
351,16007337,"Anjan Mahapatra","2026-05-18 04:15:11",0.95449,3,anjanmahapatra007
352,15981164,"Abhishek Panda","2026-05-23 08:15:21",0.95449,10,abhishekpanda4313
353,15971919,iYiiiL,"2026-05-18 15:27:19",0.95449,6,iyiiil
354,15987577,RVK,"2026-05-20 16:30:34",0.95448,4,rahulvks
355,15918610,idkuma,"2026-05-18 14:17:55",0.95446,9,"idkuma,xiayaru"
356,15914853,"Leong Jian Sing","2026-05-17 04:43:58",0.95446,2,leongjiansing
357,15814088,"Trupolog Helper","2026-05-17 01:47:14",0.95446,29,trupologhelper
358,16041221,"F1 Pro driver","2026-05-30 18:13:34",0.95446,1,"dulayutlaungsunton,suriyenkongtip"
359,16045245,"Justin Tang","2026-05-25 05:37:00",0.95445,3,justin2009
360,15915734,"Ankur Manikandan","2026-05-15 17:57:31",0.95444,51,ankursg8
361,15805809,AshishSinghRawat,"2026-05-29 06:13:23",0.95443,45,rawashishsin
362,15868328,"Akshan Krithick","2026-05-28 22:35:14",0.95441,109,akshankrithick
363,16093814,WangAuspicious,"2026-05-28 05:56:48",0.95441,1,wangauspicious
364,15851477,"WK Lee","2026-05-17 20:02:18",0.95441,21,wk6286
365,15803964,"V XAVI","2026-05-27 21:08:06",0.95440,17,xx1263
366,16074606,"Factual Explorer","2026-05-31 03:32:11",0.95440,23,factualexplorer
367,15806632,kobby_,"2026-05-30 20:44:29",0.95439,4,sylvesterdalmeida
368,15820269,IMIargot,"2026-05-30 21:05:27",0.95438,25,imiargot
369,15954140,"Aryan Sarswat","2026-05-22 15:50:00",0.95437,39,aryansarswat
370,15994965,RenataLi,"2026-05-16 21:50:40",0.95437,5,renatali
371,15899083,"Ishimori Yusuke","2026-05-16 14:53:14",0.95437,6,ishimoriyusuke
372,15854551,"Dunni Olu-Ajayi","2026-05-23 21:57:47",0.95437,19,oluwadunnioluajayi
373,15836512,"Андрей Савельев","2026-05-17 19:27:46",0.95437,39,quatlify
374,15988507,"Joakim Arvidsson","2026-05-16 19:27:55",0.95437,4,joebeachcapital
375,15985065,MichelleDataSci,"2026-05-15 23:50:32",0.95437,9,michelledatasci
376,15821922,"tom c tea","2026-05-15 23:26:45",0.95437,26,tomctea
377,15924569,Untitled,"2026-05-24 05:53:33",0.95437,12,siddalingrugi
378,15856654,chuan-chih,"2026-05-16 10:34:50",0.95437,24,meowlu
379,15913362,Gaurav9711,"2026-05-16 11:33:19",0.95437,2,gaurav9711
380,15852282,沈奇233,"2026-05-16 14:51:41",0.95437,1,sqqs123
381,15986328,"Desrinath B","2026-05-16 18:30:00",0.95437,10,desrinathb
382,15810108,Marcos,"2026-05-30 10:50:55",0.95436,205,marcosmuozgonzlez
383,15900674,SoloSid69,"2026-05-15 05:10:23",0.95436,42,solosid69
384,15814041,久保兼,"2026-05-15 11:18:03",0.95436,7,kuboken
385,15912490,"WANG DONGYANG","2026-05-16 01:27:35",0.95436,64,wangdongyang
386,15808136,"Mizushima Toshihiko","2026-05-27 23:59:59",0.95435,165,mizushimatoshihiko
387,15808397,"Oskar Seweryn","2026-05-16 13:14:42",0.95435,11,oskarseweryn
388,15850003,"Md Abdul Al Hasib","2026-05-17 16:57:04",0.95433,2,mdabdulalhasib
389,16013570,IEEM26_112034048,"2026-05-19 06:10:32",0.95433,9,joanne1n
390,15827646,Ramesh888,"2026-05-16 12:11:26",0.95433,17,ramesh888
391,15803849,automatylicza_KNAI,"2026-05-14 16:10:17",0.95432,43,automatylicza
392,15851437,姚迪斐,"2026-05-17 08:36:37",0.95432,3,yaodifei
393,15974210,dosomethingbetter,"2026-05-14 16:27:21",0.95431,10,dosomethingbetter
394,15819621,"Abhignyan Sonowal","2026-05-18 16:30:09",0.95431,13,abhignyansonowal
395,15949508,"[Deleted] fdc15986-4b9d-4b71-a80a-a349951771a0","2026-05-14 08:53:21",0.95431,2,del=8bac4bb9c2d86392
396,15868332,kun_hail,"2026-05-14 12:11:26",0.95431,14,kunhail
397,15953546,"Jimin Wang","2026-05-14 01:25:17",0.95431,1,jimmy987654
398,15873975,Harshith_vh,"2026-05-15 03:46:05",0.95431,10,harshithvh
399,15969333,ygfvg111,"2026-05-14 11:44:18",0.95431,2,ygfvg111
400,15810501,TommyPhan4848,"2026-05-20 15:15:13",0.95431,8,tommyphan4848
401,16059202,"Ali Sobhi Zewiany","2026-05-25 09:19:27",0.95430,15,alizewiany
402,15973720,JordyDavel,"2026-05-30 22:23:31",0.95427,29,jordydavel
403,15838709,Lin.Chen,"2026-05-11 13:18:36",0.95427,33,alonegg
404,15922366,"PRASHANT SHUKLA91","2026-05-18 04:34:36",0.95427,5,prashantshukla91
405,15831649,"Dalia Mowafy","2026-05-30 20:42:36",0.95426,32,daliamowafy7
406,16106174,"Arnav Kewalram","2026-05-31 01:49:59",0.95426,18,arnavkewalram
407,15803768,epiktetos,"2026-05-23 02:56:20",0.95425,25,epiktetos
408,16059512,edisonmbli,"2026-05-30 15:20:03",0.95425,56,edisonmbli
409,15875911,"Mert Bayraktar","2026-05-13 23:20:40",0.95425,4,mertbayraktar
410,15832850,"Gerald Schwartz","2026-05-27 17:39:08",0.95423,8,geraldschwartz
411,15912999,HAMZA,"2026-05-23 14:34:25",0.95421,12,mhamza0810
412,16002215,susutem,"2026-05-25 12:06:08",0.95421,7,susutem
413,15836118,jingle2026,"2026-05-25 12:32:52",0.95421,46,jingle2026
414,15902089,"Arbaaz Khan115555","2026-05-11 09:33:07",0.95420,3,arbaazkhan115555
415,15816058,"Bulşah Keçici","2026-05-19 15:00:45",0.95419,120,bulsahkecici
416,15894823,"Xinghao Wang","2026-05-13 07:14:53",0.95419,19,wangxinghao0718
417,15934695,"Kushal Khemani #2","2026-05-13 12:14:00",0.95419,15,kushalkhemani
418,15803845,"Sung Heo","2026-05-30 22:41:32",0.95419,77,kmmmvs
419,15841143,"Aditya Singh","2026-05-12 05:11:26",0.95419,7,adityasingh157735
420,15931914,"Damian Hill","2026-05-12 19:10:12",0.95419,10,hilldamian
421,15947221,Smii7y,"2026-05-13 18:43:32",0.95419,8,brainded46
422,15877461,tuko_tanzwoo,"2026-05-17 16:52:28",0.95419,17,tukotanzwoo
423,15812171,"Sairaj Adhav","2026-05-14 10:20:21",0.95419,61,sai10py
424,15807681,"Selim Halykov","2026-05-09 15:00:41",0.95419,3,selimhalykov
425,15860394,"Muhammad Atif","2026-05-21 14:01:48",0.95419,16,"atifkhan12,mumtazahmadmaitla"
426,15805761,bhaskar9221,"2026-05-12 00:36:14",0.95419,35,bhaskarkumar11
427,15858717,"Han Xiao","2026-05-10 06:14:34",0.95419,5,hanxiao8080
428,15814497,"Dávid Kolumber","2026-05-15 13:43:15",0.95419,5,davidkolumber
429,15921992,kylereid,"2026-05-11 19:59:23",0.95419,13,lordcorwinofamber
430,15928409,MPFPS,"2026-05-11 13:55:59",0.95419,10,manojmandal
431,15836175,"Shubham Yadav","2026-05-12 07:21:46",0.95419,8,shubhamyadav2004
432,15939521,"Vandana Shindhe","2026-05-12 14:21:36",0.95419,2,"kirthij,vandanashindhe"
433,15942673,"Ishan Bojja","2026-05-16 21:12:04",0.95419,6,ishanbojja
434,15944533,"Yanshu Patel","2026-05-13 04:26:32",0.95419,1,yanshupatel
435,15945333,"keerti pawar","2026-05-13 06:43:44",0.95419,1,"darshanjannu,keertipawar"
436,15929939,"Sukamal Bagui","2026-05-17 08:34:47",0.95419,4,sukamalbagui
437,15937061,ShayanRez,"2026-05-17 17:16:25",0.95419,5,shayanrez
438,15946672,"Abhay Ishwarappa Nadagaddii","2026-05-13 09:09:26",0.95419,3,abhayn44
439,15820330,"Danil Kutsy","2026-05-13 10:32:04",0.95419,1,daniilkutsy
440,15811278,"Arda Çiftçi","2026-05-10 08:34:55",0.95419,70,ardaciftci
441,15898436,"Payal Dhokane","2026-05-10 10:28:58",0.95419,6,payaldhokane
442,15873740,"Mahamad Sadiq Mujawar","2026-05-11 06:14:04",0.95419,11,mahamadsadiqmujawar
443,15807892,"Umair Zia","2026-05-14 11:14:21",0.95419,5,stealthtechnologies
444,15827915,"Akiyoshi Kinoshita","2026-05-30 05:15:09",0.95419,9,satokin13m
445,15881436,Wolfram_Kxs,"2026-05-09 06:40:08",0.95418,16,wolframkxs
446,15903726,GluePickel,"2026-05-09 01:41:41",0.95418,7,gluepickel
447,15812691,"Maher el Ouahabi","2026-05-15 10:00:56",0.95417,69,maherelouahabi
448,15803847,GyoGyoCat,"2026-05-21 02:00:45",0.95417,25,gyogyocat
449,15883932,"Bertan Pank","2026-05-31 00:11:11",0.95417,6,bertanpank
450,15892527,noahrolandd,"2026-05-10 20:00:14",0.95417,5,noahrolandd
451,15999259,"Alex Makuch","2026-05-17 06:49:54",0.95417,1,alexmakuch
452,16057278,河瀬蒼央,"2026-05-31 04:57:52",0.95416,14,aomaru07
453,15871412,"KYUNGMIN SHIM","2026-05-12 21:16:57",0.95416,29,kyungminshim
454,15937718,"Dahye Choi","2026-05-31 05:42:47",0.95415,59,dahyech
455,15865876,chezz,"2026-05-10 16:56:21",0.95414,18,chezeoff
456,15831768,hipotures,"2026-05-31 00:24:25",0.95413,290,hipotures
457,16044329,QiuShi,"2026-05-24 07:28:48",0.95413,17,beaulo0
458,15814339,Will,"2026-05-30 11:07:39",0.95412,29,wguesdon
459,15887704,"Jaime Souza","2026-05-08 09:07:49",0.95412,19,jaimenms
460,15899894,"Master Teo","2026-05-08 19:01:38",0.95412,10,sirteo
461,15883992,wuxi,"2026-05-11 02:57:54",0.95412,6,wuxi223
462,15886112,"Akshay Balaji","2026-05-12 09:02:36",0.95412,10,mrakshaybalaji
463,15900757,"Alper Ugurcan","2026-05-08 18:24:04",0.95411,1,alperugurca
464,15841350,"Pravin Takpire","2026-05-29 01:39:16",0.95410,34,pravintakpire
465,15853260,Samarth3000000,"2026-05-08 03:38:51",0.95410,27,samarth3000000
466,16009949,"Anas Khan,pm[p","2026-05-18 08:55:37",0.95409,1,anaskhanpmp
467,16012956,"sarath prathap","2026-05-30 23:16:23",0.95409,22,sarathprathap
468,15863618,nEO,"2026-05-30 16:27:44",0.95409,20,neoterics
469,15894385,lytCNAORevision2018,"2026-05-08 06:45:46",0.95409,2,lytcnaorevision2018
470,15803922,"Abdulrahman Ragheb","2026-05-26 23:45:58",0.95409,30,abdulrahmanragheb
471,15803800,cigdembal,"2026-05-26 20:27:43",0.95409,35,cigdembaloglu
472,15805326,lbrownnash,"2026-05-30 17:30:28",0.95408,58,lbrownnash
473,16060604,"Evgeniy Molozhenko","2026-05-24 06:12:37",0.95407,2,molozhenko
474,16084587,楊子禾_112034044,"2026-05-28 18:11:41",0.95407,13,cartonyang
475,16112393,"Koyashiki Mao","2026-05-29 16:02:55",0.95407,1,koyashikimao
476,16086411,Pierrax,"2026-05-31 00:05:09",0.95407,11,pguillemin
477,15859609,"Farrukh Ismoilov","2026-05-26 12:32:46",0.95407,1,fismoilo
478,15875524,"Wosheng Deng","2026-05-07 14:46:16",0.95407,2,woshengdeng
479,15875977,"Mudit Chaturvedi","2026-05-06 14:16:09",0.95407,7,muchat007
480,15878229,charmy444,"2026-05-06 18:08:32",0.95407,1,charmy444
481,15857781,"Arkat Khassanov","2026-05-08 22:38:53",0.95407,6,arkatkhasanov
482,15824023,dsafdsaf132,"2026-05-10 08:34:23",0.95406,55,dsafdsaf132
483,16067754,"saketh baddam","2026-05-30 04:01:42",0.95405,50,sakethbaddam
484,15877884,"Artem Shamshin","2026-05-06 17:50:02",0.95405,1,helaxxx
485,15880165,"Maguluri Naveen","2026-05-07 00:30:51",0.95405,1,magulurinaveen
486,15810535,"carol christian poell","2026-05-06 22:36:18",0.95404,17,dxeeeee
487,15827677,"Halo Kitty","2026-05-07 08:07:07",0.95404,14,liudalang
488,15810576,サポタン,"2026-05-29 04:01:20",0.95403,159,sapotan
489,15856234,"Aleesha Nadeem","2026-05-07 13:51:29",0.95403,2,nalisha
490,15891498,"Yash Sharma","2026-05-07 23:50:18",0.95403,1,yashsharma42
491,15811850,Sakayuya,"2026-05-08 02:19:33",0.95403,8,sakayuya
492,15899059,bouganvillea,"2026-05-08 14:23:58",0.95403,1,bouganvillea
493,15916358,"Hrishikesh Dhuri","2026-05-20 18:52:19",0.95403,1,hrishikeshdhuri19
494,15814417,"Ayush Gupta","2026-05-18 20:05:12",0.95402,13,ayush500
495,15839423,"Yusaku Muroya","2026-05-31 01:59:30",0.95402,15,ymuroya47
496,15837907,MakiMakiAi,"2026-05-06 06:33:19",0.95402,29,makimakiai
497,15831024,OverfitOracle,"2026-05-05 10:54:47",0.95402,2,alisalmanrana
498,15895716,mcathala,"2026-05-30 08:17:38",0.95402,21,mcathala
499,15809510,"Enis Teper","2026-05-05 16:32:13",0.95402,24,enisteper1
500,15881707,maronist,"2026-05-29 03:56:29",0.95401,6,emikonandate
501,15808896,s1rotan,"2026-05-30 15:51:10",0.95401,19,s1rotan
502,15895240,putiye,"2026-05-23 06:58:07",0.95401,19,putiye
503,15839004,BlamerX,"2026-05-29 21:39:00",0.95399,29,blamerx
504,16061349,xiaohaozheshi,"2026-05-24 08:02:36",0.95398,10,xiaohaozheshi
505,15888175,Chen,"2026-05-26 00:00:31",0.95397,27,nk7260ynpa
506,16087286,bucw3at,"2026-05-31 00:38:56",0.95397,13,bucw3at
507,16052497,JackGong,"2026-05-22 23:10:02",0.95397,4,jackgong
508,15999797,"Who am I?","2026-05-19 04:24:55",0.95397,1,lopure
509,15824207,"Nidish SR","2026-05-14 17:28:54",0.95397,3,nidishsr
510,15892031,"SHO KANEKO","2026-05-21 02:20:08",0.95397,18,"aikawatetsuya,shokaneko"
511,15814938,SergeyN1942,"2026-05-27 16:14:49",0.95396,134,sergeyn1942
512,15803789,Yui,"2026-05-26 23:19:21",0.95395,14,yui0729
513,15839507,"Dhanush Sai","2026-05-21 07:22:02",0.95394,11,dhanushsai11
514,15824313,"Makoto Aimura","2026-05-10 01:03:04",0.95394,32,makotoaimura
515,15827074,"Gorakh Nath Singh","2026-05-25 11:48:59",0.95394,6,gorakhnathsingh
516,15905584,sycqbz,"2026-05-11 11:07:15",0.95393,6,sycqbz
517,16070035,KritiDoneria,"2026-05-25 12:26:58",0.95392,1,kritidoneria
518,16104862,"Gustavo Quevedo","2026-05-29 01:52:47",0.95391,2,gustavoquevedo94
519,16017131,Jayhawk1900,"2026-05-27 14:01:34",0.95390,22,jayhawk1900
520,16054890,"YUSUKE HIKIDERA","2026-05-24 14:55:42",0.95390,5,yusukehikidera
521,15940204,lryyyyyyy,"2026-05-15 03:03:47",0.95389,21,lryyyyyyy
522,15859739,"John Mitchell","2026-05-21 13:52:10",0.95389,12,jbomitchell
523,15818354,"Baseer Shah","2026-05-06 12:38:00",0.95388,13,baseershah
524,15850026,mlhoffmann,"2026-05-07 13:58:26",0.95388,18,mlhoffmannsouza
525,15828779,"Arjun Madaan","2026-05-05 02:03:34",0.95388,1,juniam
526,15856608,Yash,"2026-05-07 07:24:17",0.95388,2,yashdev01
527,16044058,Priyanshu_1Mittal,"2026-05-29 16:03:41",0.95388,19,priyanshu1mittal
528,15841664,"Croft Adams","2026-05-19 06:10:13",0.95387,115,croftadams
529,16014653,IEEM26_112030010,"2026-05-30 06:44:49",0.95385,2,hectorchiu
530,16048154,__ron1n97,"2026-05-23 12:18:28",0.95384,15,ron1n97
531,15945455,Scio,"2026-05-26 05:16:50",0.95384,37,siamrahman29
532,15904500,"Mohammad Ghafourian Nasiri","2026-05-11 18:32:24",0.95383,8,mghnasiri
533,15919383,Vcity_01,"2026-05-19 08:39:22",0.95382,38,vcity01
534,15913519,Kagglegoose001,"2026-05-09 19:47:32",0.95379,1,kagglegoose001
535,15942179,"Vaishnavi Dalal","2026-05-12 20:43:24",0.95376,10,sweetu11
536,15868579,Subaru486,"2026-05-07 06:37:44",0.95372,9,subaru486
537,15814227,"Paweł Kauf","2026-05-29 19:51:04",0.95371,24,pawelkauf
538,15917369,lightning,"2026-05-10 09:18:47",0.95370,1,lightning001
539,15950167,cccy0721,"2026-05-29 02:46:55",0.95370,10,"cccy0721,leeyoucai,lovec919somuch"
540,15986419,Herohito,"2026-05-29 22:20:53",0.95369,6,aangphurba
541,15955298,小等等,"2026-05-29 03:03:54",0.95368,1,atwelve
542,15910603,gggggggdw,"2026-05-14 13:36:54",0.95367,7,gggggggdw
543,15809505,"Komil Parmar","2026-05-05 15:12:42",0.95366,47,komilparmar
544,16063471,"Mihir Mathur","2026-05-25 06:55:50",0.95366,2,themihirmathur
545,15814869,Gaoxingjian,"2026-05-05 01:51:29",0.95365,1,berdyansk
546,15839537,"Mengfei Li","2026-05-05 09:37:58",0.95365,20,meli19
547,15803901,"Cristian Guzman Urrutia","2026-05-06 15:25:30",0.95363,24,cristianguzman
548,15812458,"Srikant Shubham","2026-05-16 11:47:59",0.95362,62,srikantshubham
549,15838321,harsh@gurnani08,"2026-05-11 12:35:32",0.95359,13,harshgurnani08
550,16043734,チャン・タケ,"2026-05-22 17:06:35",0.95357,6,atsushitakeoka
551,15932506,Goose,"2026-05-30 21:43:09",0.95357,2,missscarlett
552,15846340,"Zhou Di","2026-05-04 12:27:27",0.95357,10,judyyyyyy333
553,15804341,zantetsu,"2026-05-06 08:58:19",0.95357,13,zantetsu
554,15805348,summer_coders,"2026-05-04 16:35:24",0.95356,6,"imrancoder786,muhammaddanyalmalik"
555,15820983,"youich wada","2026-05-10 21:29:06",0.95356,1,youichwada
556,15806959,WanYunkai,"2026-05-13 05:36:37",0.95356,2,wanyunkai
557,15839772,"Nico Varas","2026-05-19 09:49:48",0.95356,23,nvaraschin
558,15845962,"Tadahiro Asami","2026-05-13 13:08:48",0.95355,1,tadahiroasami
559,16050622,Hanyuuuuu,"2026-05-26 00:41:32",0.95355,3,hanyuuuuu
560,15878863,_Kiruru,"2026-05-08 20:56:38",0.95355,2,kirurupoko
561,16056432,akmonymous,"2026-05-26 08:59:29",0.95355,9,anantamanoranjan
562,15826815,"[QWERTY] Roman Rozen","2026-05-03 21:26:09",0.95354,18,romanrozen
563,15929862,Kabyik,"2026-05-17 09:43:53",0.95354,6,kabyik
564,15902512,lmao44,"2026-05-13 09:06:57",0.95353,20,lmao44
565,15832144,"Andrei Paulavets","2026-05-09 20:01:28",0.95352,7,andreipaulavets
566,15903857,"Shuheng(Andy) Cao","2026-05-10 16:26:44",0.95352,18,shuhengcao
567,15824684,SpringDai,"2026-05-11 04:09:07",0.95351,28,springdai
568,15859323,"Yataro Tamura","2026-05-05 10:05:47",0.95350,1,yatarotamura
569,15803762,Maxim,"2026-05-05 18:00:48",0.95349,8,ektarr
570,16060232,"YuanChang Zhang","2026-05-25 02:30:41",0.95348,11,apricity1
571,15854572,"LEVAN KANKADZE","2026-05-08 04:14:04",0.95346,12,synchrocyclotron
572,15804484,Keisuke_kaggle,"2026-05-24 10:34:35",0.95341,107,keisukekaggle
573,15803814,Linter,"2026-05-05 18:45:57",0.95341,30,"monikakorzus,siemakpogrom"
574,15808579,Funguscakehead,"2026-05-19 07:42:32",0.95341,7,funguscakehead
575,16002823,"Farhan Alam","2026-05-26 16:13:17",0.95340,30,frozen09
576,15803751,"Pilkwang Kim","2026-05-28 12:12:26",0.95337,21,pilkwang
577,15803894,minoneko,"2026-05-03 09:12:39",0.95337,14,"catwangjl,liokin,lolitalop"
578,15812116,NatSwamin,"2026-05-28 00:23:20",0.95335,9,natswamin
579,16058840,bsenst,"2026-05-23 20:32:01",0.95335,1,bnzn261029
580,15819216,"ahmed Maalej","2026-05-02 16:58:23",0.95334,5,truthminer
581,16102125,PedroAVG,"2026-05-29 23:56:03",0.95333,15,pedroavg
582,15840708,UrsuSean,"2026-05-24 20:09:18",0.95332,69,seanvc
583,15818600,"Huzaifa Mankda","2026-05-12 18:16:08",0.95331,32,huzaifa242
584,15842338,"Gajanan Barve","2026-05-04 13:25:57",0.95331,2,gajananbarve
585,15811957,"Giovanni Marco Dall'Olio","2026-05-31 01:01:15",0.95331,35,dalloliogm
586,15824695,@luke,"2026-05-23 15:10:36",0.95328,59,loukaspritsas
587,16057442,"maria nadeem","2026-05-23 17:59:11",0.95327,1,marianadeem755
588,15817324,TboneBrown,"2026-05-03 10:41:02",0.95327,6,tbonebrown
589,15912367,Febin,"2026-05-17 06:29:16",0.95321,24,iamfebin
590,15923623,"Ang, Ellison Matthew S.","2026-05-22 10:26:47",0.95319,8,ellisonmatthewang
591,15839840,"Hongbin Guokaggle","2026-05-25 05:20:21",0.95319,69,hongbinguokaggle
592,15931159,"jasper pittam","2026-05-23 08:15:14",0.95315,22,jasperpittam
593,15812016,"Mohamed Sadok Aissaoui","2026-05-02 11:35:38",0.95314,7,mohamedsadokaissaoui
594,15803761,"Lakhindar Pal","2026-05-02 15:33:54",0.95314,7,lakhindarpal
595,15803790,CEM,"2026-05-02 19:12:29",0.95314,6,cemy01
596,15803822,yunsuxiaozi,"2026-05-15 04:45:22",0.95309,2,yunsuxiaozi
597,15992857,tim.zph,"2026-05-16 14:31:51",0.95309,1,timzph
598,15812122,Specter,"2026-05-29 11:01:12",0.95309,74,akwuiwuebube
599,15810595,"Vasya E","2026-05-27 06:19:59",0.95304,41,vasiliie
600,15820343,Ole-Jakob,"2026-05-23 08:07:43",0.95303,146,olejakobrosenvold
601,15804653,Sam,"2026-05-25 05:28:58",0.95303,25,beartrader
602,15814750,"Rob Schieber","2026-05-06 18:31:32",0.95301,27,robschieber
603,15919758,"Lynn Pigott","2026-05-11 10:48:59",0.95296,17,lynnpigott
604,15888310,"Oguz Enver Uzan","2026-05-11 16:24:59",0.95295,2,oguzuzan
605,15804151,Timme,"2026-05-28 05:55:06",0.95290,18,timmecom
606,15933011,"yi g","2026-05-29 19:13:14",0.95289,22,eleverywfw
607,16072934,"Loai abdalslam","2026-05-31 00:43:03",0.95286,2,loaiabdalslam
608,15809865,golgo031,"2026-05-30 12:34:13",0.95286,19,golgo031
609,16001922,IEEM26_112034001,"2026-05-29 21:18:38",0.95283,2,ieem27112034001
610,15857485,a.rivero.d,"2026-05-05 07:17:14",0.95280,1,albertoriverod
611,15989010,Mira_332,"2026-05-28 05:42:06",0.95278,24,ichiiohno
612,15834709,Frank_LH,"2026-05-03 13:37:59",0.95273,8,franklh
613,15805444,kava1,"2026-05-28 02:51:29",0.95272,73,ichirohippo
614,16098494,"Piotr Obiegły","2026-05-30 07:27:38",0.95272,17,piotrobiegly
615,16056697,"Tannmay Yadav","2026-05-28 11:43:48",0.95272,27,fullmetal26
616,15813108,"Ivan Guschin","2026-05-30 15:22:42",0.95271,38,ivanguschin
617,15808553,"varad vaste","2026-05-29 14:34:03",0.95270,54,varadvaste
618,15828335,"Viktor Pavidlov","2026-05-04 21:16:24",0.95270,5,viktorpavidlov
619,15804505,raccoonForest,"2026-05-14 07:51:00",0.95266,24,gkanamoto
620,15879315,s0673468,"2026-05-16 19:33:57",0.95263,40,s0673468
621,15879376,"Vyacheslav Shen","2026-05-11 17:17:59",0.95261,3,vyacheslavshen
622,15956146,yakitori55,"2026-05-20 05:35:24",0.95260,31,yakitori55
623,15881110,"Baasil Pasha","2026-05-15 18:29:02",0.95260,1,baasilatron
624,15819777,Learners,"2026-05-06 15:39:49",0.95259,43,"wiembr,zaouiyassine"
625,16125027,"AbdUlaziz Mohammed","2026-05-30 18:33:56",0.95258,1,i0nlyaziz
626,15804604,daoviet,"2026-05-07 16:02:00",0.95256,33,daoviet
627,15891635,"m-toshi desu","2026-05-08 23:14:16",0.95256,3,mtoshidesu
628,16061934,xerkey,"2026-05-30 19:44:54",0.95256,29,xerkey
629,15953341,joinus,"2026-05-24 13:52:16",0.95255,1,joinus2003
630,15977923,Mihome,"2026-05-23 03:21:07",0.95248,2,mihome
631,16032249,Elwqnn,"2026-05-31 03:18:57",0.95247,26,"brieucmevel,elwqnn"
632,16032105,Kabali,"2026-05-26 18:43:40",0.95247,3,"kowshiksaravanan,rsathish05"
633,15803764,"Дворкин Евгений Владимирович","2026-05-30 14:55:59",0.95244,72,evgendvorkin
634,15803825,Yoshitomo,"2026-05-31 01:00:41",0.95244,121,tomomikajiuchi
635,15882375,HamHyeok,"2026-05-29 05:00:29",0.95243,2,hamseunghyeok
636,16092199,zeyan0823,"2026-05-29 08:53:11",0.95242,13,zeyan0823
637,15834520,"AE CS","2026-05-23 10:46:28",0.95241,12,"minhtr2401,phanhunhhng,tunlhunhanh"
638,15803824,"Trish Cornelissen","2026-05-28 23:43:35",0.95240,131,tcspecialist
639,15816112,K.Takahashi-1986,"2026-05-28 13:21:13",0.95240,52,ktakahashi1986
640,15892311,moeuuu,"2026-05-15 19:23:50",0.95236,3,moeuuu
641,15829128,"Tom Eto","2026-05-31 02:10:31",0.95236,32,tometo
642,15982894,VivekVajha2412,"2026-05-28 12:31:07",0.95236,45,vivekvajha2412
643,15812739,"Hua Li666666","2026-05-04 18:04:21",0.95234,21,huali666666
644,15958586,gougou1,"2026-05-28 07:09:49",0.95233,28,gougou1
645,16085032,Liiiiinvvv,"2026-05-27 15:13:35",0.95230,1,liiiiinvvv
646,15805230,"Rohit Kumar","2026-05-06 15:25:23",0.95229,8,rohit8527kmr7518
647,15894111,"Orion Racing","2026-05-23 16:05:55",0.95226,6,"krishang1goel,mritunjya,propar07"
648,15829394,"Vijay Takbhate","2026-05-27 14:27:58",0.95225,69,vijay20213
649,15998319,"Preston Rozwood","2026-05-17 19:55:16",0.95220,10,"prozwood,rickyberto"
650,15938412,"peixuan guo","2026-05-26 06:32:22",0.95220,16,peixuanguo
651,15903180,"Comunidad Ninja","2026-05-27 07:43:56",0.95220,21,dxfl42
652,15809110,viola81192,"2026-05-24 13:20:12",0.95219,41,viola81192
653,16023858,IEEM_111034002,"2026-05-28 21:07:22",0.95213,10,s111034002
654,15917720,"Gauresh Karwa","2026-05-18 14:29:44",0.95208,7,gaureshkarwa
655,15947287,"Gauri Aparajit","2026-05-18 14:33:26",0.95208,5,gauriaparajit
656,15810272,"Tudor Beloiu","2026-05-06 11:15:05",0.95205,26,tudorbeloiu
657,15893124,Ninym06,"2026-05-11 00:17:08",0.95201,8,ninym06
658,15822072,masaakiwatanabe,"2026-05-10 13:06:08",0.95198,26,masaakiwatanabe
659,16090639,ChrisXie,"2026-05-30 10:07:17",0.95193,7,chrisstan
660,15809630,"Ákos Pintér","2026-05-22 07:21:20",0.95190,59,kospintr
661,15833700,"jumping Stardust(JAX LIANG)","2026-05-03 03:11:13",0.95190,1,cba321
662,16000557,"Andrea Bonomi","2026-05-26 08:08:53",0.95190,19,andreabonomi
663,15923005,Ramestey,"2026-05-25 05:09:20",0.95190,42,"karina73828,ramestey"
664,15826329,"Chidambara Raju G","2026-05-25 16:13:40",0.95188,14,rajugc
665,15869676,"mouad bouaicha","2026-05-13 10:21:50",0.95185,9,mouadbouaicha
666,16115323,"Dimitrije Adzic","2026-05-30 22:17:11",0.95185,4,omadon
667,15828045,zheshilin,"2026-05-08 10:04:30",0.95178,6,zheshilin
668,15829998,"Stanislav Bochok","2026-05-28 10:20:55",0.95177,3,stanislavbochok
669,15817707,zlka,"2026-05-05 13:59:00",0.95177,12,z3lkahmet
670,15859196,"Zhou Xinhao11","2026-05-25 11:41:23",0.95176,10,zhouxinhao11
671,15812508,llorenzo,"2026-05-29 13:12:37",0.95176,22,llorenzok
672,16051044,fumi3333,"2026-05-23 14:15:01",0.95175,5,fumi3333
673,15807215,"Oscar Le","2026-05-28 15:08:20",0.95175,111,oscarletech
674,15806090,"Roshan 1285","2026-05-13 11:54:45",0.95174,19,roshan1285
675,15831302,"nick g","2026-05-10 15:28:41",0.95174,8,nicholasgg
676,15819124,"Luke Stafford","2026-05-02 06:15:23",0.95172,8,luketstafford
677,15892358,GGGlou,"2026-05-21 06:40:06",0.95172,25,ggglou
678,16018108,Shige1968,"2026-05-31 04:36:20",0.95170,15,shige1968
679,15837492,KingLong,"2026-05-30 08:41:55",0.95169,19,kinglong1
680,15804587,Goyomatsu,"2026-05-30 06:48:48",0.95168,9,hirokimori
681,15804810,mcotton,"2026-05-28 20:31:44",0.95168,29,mcotton
682,15929865,"Debayan Khan","2026-05-14 11:04:01",0.95167,3,debayankhan
683,15854196,itxtxx,"2026-05-07 17:54:53",0.95166,13,itxtxx
684,15998594,"Water ground","2026-05-31 03:53:06",0.95166,59,kyumoto
685,15868963,"Ruide Yin","2026-05-15 15:39:46",0.95166,4,ruideyindzdz
686,16042890,"Wu Qiaobin","2026-05-28 16:59:08",0.95165,9,wuqiaobin
687,15837293,"sahasri gundapuneedi","2026-05-22 06:47:50",0.95164,11,saha505
688,16119950,truephone,"2026-05-31 02:44:12",0.95163,2,truephone
689,15824801,yukishida,"2026-05-18 03:47:20",0.95161,3,yukishidaa
690,15950040,"SRI HARI VASAN","2026-05-30 06:57:52",0.95160,5,sriharivasan
691,15817951,SCRIPTCHEF,"2026-05-04 21:50:21",0.95160,9,noodl35
692,15895624,"Torgovec Alto","2026-05-19 10:56:58",0.95158,22,andreypriorov
693,15915021,河西　正寛,"2026-05-10 15:04:47",0.95158,3,masapirika
694,16019906,"David Chow","2026-05-23 07:55:11",0.95157,8,davidchow13
695,15823445,"Syed Mohaiminul Hoque","2026-05-02 05:27:57",0.95157,1,syedmohaiminulhoque
696,16037246,"Abdellah Kahlaoui","2026-05-25 11:36:02",0.95156,10,abdellahkahlaoui
697,15812202,"Sudarshan Khot","2026-05-01 20:54:52",0.95154,2,sudarshankhot
698,15820597,dukka,"2026-05-30 12:48:05",0.95153,20,onurozahioglu
699,15825778,"Patrick M.","2026-05-24 16:55:41",0.95153,14,pigenesis75
700,15809512,arno,"2026-05-29 08:00:11",0.95153,15,arnogils
701,15835337,fleure,"2026-05-03 09:19:39",0.95152,1,nelnomial
702,15863248,"Manav Modi","2026-05-07 17:15:07",0.95150,18,manavmodi4
703,15870648,"Sarthak T","2026-05-27 06:21:03",0.95149,16,lypeorge
704,15937653,"Muhammad Brian Subekti","2026-05-19 18:38:40",0.95149,2,muhammadbriansubekti
705,16005136,"James Dent","2026-05-22 14:11:38",0.95148,16,dentjai
706,15821780,"Aditya Pachpande","2026-05-08 03:32:07",0.95147,18,adityapachpande
707,15805365,"Gaurav Dutta","2026-05-24 03:54:24",0.95147,48,gauravduttaiiitb
708,16112357,gominsi,"2026-05-30 17:30:12",0.95146,9,gominsi
709,15820512,"Shiva Kintali","2026-05-04 22:24:46",0.95145,19,shivakintali
710,16121736,pomago,"2026-05-30 16:09:51",0.95145,4,pomago
711,15927288,"Jesús Sevilla Pérez","2026-05-26 15:13:46",0.95145,11,jesssevillaprez
712,15806542,"Tys TANA","2026-05-21 10:27:30",0.95144,19,tystana
713,15828407,"Ikrame Boubaker","2026-05-02 14:28:20",0.95144,3,ikrameboubaker
714,15862381,Quinterina,"2026-05-30 16:07:51",0.95143,26,quinterina
715,15834881,Stolide_anseed,"2026-05-12 16:08:43",0.95142,30,stolideanseed
716,16037080,"Kaito Ikuma","2026-05-20 23:42:28",0.95142,4,kaitoikuma
717,15827595,"Şahin Alp Akosman","2026-05-27 17:34:36",0.95140,20,sahinalpakosman
718,15848028,"Sergey Belov","2026-05-08 09:31:47",0.95140,9,exelero
719,15816408,"vogts wu","2026-05-06 17:41:18",0.95139,11,vogtswu
720,15952991,Hietan,"2026-05-27 12:59:19",0.95138,4,hietan
721,15847404,"Tanvir Sheikh","2026-05-06 12:22:50",0.95138,20,tanvirsheikh02
722,15814707,"Georgios Nikolitsis","2026-05-25 15:35:57",0.95137,147,gnikolitsis
723,15820165,"Kyung Je Jo","2026-05-02 22:25:32",0.95137,7,kyungjejo
724,15813256,STST104,"2026-05-07 18:13:11",0.95136,12,stst104
725,15807620,Akahachi,"2026-05-31 05:32:34",0.95136,14,wordcards
726,15803757,"Emanuel Lázaro","2026-05-31 03:22:03",0.95135,9,emanuellcs
727,15813765,Александр,"2026-05-05 11:53:06",0.95134,6,alekcandrr
728,15804869,"Ytachikawa ","2026-05-02 04:26:13",0.95130,18,ytachikawa
729,15812336,"Chaman Agrawal","2026-05-01 17:10:20",0.95130,8,chamanag
730,16032062,Kaala,"2026-05-28 12:26:35",0.95130,13,"kevinfranklej15,sathiyaarumugam"
731,15810664,"Jennie Wong","2026-05-01 14:53:37",0.95128,3,jenniewong23
732,15825133,"Vasiliy Tyutvinov","2026-05-07 09:06:59",0.95127,8,gol0vachlena
733,16055998,midou0119,"2026-05-27 11:46:56",0.95124,12,midou0119
734,15970105,"adithya sauu","2026-05-15 11:28:46",0.95124,3,adithyasauu
735,15942219,NeuralNerd,"2026-05-12 22:40:36",0.95121,1,adhoppin
736,15933552,Rubel,"2026-05-26 16:13:43",0.95118,25,rubel01
737,15814240,MomotokD,"2026-05-29 15:17:08",0.95118,3,momotokd
738,16036501,"A RAGHU SREE NANDAN","2026-05-26 05:43:44",0.95117,11,araghusreenandan
739,15998467,samurAI,"2026-05-20 16:59:07",0.95116,13,sametyilmaztemel
740,16092302,"Lvcheng Wang Boher","2026-05-27 23:22:58",0.95114,4,lvchengwangboher
741,15829991,Fusahiko@555,"2026-05-30 13:47:52",0.95113,70,fusahuko555fusahiko
742,16048735,"kartik pandey","2026-05-24 17:36:05",0.95113,3,kartik3pandey
743,15810316,"Luca Basanisi","2026-05-09 07:52:55",0.95112,20,lucabasa
744,15913609,"Pavel Koloyan","2026-05-09 22:26:23",0.95112,3,pavelkoloyan
745,15936958,"Devansh Patil","2026-05-20 05:16:19",0.95111,14,devanshpatil22
746,15826734,"denis kashulin","2026-05-05 13:03:20",0.95110,18,deniskashulin
747,15811238,fuyo1622,"2026-05-25 05:55:01",0.95110,140,jack10519
748,15846904,jps,"2026-05-25 15:38:00",0.95109,37,jahaziel
749,15924807,OKUKOK,"2026-05-29 16:17:13",0.95109,15,"okukok,zhidongzyr"
750,16055504,Marco99mp,"2026-05-23 14:33:08",0.95108,5,marco99mp
751,15810858,Evdilos_Ikaria,"2026-05-04 11:58:03",0.95107,12,georgem
752,16045531,"Trishanth Mellimi","2026-05-26 08:42:04",0.95107,29,trishanthmellimi
753,15870447,"Harsh Dhandha","2026-05-07 12:33:46",0.95104,2,dhandhaharsh
754,15906021,etsuko,"2026-05-25 14:29:04",0.95104,17,etsukonaganawa
755,15833794,squiffer9,"2026-05-09 04:52:33",0.95102,10,squiffer9
756,15866812,"De Marchi Fabio","2026-05-26 21:19:32",0.95101,3,obiaf88
757,15814615,"Akmal Azzam o'g'li","2026-05-31 02:20:19",0.95101,6,akmalmir
758,15862867,moyue,"2026-05-06 06:56:18",0.95100,6,jiyueguo
759,15844749,"Роман Суханов","2026-05-22 15:07:15",0.95100,22,rmkaaaa
760,16100273,IEEM26_112034016,"2026-05-31 05:39:04",0.95100,21,linhengchien
761,15811626,"Birathiban Thavarajah","2026-05-04 12:04:34",0.95098,22,birathibanthavarajah
762,16068527,FourBytes,"2026-05-25 15:09:23",0.95095,1,fourbytes
763,15883998,"Franklin Roosevelt","2026-05-19 09:33:41",0.95094,3,ddg529700
764,16056724,kosaki,"2026-05-24 05:09:48",0.95093,15,kosaki1
765,15877803,Joona,"2026-05-10 22:28:39",0.95093,4,joonalaunonen
766,15803939,"Keya Dobriyal","2026-05-18 05:50:24",0.95091,3,keyadobriyal
767,15819254,"Hunter Boles","2026-05-08 14:57:49",0.95090,3,hunterb9101
768,16010775,newlevel463,"2026-05-28 20:49:46",0.95090,46,newlevel463
769,15810589,Sofia_Gilka,"2026-05-30 20:52:53",0.95089,92,sofiagilka
770,15904567,nilochan,"2026-05-12 23:02:57",0.95088,6,nilochan
771,15943853,giangnh123,"2026-05-13 06:03:13",0.95087,6,giangnh123
772,16096066,"Semih Marufoglu","2026-05-31 00:26:35",0.95085,16,asmarufoglu
773,16006054,tsobel,"2026-05-24 19:01:19",0.95085,2,tsobel
774,15842966,Yoshi,"2026-05-09 12:50:48",0.95084,6,yoshinorisugita
775,15892987,"Rutang Patel","2026-05-25 07:24:36",0.95084,48,rutangpatel
776,15841250,theWayIAm,"2026-05-21 08:32:03",0.95084,37,thewayiam
777,15867597,chirayu816,"2026-05-06 12:10:00",0.95083,2,chirayu816
778,15803959,"Bryce Chambers","2026-05-04 07:27:02",0.95083,2,brycechambers
779,15810552,DinCaus,"2026-05-30 20:06:18",0.95083,90,dincaus
780,15868526,duck3,"2026-05-30 23:55:17",0.95082,25,take0814
781,15912726,etcnet,"2026-05-13 00:27:23",0.95082,18,shakilj
782,15803983,Naoyas418,"2026-05-01 13:26:01",0.95082,1,naoyas418
783,15919706,"Yuhei Enguchi","2026-05-13 22:40:34",0.95082,13,yuheienguchi
784,16067450,"Yoshinori Takada","2026-05-25 05:52:36",0.95081,2,is0263rf
785,15816454,"Kian Maghsoodi","2026-05-30 20:07:32",0.95079,8,kizmodo
786,15843228,yjZhao,"2026-05-06 02:27:01",0.95079,6,yajiezhao1126
787,15829769,"Tamerlan Omralinov","2026-05-20 07:01:20",0.95079,30,tamerlanomralinov
788,16002106,"Baijie Wang","2026-05-27 16:30:37",0.95077,6,baijiewang
789,15821559,"Mohamed Radwan","2026-05-02 03:49:20",0.95077,5,mhmdrdwn
790,15926579,"DONGSHU LIU","2026-05-15 15:44:41",0.95076,13,dongshuliu
791,15983189,"B Sharma_100101","2026-05-27 06:07:01",0.95076,9,bsharma100101
792,15811678,"Phạm Quốc Bình","2026-05-16 08:31:39",0.95076,6,tiesinger123
793,15807259,sayak2103,"2026-05-16 03:49:51",0.95075,25,sayak2103
794,15836487,百合かもめ,"2026-05-04 07:04:19",0.95073,6,yurikamome8160
795,15840455,"Hoang D. H.","2026-05-09 22:03:59",0.95073,5,louisrashi
796,15818466,"KEERTHI LAZARUS","2026-05-20 03:58:00",0.95073,75,keerthilazarus
797,16047593,sakuya1652,"2026-05-22 07:37:45",0.95072,3,sakuya1652
798,16012324,MrFishPL,"2026-05-19 16:30:51",0.95072,11,mrfishpl
799,15822980,McQueen🏎️,"2026-05-02 18:14:21",0.95071,6,theonetheonly
800,16094326,GOATKD-35,"2026-05-29 11:47:13",0.95070,12,goatkd35
801,15912040,"Amine MEKKI","2026-05-18 18:03:49",0.95069,24,aminemekki
802,15803772,Chovy,"2026-05-31 04:30:43",0.95069,11,chovyxu
803,15972768,natsu0529,"2026-05-27 09:47:48",0.95068,35,natsu0529
804,16121482,"Nur Srijan","2026-05-31 04:49:57",0.95068,5,nursrijan
805,15996683,"Azizbek Xasanov","2026-05-26 17:08:10",0.95068,1,azizbekxasanov
806,16001972,nlekinwala,"2026-05-17 15:01:02",0.95068,1,nlekinwala
807,15868648,"Abhineet Kulkarni","2026-05-10 05:29:53",0.95067,32,arkulkarni
808,16094366,nazeshinjite,"2026-05-28 21:31:45",0.95067,12,nazeshinjite
809,16102520,"Roger Park","2026-05-29 15:02:46",0.95067,7,rogerpark
810,15951905,ÇalıDora,"2026-05-26 16:45:48",0.95067,35,"blacksnowflake,enginakta"
811,15808822,"Jack Shumway","2026-05-03 18:48:07",0.95066,17,jackshumway
812,15966487,"Lohith Mahesh","2026-05-15 21:59:23",0.95065,18,lohithmah
813,15878488,"Abdullah Fasih","2026-05-07 10:48:28",0.95065,3,abdullahfasih
814,15820627,"Saharsh Maddi","2026-05-13 01:24:33",0.95065,5,saharshmaddi
815,15813006,"Lumy / ルミ","2026-05-01 21:28:34",0.95064,8,luminolous
816,15997183,"Mike Karp (AIUS)","2026-05-26 14:20:10",0.95063,9,mikekarpaius
817,15951288,CelinaGS,"2026-05-29 19:55:17",0.95063,18,celinags
818,16045460,QingShe,"2026-05-22 13:32:51",0.95063,3,qingshe
819,15808284,Galza98,"2026-05-04 19:26:27",0.95061,15,galza98
820,16070001,DestinyleSnowy,"2026-05-25 13:34:57",0.95061,5,destinylesnowy
821,15807746,"Alibay Alili","2026-05-20 19:47:28",0.95060,5,alibay
822,16015053,"Dave Ranola","2026-05-18 18:59:38",0.95059,3,daveranola
823,15844581,"Kushal S","2026-05-19 13:13:54",0.95058,6,kushals256
824,15854122,ArnoldRosielle,"2026-05-14 20:43:02",0.95058,23,arosielle
825,16114044,"Dmitry Mazurov","2026-05-30 22:27:27",0.95057,5,dmitrymazurov
826,15977383,"Roxd Km","2026-05-18 08:40:41",0.95057,15,roxdkm
827,15838442,"La Huy Hoang","2026-05-03 15:33:59",0.95057,3,lahuyhoang
828,16041555,"Pierre Biousse","2026-05-26 09:45:46",0.95055,13,pbcacao
829,16020692,lucasfcfj,"2026-05-20 09:10:24",0.95055,6,lucasfcfj
830,16097531,"Pramod Deore","2026-05-29 21:59:59",0.95055,9,pramoddeore
831,15830015,yalmawka,"2026-05-06 15:31:52",0.95055,30,yalmawka
832,16072982,"Rafael Gallo","2026-05-25 20:30:30",0.95054,1,gallo33henrique
833,16060758,Mayank_Singh_Rathore06,"2026-05-27 17:12:04",0.95054,6,mayanksinghrathore06
834,15843331,gizmrkv,"2026-05-07 14:02:45",0.95052,22,gizmrkv
835,15816123,"Siddhesh Sathe","2026-05-17 18:06:24",0.95052,10,sidcodegg
836,16032158,bran_89,"2026-05-29 22:26:23",0.95051,8,iwanan
837,15882142,Moonlight,"2026-05-13 02:29:58",0.95051,16,rajesh1joc
838,15818951,"Djenk Ivanov","2026-05-27 20:47:01",0.95051,7,djenkivanov
839,16061977,"Osama Abo-Bakr Khalifa","2026-05-25 09:54:48",0.95051,8,osamaabobakr
840,15873098,"Anila Bukhari","2026-05-23 09:51:26",0.95050,12,anilabukhari
841,15857892,"Anirban Das","2026-05-31 05:33:01",0.95048,8,anirbandasbit
842,15846502,"Nishant Dahal","2026-05-05 01:10:02",0.95048,2,nishantdahal
843,16116489,Roman@Ahmed,"2026-05-30 07:14:12",0.95048,3,romanahmed2024
844,16114512,ajxxcaptain,"2026-05-30 20:38:21",0.95047,9,ajxxcaptain
845,15827978,AlexandeWhite,"2026-05-07 14:12:11",0.95046,36,alexandewhite
846,15906344,ApexGP,"2026-05-11 07:39:02",0.95045,9,"duinyooou,yutaomou1"
847,15933493,ZhangBohua1,"2026-05-12 06:50:24",0.95045,2,zhangbohua1
848,15834168,"Anton Dovzhenko","2026-05-09 10:35:00",0.95045,11,adovzhenko
849,16031714,vansh850,"2026-05-30 15:23:00",0.95045,53,vansh850
850,15810753,"H. Berke Bankoglu","2026-05-25 17:31:41",0.95044,34,bankoglu
851,15828838,jackson,"2026-05-08 04:46:57",0.95043,56,jackson653
852,15916805,"Syahwiza Dean","2026-05-26 03:27:59",0.95041,127,syahwizadean
853,16092348,YitianLi1103,"2026-05-29 09:33:26",0.95040,30,yitianli1103
854,15844852,"Antoniya Atanasova","2026-05-07 18:27:18",0.95040,5,antoniyaatanasova
855,15863313,"Den Pugovkin","2026-05-16 21:19:52",0.95040,4,denpugovkin
856,15934165,"Haruto Kuroda","2026-05-16 01:06:56",0.95039,6,harutokuroda
857,16050716,nori117,"2026-05-30 15:43:31",0.95039,17,nori117
858,15837968,"Phong Khoi","2026-05-16 02:42:06",0.95038,10,phongkhoi
859,15880831,hzyz66,"2026-05-12 02:21:42",0.95038,10,hzyz66
860,15825456,"Elusive Bob","2026-05-21 21:34:02",0.95037,38,danzthedeadly
861,15871177,"Preetham Gouda","2026-05-11 12:05:49",0.95037,5,preethamgouda
862,15809348,"Satkar sarvankar","2026-05-06 13:02:26",0.95036,10,satkar003
863,15916238,卢啦啦噜啦啦,"2026-05-30 08:16:55",0.95036,40,lmj342570
864,16004439,chibarie,"2026-05-18 11:31:10",0.95036,2,chibarie
865,15816969,Tigerpiotta,"2026-05-30 18:39:41",0.95035,18,tigerpiotta
866,15943306,Maksonch1k,"2026-05-13 21:07:18",0.95035,10,maksonch1k
867,15926446,mahmudulmadu,"2026-05-23 06:32:02",0.95034,6,mahmudulmadu
868,15811101,"Đào Minh Thuấn 🎖️","2026-05-02 16:29:24",0.95034,5,thuandao
869,15838688,IEEM1110324102,"2026-05-28 06:47:31",0.95033,9,ieem1110324102
870,16083553,"Sopor Aeternus","2026-05-27 13:04:25",0.95033,9,soporaeternus
871,15951984,"[Deleted] a958510c-2858-4715-be91-9e41926b5d1f","2026-05-14 01:01:54",0.95033,6,del=8b7429e5f2f441a4
872,16034064,"Filip Mihal","2026-05-29 17:57:44",0.95033,13,chobotnicka
873,15830467,"Yinchen Hao","2026-05-29 17:15:16",0.95033,11,yinchenhao233
874,15810002,"Adwait Tagalpallewar","2026-05-29 10:12:26",0.95032,6,adwaittagalpallewar
875,16019130,"Prajin Kannan Babu","2026-05-19 18:31:41",0.95031,1,prajinkannanbabu
876,16048376,Erika,"2026-05-30 06:31:52",0.95030,62,erika3322
877,16040001,"Guoxin Wang","2026-05-23 14:18:11",0.95029,21,wgx111111
878,15804064,HunterNgBoonHian,"2026-05-01 07:50:49",0.95029,10,hunter1995
879,15887801,"Erfan Amirfallah","2026-05-30 18:33:48",0.95029,31,erfanamirfallah
880,15842037,"Ziad Roshdy","2026-05-28 21:06:46",0.95029,29,ziadzika
881,16008749,"Pratyush Arun","2026-05-30 08:41:01",0.95029,40,pratyusharun
882,15812859,"Panagiotis Katsakioris","2026-05-03 16:15:12",0.95028,9,panagiotiskat
883,15986914,"Yash Sukhdeve","2026-05-19 13:16:59",0.95028,1,yashsukhdeve
884,15922032,"Diego Lopes","2026-05-15 17:58:23",0.95028,43,datafromlopes
885,15942573,"maxence laplane","2026-05-17 00:39:05",0.95028,24,maxencelaplane
886,16058828,"Lazaro Hurtado","2026-05-25 07:32:34",0.95028,25,lazarohurtado
887,15804657,JibGaGoShibDa,"2026-05-13 14:00:04",0.95028,33,"hongjunghun,psy1009"
888,15997708,youslam,"2026-05-17 23:30:19",0.95028,1,saloumafort
889,15857145,"Simran Pun","2026-05-12 09:43:48",0.95027,9,simranpun
890,15904849,rRTZZZ,"2026-05-19 03:29:26",0.95027,12,rrtzzz
891,15810008,Blumine,"2026-05-04 11:00:27",0.95027,5,blumine
892,15825230,"mw xie653","2026-05-08 11:31:36",0.95027,45,mwxie653
893,16006361,Quadruped,"2026-05-30 01:17:46",0.95026,47,jaclyndeem
894,15837298,"Michihisa Ohara","2026-05-25 14:57:36",0.95026,47,michihisaohara
895,16108212,JSunicorn,"2026-05-30 09:32:27",0.95026,12,jsunicorn
896,16090487,IEEM26_112034062,"2026-05-27 15:40:05",0.95026,7,laurence1101
897,15883863,"Yunshan Cai","2026-05-10 05:56:49",0.95026,4,yunshan1116
898,15803771,oliver,"2026-05-29 16:27:07",0.95025,50,oliverlang
899,15806281,"MD Ibrahim Khalilullah","2026-05-26 05:04:16",0.95024,33,ibrahimkhalilullah22
900,15884958,RINGULARITY,"2026-05-08 18:00:54",0.95024,1,ringularity
901,15834842,"Parth Sarnobat","2026-05-29 18:30:59",0.95024,21,parthsarnobat
902,15948184,sswatari,"2026-05-28 08:07:29",0.95024,12,sswatari
903,15803770,"Lance Casimiro","2026-05-09 02:27:46",0.95024,4,lancecasimiro
904,15809486,Star_xinglan,"2026-05-01 06:42:28",0.95024,1,starxinglan
905,15811404,"Ali Hamza Peçenek","2026-05-26 06:12:02",0.95024,9,alihamzapeenek
906,15822957,"vijay thurimella","2026-05-31 04:08:29",0.95024,171,vijaythurimella
907,16117037,balancedaction,"2026-05-30 15:08:45",0.95024,2,balancedaction
908,15841516,"Farouk Boukil","2026-05-10 17:56:39",0.95023,9,f4roukb
909,15907579,Mrsalty,"2026-05-26 13:21:49",0.95023,5,mrsaltyx
910,15948848,WAZADOGDOING,"2026-05-27 14:42:43",0.95023,10,wazadogdoing
911,16039791,Diovolendo,"2026-05-26 08:22:44",0.95023,24,diovolendo
912,15941212,Pit_Crew,"2026-05-18 17:30:19",0.95023,17,dhananjaypatkar0
913,16028745,"Samuel Patton","2026-05-30 21:20:52",0.95023,12,samuelpatton22
914,15831122,Kawthar,"2026-05-29 01:09:32",0.95023,5,sakuno
915,15816990,Vartika_7781,"2026-05-12 20:46:19",0.95022,16,"anirudhskumar,vartika7781"
916,15818256,"Achal Jhawar","2026-05-07 12:44:33",0.95021,14,achaljhawar
917,15996164,"Tannushree Vaishnav","2026-05-17 07:26:29",0.95021,2,tannushreevaishnav
918,15904495,PaulThangNguyen,"2026-05-18 02:02:42",0.95021,6,thangnguyen33
919,15984839,"Jan Ruijgrok","2026-05-30 07:45:57",0.95021,64,piyanit
920,15892094,"HYPEE SUN","2026-05-08 01:34:43",0.95021,1,hypeesun
921,15803881,"Yunus Şahin","2026-05-04 12:29:21",0.95021,14,ysahin1
922,15917757,"Nirmal Patel","2026-05-25 14:18:13",0.95020,18,nirmalpatel02
923,15825708,notme,"2026-05-03 15:34:18",0.95019,8,ducknf
924,15804251,AidenSong123,"2026-05-02 00:05:52",0.95019,4,aidensong123
925,15840109,"Nikita Grebenshchikov","2026-05-07 07:21:30",0.95019,1,nikitagrebenshchikov
926,15811249,"cora zeng","2026-05-25 08:49:01",0.95018,10,corazeng
927,15874750,Figle,"2026-05-30 15:50:38",0.95016,8,"caitlin37,estebanfigueroa"
928,15819882,"Lucas Moraes","2026-05-22 20:25:26",0.95016,16,lucasmoraes001
929,16109951,"Sumit Praveen Miskin","2026-05-29 12:34:03",0.95016,4,"manjunath46,sumitmiskin275"
930,15878501,"Stefan Glisic","2026-05-28 18:15:11",0.95016,16,glisicstefan
931,15837456,"Viggo Kristensen","2026-05-28 08:45:15",0.95015,35,"viggokristensen,viksevik"
932,15942074,Samidullo,"2026-05-20 15:26:28",0.95014,9,karltonkxb
933,16047060,HongTaeYang,"2026-05-26 03:39:16",0.95013,26,hongtaeyang
934,15923184,schanitater,"2026-05-11 08:31:48",0.95012,1,schanitater
935,15991766,"Lingala Ganga Nithish Reddy","2026-05-16 09:55:58",0.95012,2,lnithishreddy
936,16012912,xiaoguozi,"2026-05-30 14:02:30",0.95012,6,xiaoguozi
937,15869113,Watafari,"2026-05-15 14:54:02",0.95012,9,lailythuytien
938,16030167,"Vivek Vajha","2026-05-20 06:28:49",0.95012,1,vivekvajha
939,15811598,"Akafi hirsi","2026-05-30 20:51:15",0.95011,22,akafihirsi
940,15952103,Zeusfail,"2026-05-14 22:07:36",0.95011,8,dylangallemard
941,15868552,"Lin Jianhang","2026-05-17 07:56:01",0.95011,29,linjianhang
942,15973850,"Aaron Isom","2026-05-15 19:09:01",0.95010,8,aaronisomaisom3
943,16112505,"Szymon Kłapiński","2026-05-30 16:13:03",0.95010,3,szymonkapiski
944,16048115,dragoshh1984,"2026-05-30 11:01:41",0.95010,30,dragoshh1984
945,15811768,"Aryan Chauhan","2026-05-02 15:56:18",0.95010,6,aryanchauhan97971234
946,16041376,りゆえす,"2026-05-30 04:17:53",0.95009,4,riyuesu
947,15803832,shusk31,"2026-05-01 09:57:31",0.95008,4,shusk31
948,16047840,山田理功,"2026-05-31 05:23:52",0.95007,5,"mocaluna,r1ku169,watakote"
949,15812498,"Kuba Kościan","2026-05-02 23:58:36",0.95006,9,kubakocian
950,15832329,Zuri,"2026-05-22 23:04:10",0.95004,11,jairochanduviantonio
951,15810524,"Raj Nikil","2026-05-01 18:07:32",0.95004,3,kargneq
952,15803955,"Ali Shahi","2026-05-25 04:37:12",0.95002,45,k1shahi
953,16101459,Eracado,"2026-05-29 10:10:05",0.95001,6,eracado
954,15983091,eunyyda,"2026-05-31 03:46:05",0.95001,10,eunyyda
955,16021810,"Yi Fanhan","2026-05-28 00:20:19",0.95001,1,jenniferwy
956,15832000,Kizabgd,"2026-05-22 22:24:35",0.95000,36,kiza123123
957,16047869,"Shone Kim","2026-05-26 13:36:44",0.95000,22,shonekim
958,15923731,KyleRees,"2026-05-15 02:58:06",0.95000,3,kylerees
959,15913044,"F Team","2026-05-11 14:37:05",0.94998,4,"mdabusaif48,raduansm"
960,15811570,mok,"2026-05-07 14:51:48",0.94998,7,motensor
961,16098923,"Jay Lakhupota","2026-05-30 14:49:03",0.94998,9,jaylakhupota
962,15822078,"Carson Cheng","2026-05-30 04:35:48",0.94997,7,carsoncheng
963,15804479,"Keval Shah","2026-05-01 07:19:52",0.94997,1,whokevalshah
964,15911543,"Abdullah Ijaz","2026-05-09 18:28:11",0.94996,3,abdullahijaz128
965,16086124,"ِِAmer Ziad","2026-05-26 19:33:23",0.94996,3,amer2121
966,15871590,Zz5029,"2026-05-31 02:56:19",0.94996,2,zz5029
967,15826683,AlexandeWhite912,"2026-05-07 07:38:07",0.94996,39,alexandewhite912
968,15931940,islet,"2026-05-12 23:55:31",0.94996,1,kojimar
969,16058088,"Evil Spirit05","2026-05-30 19:19:48",0.94996,15,evilspirit05
970,15921091,"Can Yilmaz","2026-05-12 09:36:35",0.94995,12,canyilmaz75
971,15913857,"Emil Pekkinen","2026-05-10 10:40:09",0.94995,2,emilpekkinen
972,16029027,"Jerome Vincent Tagaro","2026-05-29 11:51:50",0.94994,3,jeromevincenttagaro
973,15806529,"Ts. B.","2026-05-15 04:13:45",0.94993,3,tsydenovbair
974,15892919,yinfengliu,"2026-05-09 05:12:53",0.94992,11,yinfengliu
975,16064915,"johnson Chiang 26","2026-05-25 16:28:17",0.94992,4,johnsonchiang26
976,15920219,Ahmed-Elgazar.1,"2026-05-15 17:56:57",0.94992,7,ahmedelgazar1
977,15806766,"Yuka,Ota","2026-05-01 10:48:13",0.94992,1,yukaika
978,15818809,"Nick Katsarelas","2026-05-25 21:49:56",0.94991,17,nickkatsarelas
979,15817252,"[Deleted] ccabe0c7-41a8-4765-b22b-f48b5820dca6","2026-05-14 15:27:23",0.94990,23,del=5d31571f5e516763
980,16039906,zwm_aaaaaa,"2026-05-26 09:23:01",0.94990,3,zwmaaaaaa
981,16103704,"David Cohen ","2026-05-30 19:05:55",0.94990,4,davidco1
982,15910887,"kutay dogan","2026-05-13 06:40:25",0.94989,4,kutaydogann
983,15842827,"Ivan Arreola","2026-05-13 02:54:48",0.94988,1,ivanarreola
984,15878644,"[RU] Nikita Kuznetsov","2026-05-25 09:18:55",0.94988,42,nikitakuznetsof
985,15894432,"Simon Vestvik (simonito)","2026-05-08 13:02:37",0.94988,2,simonvestviksimonito
986,15881850,"CHARLES LEE","2026-05-11 23:42:57",0.94987,12,cwlee1124
987,16044442,aryan_soni1,"2026-05-22 12:22:39",0.94987,2,aryansoni1
988,15803758,GurSimran,"2026-05-30 18:41:31",0.94987,23,gurseeon
989,15846379,K.Nagase,"2026-05-27 00:16:03",0.94987,21,kntkjtr
990,15886948,heraoRH,"2026-05-10 08:47:53",0.94986,7,heraorh
991,15917321,porply,"2026-05-10 12:08:38",0.94986,1,porply
992,15908867,"Lvov Stanislav","2026-05-09 11:18:27",0.94986,1,tickflag
993,16104549,"Rudra Bedekar","2026-05-29 13:39:37",0.94985,3,rudrabedekar
994,15807764,stpete_ishii,"2026-05-03 02:52:48",0.94985,12,stpeteishii
995,15981135,"Nikolay #2","2026-05-28 11:19:07",0.94985,1,nikolaykrd
996,16029886,sampujya,"2026-05-21 06:12:02",0.94985,6,sampujya
997,16024790,"Chase Bonfiglio","2026-05-20 15:34:17",0.94985,8,chasebonfiglio
998,15882554,"J Kartiwa @ G","2026-05-26 09:41:45",0.94984,3,jkartiwa
999,15931774,"Jiahui Qu","2026-05-12 02:06:03",0.94984,6,qujiahui
1000,16046724,pkltime1043,"2026-05-29 17:09:32",0.94984,6,pkltime1043
1001,15806041,Punyak,"2026-05-25 18:16:11",0.94983,77,punyakdei
1002,15932819,liyanrong48,"2026-05-12 03:05:55",0.94983,1,liyanrong48
1003,15917786,seckin,"2026-05-29 12:54:20",0.94983,4,seckinadali
1004,15995931,"Micha den Heijer","2026-05-24 11:00:08",0.94983,27,michadenheijer
1005,16101002,"Hack Descent","2026-05-30 19:04:54",0.94982,21,"chrisgeorgeshibu,galimanishkumar,varunkarthikbalaji"
1006,15819040,"Thabang Mphela","2026-05-26 16:48:36",0.94982,36,thabangmphela0401
1007,16064437,Makeryyy,"2026-05-25 20:44:52",0.94982,14,makeryyy
1008,15907900,"Mike Madani","2026-05-29 22:40:00",0.94982,4,mikemadani
1009,16005343,"Matt Hods","2026-05-20 21:41:58",0.94982,5,matthods
1010,16030837,"Kristian Anastasia","2026-05-20 12:24:09",0.94980,1,kristiananastasia
1011,16044482,"Jason Liu","2026-05-30 02:32:28",0.94980,14,jason71995
1012,15813355,goichang,"2026-05-02 07:09:10",0.94979,4,goichang
1013,15810421,zzhhhh13,"2026-05-01 14:00:11",0.94979,5,zzhhhh13
1014,16079083,"Masaaki Nabeshima","2026-05-28 09:47:26",0.94978,3,masaakinabeshima
1015,16003223,lli289.git,"2026-05-19 17:53:15",0.94977,7,lli289git
1016,15807230,"Clébio Júnior","2026-05-30 01:03:27",0.94977,58,juniorcl
1017,15805246,fffxide,"2026-05-01 10:32:08",0.94975,5,fffxide
1018,15849959,"moustafa Yuri","2026-05-09 13:29:57",0.94974,24,moustafayuri
1019,15847394,"Hariom Singh","2026-05-06 10:26:20",0.94974,7,hariomsingh06112001
1020,16037135,"lionel W509","2026-05-27 16:18:39",0.94974,17,lionelw509
1021,16063042,JJAnawat,"2026-05-25 16:12:43",0.94972,1,jjanawat
1022,16001947,wangyuhan_why,"2026-05-24 14:21:23",0.94971,24,wangyuhanwhy
1023,15987375,Arjun,"2026-05-18 15:01:18",0.94971,3,arjunchidambaram
1024,15829100,yaehana_n,"2026-05-06 12:10:33",0.94970,15,yaehana
1025,15910279,PrivatePieceRec,"2026-05-16 12:13:32",0.94970,17,privatepiecerec
1026,15814129,"julia lipka","2026-05-09 10:17:20",0.94970,17,julialipka
1027,15866736,"Rafael h. Rebelo","2026-05-29 21:01:17",0.94970,8,rafaelhrebelo
1028,15992185,Spdore,"2026-05-19 09:42:42",0.94969,7,spdore
1029,15805145,"vedant pol","2026-05-28 06:51:08",0.94969,22,vedantpol
1030,15948383,"ANJALI DOGRA","2026-05-16 12:37:04",0.94969,9,anjalidogra
1031,15906621,"Saketh Sreeram","2026-05-10 05:38:49",0.94969,1,ramystic
1032,15911362,leonxiix,"2026-05-10 02:43:41",0.94968,2,leonxiix
1033,16027104,TANSUN1,"2026-05-21 15:54:18",0.94968,6,tansun1
1034,16050634,kimikini,"2026-05-24 00:32:08",0.94968,13,"hanlingzheng,kimikini"
1035,15909764,NikuradzeDmitry,"2026-05-09 16:22:22",0.94968,6,nikuradzedmitry
1036,15879096,KacpiPL,"2026-05-07 09:10:17",0.94968,7,kacpipl
1037,15827853,"Alexey Ermolaev","2026-05-20 09:12:06",0.94968,17,alexeyermolaev
1038,16052513,"Hugo Ponce","2026-05-24 19:19:51",0.94967,4,hugoskn
1039,15892479,しょうげん,"2026-05-22 02:24:38",0.94967,3,shogen8192
1040,16061433,"paolo testa","2026-05-25 10:10:16",0.94967,2,paolotesta0001
1041,15812659,Rae,"2026-05-02 15:20:50",0.94966,6,raeventkaul
1042,15938553,"Mohamed Waseem21","2026-05-13 04:43:24",0.94965,14,mohamedwaseem21
1043,16021134,土田陸斗,"2026-05-30 09:21:16",0.94964,22,tsuchidarikuto
1044,15843316,hoang001,"2026-05-26 04:02:21",0.94963,5,hoang001
1045,16061976,Ramen,"2026-05-29 03:53:57",0.94963,14,sadatch
1046,15816651,AaravDeLegend,"2026-05-11 12:42:28",0.94962,27,aaravdelegend
1047,15817048,"Yousef Turk","2026-05-02 06:52:52",0.94962,2,yousefturk
1048,16080152,WuWisdom,"2026-05-28 19:23:08",0.94961,4,wuwisdom
1049,15806550,"Steve Sojan","2026-05-15 11:58:54",0.94961,22,stevesojan
1050,16030776,"Foucault de Jerphanion","2026-05-27 11:42:13",0.94960,18,foucaultdejerphanion
1051,16038108,cccchensy,"2026-05-23 16:07:32",0.94958,3,catgirlprpr
1052,15908017,"Paulo Álvaro","2026-05-09 09:36:54",0.94958,6,pauloalvaro
1053,15811543,"Maram Ali","2026-05-02 11:47:11",0.94957,2,msama01
1054,15841026,"Safak Atakan Celik","2026-05-26 10:13:44",0.94957,2,safakatakancelik
1055,15834810,"Yogesh Kardile","2026-05-19 06:53:54",0.94957,5,yogeshkardile
1056,15890610,"Mohamed Darwish","2026-05-10 14:18:09",0.94956,10,darwish1337
1057,16012232,rauminoodles,"2026-05-28 21:30:42",0.94956,3,rauminoodles
1058,15808309,"Not Real42","2026-05-06 07:45:56",0.94956,13,notreal42
1059,15820413,Satoshi,"2026-05-05 10:57:32",0.94955,13,satoshisumiriko
1060,16014600,"Akhil Kosuri","2026-05-19 13:42:30",0.94955,10,akhil838
1061,15830930,"Darko Androcec","2026-05-13 12:38:50",0.94954,30,dandrocec
1062,15815365,juliencst,"2026-05-04 16:34:24",0.94954,4,juliencst
1063,15914661,Br0k3nS0u1,"2026-05-20 19:03:17",0.94954,23,br0k3ns0u1
1064,16011341,ckaushik,"2026-05-27 10:52:48",0.94954,6,ckaushik
1065,15883529,yuzz,"2026-05-29 13:47:48",0.94953,5,yuzz212
1066,16044187,HkHk2Prod,"2026-05-31 01:21:09",0.94953,27,hkhk2prod
1067,16043046,"Deeraj Kumar","2026-05-24 09:12:24",0.94951,6,deerajkumarjjjj
1068,15829870,Valourman,"2026-05-03 12:07:28",0.94951,8,valourman
1069,15880042,SOONHANKWON,"2026-05-18 02:02:04",0.94951,80,soonabletv
1070,15833149,"Daniel Chang","2026-05-03 08:04:49",0.94950,5,danielchang01
1071,15812265,Markus.JM,"2026-05-16 15:43:46",0.94950,2,maiernator
1072,15913509,"Safal Singh","2026-05-10 18:08:41",0.94950,7,safalsingh
1073,15848395,umomuoi,"2026-05-06 22:54:42",0.94950,10,artemstalnoy
1074,15951826,Gigrise,"2026-05-14 14:54:51",0.94949,10,gigrais
1075,15880576,Aki,"2026-05-26 04:11:42",0.94949,47,akihorikawa
1076,15814666,"SHUBH SETH","2026-05-30 10:51:26",0.94948,45,sethshubh
1077,15866790,"Stephen Tarter","2026-05-12 15:46:45",0.94948,2,stephentarter
1078,15813129,"Szwajcar ","2026-05-29 11:28:27",0.94948,6,szwajcar
1079,15855330,"krist pun","2026-05-24 06:19:17",0.94947,6,kristpun
1080,15947539,"Thomas Carpentier","2026-05-27 11:45:47",0.94947,7,thomascarpentierr
1081,15816329,"Ahmet Kağan Koral","2026-05-20 10:21:48",0.94947,26,kagankoral
1082,15853214,Alexdruso,"2026-05-09 11:48:34",0.94946,13,alessandrosanvito
1083,16036460,WonderWomen2017,"2026-05-21 18:55:44",0.94946,3,wonderwomen2017
1084,16013766,"Aaditya Vardhan","2026-05-19 07:42:55",0.94946,3,aadityavardhan
1085,15813191,"Євген заремба","2026-05-04 06:09:50",0.94945,12,djoniblack
1086,15826426,"Mubashir Ul Hassan","2026-05-02 14:05:46",0.94945,2,mubashirulhassan00
1087,15892144,"Mitsuaki Inoue","2026-05-31 04:54:07",0.94944,33,mitsuakiinoue
1088,15880086,"Klenn Dungaran","2026-05-28 02:22:09",0.94944,3,klekzee
1089,15837437,Karan,"2026-05-30 20:16:37",0.94944,20,teamaker
1090,15817973,Marineeee,"2026-05-06 10:09:36",0.94944,32,marineeee
1091,16026454,aditya83743,"2026-05-19 19:43:22",0.94943,1,aditya83743
1092,15857992,"Patrice MAZEL","2026-05-06 10:35:47",0.94942,5,patricemazel
1093,16104584,"Egor Volokitin","2026-05-29 00:54:27",0.94942,1,egorvolokitin
1094,15816332,"ham chicchi ","2026-05-02 08:15:12",0.94942,3,hamchicchi
1095,16117229,"Narmatha R","2026-05-30 16:23:41",0.94942,3,naru16
1096,15814576,Viginem,"2026-05-05 10:58:39",0.94942,11,vighneshpawaskar
1097,15857810,tuannm3812,"2026-05-24 00:21:05",0.94941,5,tuannm3812
1098,16072985,Pinkleton73,"2026-05-30 18:32:31",0.94940,20,pinkleton73
1099,15920365,nenatalich,"2026-05-17 16:34:01",0.94940,4,nenatalich
1100,15994776,"Mikhail Baryshev","2026-05-22 11:07:42",0.94940,6,mikhailbaryshev
1101,15906454,"TAI SHUO","2026-05-11 05:36:09",0.94939,8,taishuo
1102,15829119,"CHARHBILI Moad","2026-05-09 06:31:26",0.94937,12,charhbilimoad
1103,16011686,"Himanshu Singh","2026-05-27 17:53:28",0.94937,17,himanshusingh004
1104,16115330,kolawole,"2026-05-30 11:58:30",0.94937,9,kolawole13303
1105,15867700,"Andre Neil","2026-05-06 02:04:36",0.94937,3,andrenpc
1106,15883267,"Ayush Shekhar","2026-05-30 21:20:14",0.94937,48,ayushshekhar56
1107,15816641,"Kawish Hassan","2026-05-03 11:14:03",0.94937,6,kawishhassan
1108,15851324,Zhenrui.Weng,"2026-05-29 04:06:27",0.94936,16,zhenruiweng
1109,15931535,"Cameron Harris","2026-05-13 00:50:30",0.94936,9,cameronharriscloud
1110,16058777,brainwaveml,"2026-05-23 20:52:55",0.94936,2,brainwaveml
1111,15989863,"Yusuf Öztop","2026-05-17 17:00:03",0.94936,2,yusufztop
1112,15908906,"Ali Shaxn","2026-05-11 18:28:53",0.94935,4,alishaxn
1113,16007870,"Hao Men","2026-05-19 06:28:14",0.94935,3,haomen2
1114,15894225,Harry,"2026-05-20 02:18:17",0.94935,13,harrytsjan
1115,15895526,"Somsubhro Metya","2026-05-16 15:39:20",0.94934,38,somsubhrometya
1116,15832572,Leander,"2026-05-05 22:37:28",0.94934,16,lenny2905
1117,15915852,Hall4jm,"2026-05-13 00:20:40",0.94934,16,hall4jm
1118,16095052,"Vraj Patel","2026-05-28 07:44:46",0.94934,7,mrstrange2903
1119,16002681,"Adhiraj Jagtap","2026-05-21 18:21:54",0.94933,4,adhirajjagtap
1120,16125743,"Thiebaut Schirmer","2026-05-30 21:12:05",0.94933,1,thiebauts
1121,15898861,Gianvito,"2026-05-21 13:46:40",0.94933,6,gianvitonesca9
1122,16084390,"lulu done","2026-05-28 12:38:51",0.94933,8,luludone
1123,15983608,"Soumyadeep R12","2026-05-15 12:21:13",0.94932,1,soumyadeepr12
1124,15860584,ershan23,"2026-05-06 04:34:45",0.94932,6,ershan23
1125,15811744,carbodiamond,"2026-05-23 17:48:52",0.94931,22,carbodiamond
1126,15867133,"Andrade Claudio","2026-05-06 01:48:16",0.94930,5,andradeclaudio
1127,15948615,SLpeaunt,"2026-05-15 05:00:11",0.94929,7,slpeaunt
1128,15978326,"Fares Rafat","2026-05-25 21:02:21",0.94929,25,faresrafat
1129,16045046,"Jose Lopez","2026-05-24 02:49:39",0.94928,11,joselopezx
1130,15834539,"Katsuhisa Abe","2026-05-27 00:15:07",0.94928,13,abekatsu
1131,15812113,hzr111,"2026-05-30 04:37:07",0.94927,24,hzr111
1132,15811782,haukesteffen,"2026-05-05 21:11:12",0.94927,6,haukesteffen
1133,16024185,"Yousef Zaghloul","2026-05-20 07:47:37",0.94927,5,yousefzaghloul
1134,15846457,Hello39,"2026-05-17 05:21:52",0.94926,18,hello39
1135,16098041,IEEM26_111034046,"2026-05-28 08:06:26",0.94926,1,billyyuu
1136,15852837,"Zihao Fan","2026-05-11 14:19:38",0.94926,26,fzh0919
1137,15812232,rotation921,"2026-05-11 12:59:42",0.94925,18,rotation921
1138,16076621,"Praneeth Paikray","2026-05-28 13:27:06",0.94924,14,paiky1995
1139,15954082,"suda nobuto","2026-05-26 07:41:44",0.94924,9,sudanobuto
1140,16071944,"Manjil Budhathoki","2026-05-25 10:57:53",0.94924,2,manjilbudhathoki
1141,15829500,Gaberli,"2026-05-03 05:42:54",0.94923,1,gaberli
1142,16082946,"Amalio Gomez","2026-05-26 16:55:09",0.94923,2,amaliogomez
1143,15908646,"Aleksandr Makhov","2026-05-30 22:39:54",0.94922,35,aleksandrmakhov
1144,15811301,"Kemal Musab Dayioglu","2026-05-24 08:37:21",0.94921,9,kemalmusabdayioglu
1145,15815994,"Gabriel Guzman","2026-05-12 23:00:03",0.94921,7,ggguzm
1146,15877248,GCarnovale,"2026-05-12 14:01:43",0.94920,5,gcarno
1147,15809197,"Prabhat Agnihotri","2026-05-27 16:35:42",0.94920,31,pls1999
1148,15854356,SuryatejaDevarako,"2026-05-05 02:02:35",0.94920,2,suryatejadevarako
1149,15909758,"Dmitrii K","2026-05-30 08:17:19",0.94920,7,spacesurfer
1150,15816828,yalpha,"2026-05-02 16:10:09",0.94918,2,yusukeimura
1151,16013113,"Tanco CC","2026-05-22 11:32:30",0.94918,6,tancocc
1152,15948724,Ryota_macho,"2026-05-17 09:53:06",0.94918,3,ryotamacho
1153,15905229,chuyichen,"2026-05-23 11:25:11",0.94918,28,"chuyichen516,renj89"
1154,15872084,肖健峰嗯,"2026-05-15 14:11:41",0.94918,7,xiaojianfeng137
1155,16065372,"Ishaan Agarwal","2026-05-30 11:25:30",0.94916,34,ishaanagarwal03
1156,15936448,dimension2,"2026-05-25 16:56:36",0.94916,7,dimension2
1157,15811186,"Gary Hess","2026-05-06 11:23:48",0.94916,23,garbo999
1158,16030646,"Boris-Andrei Pavel","2026-05-20 08:36:02",0.94915,3,borisandreipavel
1159,16055459,"KENTA OGAWA","2026-05-30 14:05:24",0.94915,9,kentaogawa
1160,15812544,"Himanshu Saini","2026-05-09 17:20:15",0.94915,8,"gowthamsunny1617,himanshu6588"
1161,15913511,Pranay,"2026-05-25 06:26:48",0.94915,11,pranay9565
1162,16054970,"Dhruv Bhadhotiya","2026-05-24 08:35:41",0.94915,4,dhruvbhadhotiya
1163,15886561,pure1213,"2026-05-12 08:24:41",0.94914,6,pure1213
1164,15998561,TatsuPro23,"2026-05-17 07:25:27",0.94914,9,tatsuyaarai4444
1165,15833955,IEEM26_112034008,"2026-05-25 06:07:14",0.94914,13,leeyukuan10
1166,15920772,BOCHIDIGM,"2026-05-11 04:33:44",0.94914,4,bochidigm
1167,15838939,SkibidiUzbek,"2026-05-30 17:23:17",0.94914,6,dummkopf
1168,15885898,"Daman Deep","2026-05-09 06:59:50",0.94914,8,damn101
1169,15931421,"Niels Peter Kroon","2026-05-14 13:41:47",0.94913,14,nielspeterkroon27
1170,15817711,"Ryan McGreevy","2026-05-16 16:14:12",0.94911,9,ryanmcgreevy
1171,16065701,"Vaibhav Kubasad","2026-05-30 18:09:04",0.94911,9,"namanakalwadi,shraddhabs,vaibhavkubasad"
1172,15836450,"Abhyudai Tiwari","2026-05-08 05:57:31",0.94911,23,abhyudaitiwari
1173,15905838,Beets_007,"2026-05-17 14:33:41",0.94911,9,beets007
1174,15817047,Gabiru,"2026-05-02 01:00:36",0.94910,7,gabrielott
1175,16051415,"Thomas W","2026-05-31 00:42:15",0.94909,14,thomaswesthead
1176,15920014,nemoirisgurl,"2026-05-14 07:14:21",0.94909,20,nemoirisgurl
1177,15820848,"Douglas Marques","2026-05-12 18:06:52",0.94909,6,tatudoug
1178,16060961,"Chica Chan","2026-05-26 16:41:31",0.94908,2,chicachan
1179,16054855,BlueFlame202,"2026-05-31 04:28:20",0.94908,35,aathreyakadambi
1180,16010343,"Viraj Bulugahapitiya","2026-05-25 10:58:38",0.94907,5,amanthaviraj
1181,15933440,"Sampath kumar Ponduru","2026-05-17 05:23:06",0.94907,7,sampathkumarponduru
1182,15810193,"Emircan Güneş","2026-05-01 12:52:01",0.94906,1,emircansoftware
1183,16003904,"Hartej Sahni","2026-05-27 15:54:33",0.94906,18,hartejsahni
1184,15840034,カオウカイ,"2026-05-03 16:51:38",0.94906,3,kevinocc
1185,16118246,Somni,"2026-05-30 14:18:58",0.94906,4,twilight057
1186,15976470,fizzahabdullah,"2026-05-24 17:28:39",0.94906,1,fizzaha99
1187,15843200,"MAJJJ VINAY KUMAR","2026-05-11 06:16:03",0.94905,4,majjjvinaykumar
1188,15856315,"احمد ڤقرول رادزي نوردين","2026-05-05 06:32:27",0.94905,1,pakerole1985
1189,15809907,"Mohamed Abdelhay","2026-05-19 15:35:10",0.94905,10,mohamedabdelha7
1190,16006062,"Sean Pritchard","2026-05-27 23:04:45",0.94905,14,seanpritchard
1191,15814255,"Jim Gruman","2026-05-09 22:29:44",0.94904,13,jimgruman
1192,15931104,RicardoLópez,"2026-05-12 13:35:44",0.94904,4,richi2489
1193,16011799,THe_vK,"2026-05-19 10:46:04",0.94904,2,thevk3
1194,15903685,parijit,"2026-05-28 22:16:17",0.94903,18,parijit
1195,15811636,simplecar,"2026-05-04 13:32:07",0.94903,2,simplecar
1196,15868329,"chen Jack12","2026-05-06 07:37:02",0.94902,10,"chenjack12,sylfilic"
1197,16047850,N_ha,"2026-05-31 00:19:13",0.94902,11,nha1050
1198,15884223,"Dawoon Jung","2026-05-18 04:11:07",0.94902,5,noowad0418
1199,15822120,kroffske,"2026-05-05 00:09:36",0.94902,7,theraff
1200,15819389,"Keith Fernandes12","2026-05-05 01:38:47",0.94900,3,keithfernandes12
1201,15843146,AidenKim98,"2026-05-07 05:48:50",0.94900,5,aidenkim98
1202,16041810,Ibaina,"2026-05-23 19:24:18",0.94900,3,ibaina
1203,16004067,julienpepin,"2026-05-18 15:01:08",0.94900,2,julienpepin
1204,15829893,"Emir Akdogan","2026-05-02 22:27:31",0.94900,3,ahmetemirakdogan
1205,15875161,bolobolome,"2026-05-08 12:01:04",0.94900,15,"bolobolome,liuzhien"
1206,15811990,"mariko f.","2026-05-30 23:58:51",0.94899,97,marikof
1207,15836601,HiroYas,"2026-05-10 02:38:36",0.94899,19,yashiro0
1208,16051799,"Jeff Butt","2026-05-29 21:28:48",0.94899,5,jeffbutt
1209,15875123,"EIAMIN HASSAN","2026-05-07 18:37:55",0.94898,4,eiaminhassan
1210,16032431,IEEM26_112034007,"2026-05-29 18:58:17",0.94897,50,huangikai
1211,15917963,poco34,"2026-05-27 14:59:59",0.94897,9,poco34
1212,15945859,"Ziyang Zhou","2026-05-13 09:51:27",0.94897,1,ziyangzhou81
1213,15806266,J.,"2026-05-28 19:18:56",0.94896,24,xjoannax88
1214,16022021,"Ivan Jung","2026-05-27 01:05:31",0.94896,10,ivanjung301
1215,16039557,"McLovin It","2026-05-30 09:46:58",0.94895,11,"anmolchouksey,siddhantsamdariya"
1216,15827797,"Sonal Shinde","2026-05-02 14:49:46",0.94895,3,sonalshinde123
1217,15885061,"Rishuv Gorka","2026-05-15 10:29:04",0.94895,6,rishuvgorka
1218,16047423,laijunyu,"2026-05-22 12:22:44",0.94894,6,laijuny
1219,15981647,Sakura,"2026-05-18 07:59:31",0.94893,5,sakura134
1220,15977897,"Dingwen Kong","2026-05-15 08:21:12",0.94893,5,dingwenkong
1221,15904050,"Mark Leonchik","2026-05-26 23:16:38",0.94893,4,jamescarlson121
1222,16045142,acyyl,"2026-05-22 14:29:45",0.94892,4,assil22
1223,15999927,"Mohit Balachander","2026-05-17 15:27:37",0.94892,1,mohitbalachander
1224,15893154,"Jaival Chauhan","2026-05-12 15:40:58",0.94892,8,jaivalchauhan
1225,15832804,"Orlando Virginio Penha Junior","2026-05-29 01:40:02",0.94892,15,orlandovpjunior96
1226,16000939,"Code Red","2026-05-18 11:05:41",0.94891,4,"hardikchanana,rhythmghai"
1227,15820663,"Emirhan Kadan","2026-05-30 21:52:57",0.94890,36,emirhankadan
1228,16126313,Güven,"2026-05-31 01:31:41",0.94890,2,gvnalaca
1229,15825944,bruhbruh,"2026-05-03 10:52:26",0.94889,14,nguyendinhbach69
1230,16061427,teamweever,"2026-05-25 00:51:05",0.94889,3,teamweever
1231,16084176,"Teamnext Weever","2026-05-26 13:20:39",0.94889,1,teamnextweever
1232,16087306,"Wafiq Razy38","2026-05-26 23:45:20",0.94889,1,wafiqrazy38
1233,15910533,"Sahith kalisety","2026-05-09 16:11:46",0.94889,1,sahithkalisety
1234,15804092,"Chani Leon","2026-05-31 05:26:32",0.94888,136,leonchani
1235,16075771,"Harshita Shibe","2026-05-26 10:14:16",0.94888,2,harshitashibe24
1236,16065588,"Anis BENAICHA","2026-05-25 18:02:43",0.94888,15,anisaba79
1237,16027251,"Rudrapratap Singh Ujjwal","2026-05-20 00:14:51",0.94887,2,rudrapratap001
1238,15885019,"Anant jain","2026-05-10 18:09:31",0.94887,1,anantjain159
1239,16082107,"Hà Tùng 177","2026-05-28 10:20:37",0.94886,6,htng177
1240,15804513,"KOUSHIK KUMAR DINDA","2026-05-28 04:00:38",0.94886,7,koushikkumardinda
1241,16037930,n1tishc,"2026-05-28 06:22:32",0.94885,15,n1tishc
1242,16095104,J5t3313,"2026-05-28 00:38:11",0.94885,3,j5t3313
1243,16036214,"Luciano Alves","2026-05-28 01:44:07",0.94884,5,lvieirace
1244,15869039,dorosuke,"2026-05-13 04:35:37",0.94883,6,dorosuke
1245,16097462,20050318,"2026-05-28 11:23:25",0.94881,2,wujiaqi2005
1246,16076412,"David Zagorski","2026-05-26 14:44:44",0.94881,8,davidhexynator
1247,15991198,COLD,"2026-05-30 02:30:16",0.94880,10,maulikgajera
1248,15964684,"Shah Muhmmad Fazle Rabbi","2026-05-20 08:44:40",0.94880,3,engineerfrabbi
1249,15841508,"Shunjun Gu","2026-05-06 13:12:36",0.94880,8,shunjungu
1250,16018871,"Weiya Wang","2026-05-30 15:41:47",0.94880,11,weiyawang31415926
1251,15859365,civilien,"2026-05-05 10:37:22",0.94880,1,civilien
1252,15919241,HimanshuDSI,"2026-05-18 07:55:41",0.94879,18,himanshubhardwaj174
1253,15997969,tylerm70,"2026-05-18 04:22:25",0.94878,14,tylerm70
1254,16041556,井上悠馬,"2026-05-28 10:10:57",0.94877,8,starchild03523
1255,16120693,"qiheng lee","2026-05-30 20:17:02",0.94876,9,qihenglee2077
1256,15862533,"Jocelin Angela","2026-05-05 15:10:20",0.94876,1,jocelinangela
1257,16065408,Kirill_Lekomtcev,"2026-05-29 11:36:37",0.94875,17,kirilllekomtcev
1258,15859376,sdssJ0,"2026-05-22 07:33:12",0.94875,6,sdssj0
1259,15854926,綾瀬レイ,"2026-05-28 12:57:04",0.94875,14,rainrain5
1260,16103550,RodrigoAntunesA,"2026-05-30 15:14:40",0.94874,5,rodrigoantunesa
1261,15926568,"Quyền Thịnh","2026-05-12 08:53:45",0.94874,3,quynthnh
1262,16008416,"Kavya Dhyani","2026-05-19 07:29:04",0.94873,5,kavyadhyani
1263,15928617,bebseee,"2026-05-11 16:51:42",0.94873,1,bebseee
1264,16044553,"Prakrity Choukade","2026-05-21 22:45:44",0.94872,3,prakrityc
1265,16030241,"shandeng nan","2026-05-20 08:00:00",0.94872,4,shandengnan
1266,16076158,"Eshaan Saha","2026-05-26 11:15:03",0.94872,5,eshaansaha
1267,16076801,"Leonardo V.","2026-05-28 07:25:19",0.94871,27,lzsecurity
1268,16051489,Sameerk,"2026-05-27 17:23:42",0.94871,4,sameerk2004
1269,16046276,"Kushagra Dev","2026-05-29 10:11:50",0.94871,11,kushagradev
1270,15835725,amiakar,"2026-05-10 17:03:33",0.94871,10,amiakar
1271,15987682,"Tyler Peters","2026-05-30 14:29:01",0.94870,7,ripims
1272,16054847,"Priyadharshini M","2026-05-30 07:23:33",0.94870,12,riya96
1273,15813600,Pippone95,"2026-05-03 10:57:25",0.94870,10,pippone95
1274,15914977,kazkod,"2026-05-16 04:20:07",0.94870,4,kazkod
1275,15839121,yuefanchao,"2026-05-03 14:31:17",0.94869,1,yuefanchao
1276,16030261,"Sharanya Chakraborty","2026-05-22 07:25:05",0.94869,6,sharanyachakraborty
1277,15985822,"Abdullah Shafi Bin Nahid","2026-05-30 11:42:48",0.94869,6,abshafi2021
1278,16088580,dragon4396,"2026-05-27 14:10:25",0.94869,1,dragon4396
1279,15810018,Koostik126,"2026-05-14 18:18:45",0.94868,9,kostya138
1280,15875736,"HsinTing Wang","2026-05-10 13:04:48",0.94868,2,hsinting0704
1281,15884021,"Mansi Chilkoti","2026-05-16 14:46:48",0.94868,35,mansichilkoti
1282,15905785,"Từ Đình Nguyên","2026-05-12 16:44:38",0.94867,13,bontaphoa
1283,15811641,TieSinger,"2026-05-03 09:03:03",0.94867,6,tiesinger
1284,15850902,!2#4DaNgKhOa%6&8,"2026-05-05 07:12:07",0.94867,11,khoanguyenhoangdang
1285,15858466,"HOANG DANG KHOA NGUYEN","2026-05-05 07:22:57",0.94867,5,hoangdangkhoanguyen
1286,15843101,"Shunsuke Yagi","2026-05-04 13:51:41",0.94867,6,shunsukeyagi
1287,15854805,Xoyuzu,"2026-05-05 01:56:39",0.94867,2,xoyuzu
1288,15922349,"Joseph Kharzo","2026-05-12 03:19:22",0.94867,15,jekojekojeko
1289,16076030,"Preet Kumar","2026-05-28 18:10:27",0.94866,1,preetgujjar
1290,15822101,Rocky,"2026-05-04 07:05:22",0.94866,12,rockyt07
1291,15882983,Catadanna,"2026-05-14 15:14:53",0.94866,18,catadanna
1292,15837589,kkiy,"2026-05-03 14:19:13",0.94866,2,kkiyyy
1293,16110040,"YANG,JUN-HAN","2026-05-30 15:06:07",0.94866,5,jimyang1018
1294,16032255,旷慧娴7,"2026-05-21 07:21:17",0.94865,3,"kuang6,yellowoneday"
1295,16017860,Esdodolian,"2026-05-25 13:39:13",0.94865,4,esdodolian
1296,15873249,"Emre Hacıhasan","2026-05-24 20:34:41",0.94865,6,emrehachasan
1297,16074624,BAImatubama,"2026-05-27 07:57:06",0.94865,14,baimatubama
1298,15986788,k-void0,"2026-05-16 14:50:23",0.94864,3,kvoid0
1299,15874035,MGKzzz,"2026-05-25 15:52:28",0.94863,22,mgkzzz
1300,15862000,"Rishii Kumar Singh","2026-05-06 08:14:03",0.94863,2,rishiikumarsingh
1301,15928925,"Abina Kukanova","2026-05-25 18:26:40",0.94862,6,abinakukanova15
1302,15875933,"Clark Kitchen","2026-05-06 19:53:32",0.94862,2,clarkkitchen
1303,15859903,"Mahima Dangi","2026-05-25 12:35:33",0.94862,4,"achyutpancholi04,bherumegh,mahimadangi"
1304,15897124,"Koki ANDO","2026-05-16 14:18:40",0.94862,11,kokiando
1305,16046374,"prachi saha","2026-05-26 06:53:25",0.94861,5,prachisaha
1306,15929934,sotaya,"2026-05-18 10:57:58",0.94861,25,sotaya
1307,16046926,gktdgktd,"2026-05-22 08:37:47",0.94861,2,gktdgktd
1308,15832400,"Meryem Kevser Keskin","2026-05-11 21:48:12",0.94860,24,meryemkevserkeskin
1309,15938035,gusi,"2026-05-18 18:14:58",0.94860,14,"jrvlaa,qber66"
1310,15932914,HOOOUUUU,"2026-05-12 02:23:02",0.94860,4,hooouuuu
1311,15968937,Intern_grind,"2026-05-14 14:23:34",0.94859,9,shivyanshgarg
1312,15811530,"OJO EMMANUEL","2026-05-15 19:27:09",0.94859,12,ojoemmanuelnifemi
1313,15870960,"Haritha Sarode","2026-05-10 13:55:52",0.94858,2,harithasarode
1314,15913331,Abhijith,"2026-05-11 00:57:01",0.94858,5,abhijitharavind
1315,15878409,"Fedor Chernyshev","2026-05-18 12:43:01",0.94857,3,fedorchernyshev
1316,15810683,"Jayhan Oh","2026-05-04 13:36:28",0.94857,6,jayhanoh
1317,15924348,멜론사냥꾼,"2026-05-27 09:08:02",0.94857,11,"choejungmin,saeramchun"
1318,15841596,Merhiro,"2026-05-05 17:53:36",0.94856,2,merhiro
1319,16063191,AlexeyShkotov,"2026-05-24 21:05:24",0.94856,5,alexeyshkotov
1320,16106091,"Jed Hubert","2026-05-29 07:07:56",0.94856,1,jedhubert
1321,15946575,"Yağız Terzi","2026-05-13 09:19:37",0.94856,2,yazterzi
1322,15847343,"shloak shetty","2026-05-30 09:19:48",0.94855,13,shloakshetty
1323,15932621,"Sphesihle Mdlovu","2026-05-12 03:08:49",0.94855,5,sphesihlemdlovu
1324,15815480,Dubnium,"2026-05-02 18:08:31",0.94855,4,ahmetyasin1
1325,16023329,_piaoxue_666,"2026-05-19 13:14:59",0.94854,4,piaoxue666
1326,16006950,"Chirapathleo Saelim","2026-05-26 06:45:56",0.94854,4,chirapathleosaelim
1327,15846607,menos1,"2026-05-06 00:10:40",0.94854,10,menos1
1328,15993344,"Xiaofeng Meng","2026-05-27 02:20:21",0.94854,40,superamazing
1329,15898713,SARANG,"2026-05-30 16:14:34",0.94854,17,vh10935cse20
1330,15819095,Marius,"2026-05-21 03:49:08",0.94854,4,mariusborel
1331,16076950,"Saicharan Emmadi","2026-05-27 01:27:49",0.94854,5,saicharanemmadi
1332,15803910,"Fernando Arizmendi","2026-05-05 20:08:24",0.94853,8,ferariz
1333,15930895,"Azamat Sadikov","2026-05-13 10:40:08",0.94853,1,azamatsadikov
1334,15909940,"Shubham Vaish","2026-05-09 13:15:42",0.94853,1,shubhamkumarvaish
1335,15836760,"Charles Jia","2026-05-14 14:00:28",0.94852,14,charlesjiaxjtu
1336,16032784,yscho,"2026-05-30 07:10:09",0.94852,7,yeonseokcho
1337,15807029,Jisei_Asakura,"2026-05-15 05:15:23",0.94851,12,jiseiasakura
1338,16062682,"Mbarki Souhail","2026-05-29 10:08:15",0.94851,20,mbarkisouhail
1339,16048770,PRanav_007082,"2026-05-28 11:25:15",0.94851,6,pranav007082
1340,15905117,Apocania,"2026-05-21 02:36:38",0.94850,2,apocania
1341,15977864,AntonFJ95,"2026-05-18 23:04:15",0.94850,3,antonfj95
1342,15884321,"Barry ZhengXian","2026-05-07 10:54:14",0.94848,1,barryzhengxian
1343,15808999,"QiBin Song","2026-05-06 01:39:51",0.94848,6,qibinsong
1344,15813275,"Karan Tanshukh","2026-05-14 19:10:59",0.94848,3,karantanshukh
1345,15840180,"Brian Shaw","2026-05-09 11:18:57",0.94847,4,shortpathfirst
1346,16076618,"Aadil Sayed","2026-05-26 10:24:55",0.94847,7,aadilsayed
1347,15906763,"Qudsiya Siddique","2026-05-12 08:47:14",0.94846,5,qudsiyasiddique
1348,15828767,"Maciej Markowski","2026-05-03 12:13:00",0.94846,6,markowskim
1349,15807422,"Aman Vishwakarma","2026-05-15 18:27:38",0.94846,9,amanvishwakarma01
1350,16089071,"Pin wei Liao","2026-05-30 15:46:20",0.94845,18,pinweiliao
1351,15851292,"Arun R.noa","2026-05-13 11:00:04",0.94845,7,zorornoa
1352,15882431,ErrorMan,"2026-05-07 07:12:23",0.94845,3,jaygun84
1353,15920050,"Sadam Torres","2026-05-16 23:12:47",0.94845,5,sadamtorres
1354,15977986,LTCC01,"2026-05-15 17:05:00",0.94843,2,ltcc01
1355,16069515,"Parvin Jumshudlu","2026-05-27 10:27:24",0.94843,8,parvinjumshudlu
1356,16088614,hadimaster,"2026-05-29 13:37:40",0.94843,16,hadimaster
1357,16021269,Jaime,"2026-05-23 09:46:25",0.94843,9,jaimepower
1358,16116924,Olegsabertoothed,"2026-05-30 15:05:01",0.94843,10,olegsabertoothed
1359,15912043,"YASH PATEL","2026-05-14 14:46:02",0.94843,9,yashpatel2105
1360,15821280,yuki.aoki2024,"2026-05-02 18:59:05",0.94842,2,yukiaoki2024
1361,15885393,"Mark G","2026-05-24 14:13:32",0.94842,4,markgul
1362,15843551,"Rishabh Bhartiya","2026-05-04 05:11:06",0.94842,1,rishabhbhartiya
1363,15818197,"Foid Qcold","2026-05-03 20:55:08",0.94841,12,mustardbator
1364,15930847,"Abdullah Musharaf","2026-05-11 19:46:55",0.94840,1,abdullahmusharaf1
1365,16032654,YusuffCakirr,"2026-05-22 13:20:31",0.94840,18,yusuffcakirr
1366,15915078,Ozartsa,"2026-05-21 12:23:42",0.94839,10,ozartsa
1367,15813575,"Yuki Ino","2026-05-27 11:17:06",0.94839,11,yukiino
1368,15920347,"Plinio Bicalho","2026-05-11 00:53:22",0.94839,2,pliniobicalho
1369,15840984,Dragogargo,"2026-05-03 18:28:31",0.94839,3,dragogargo
1370,15827394,"ML learner","2026-05-24 15:02:31",0.94838,14,usermaname1
1371,15828342,"Oscar Aguilar","2026-05-05 05:23:20",0.94838,4,oscarm524
1372,16068746,"Hitarth Pandey","2026-05-28 05:19:38",0.94838,6,hitarthpandey
1373,16110187,Mahendra,"2026-05-29 20:47:11",0.94838,1,mm910747712ghn
1374,16086592,"Aditya Raj Singh","2026-05-30 16:32:50",0.94838,1,aditya9151
1375,15823738,torrreeesss,"2026-05-05 23:12:25",0.94837,2,torrreeesss
1376,16097530,"Fujisaki Hayato","2026-05-28 09:00:45",0.94837,10,fujisakihayato
1377,15889740,captains_RGB,"2026-05-24 21:57:27",0.94836,16,"busekaraa,mustafaemreglm,rmeysakarda"
1378,15937816,Satadal1,"2026-05-30 12:19:08",0.94836,1,ssdd09
1379,15833179,Mikey0075,"2026-05-15 16:09:34",0.94835,1,mikey0075
1380,16063847,"Amanot Ullah","2026-05-24 22:31:53",0.94834,10,amanotullah42
1381,15828089,"Bhone Moe Naing","2026-05-30 08:04:08",0.94832,2,phonemoe
1382,15897966,Mayu,"2026-05-08 15:54:55",0.94831,2,mayueryu
1383,15813026,"Samruddhi Hirave","2026-05-28 10:35:44",0.94830,1,samruddhi76
1384,16048471,"Abdul Mazid","2026-05-22 10:01:17",0.94830,1,abdulmazidkhan
1385,15804494,"Malco Qoo","2026-05-09 02:05:57",0.94830,11,malcoqoo
1386,16056197,Simon349,"2026-05-23 12:31:07",0.94829,3,simon349
1387,15951054,bahia,"2026-05-23 14:46:48",0.94829,4,"kevely,zzzrafinha"
1388,15925242,devrajsolankiii,"2026-05-14 18:12:25",0.94827,10,devrajsolankiii
1389,15819761,"João Felix","2026-05-15 15:51:06",0.94827,23,joaosilvafelix
1390,15919579,"SHANMUKHA DATTA BODA","2026-05-10 16:11:03",0.94827,1,shanmukhadattaboda
1391,15830598,Nishuxf,"2026-05-18 08:21:53",0.94827,1,nishu65
1392,16115851,"Kianoush Haratian","2026-05-30 14:15:53",0.94826,4,kianoushharatian
1393,15803782,Akritas,"2026-05-01 17:57:56",0.94826,5,akritas
1394,15913792,"Liyang Zhang","2026-05-24 23:05:42",0.94826,2,liyangzhang87
1395,15841980,"Abdelouahed Zahid","2026-05-16 13:41:50",0.94826,2,abdelouahedzahid
1396,16121968,Aditya,"2026-05-31 04:59:08",0.94826,2,adiace4u
1397,15895766,Roshan,"2026-05-08 10:14:46",0.94825,1,roshan0907
1398,15858152,"weber wang","2026-05-09 14:57:39",0.94824,4,t8101349
1399,15917376,Math_lover,"2026-05-11 12:49:22",0.94823,8,zzzznc
1400,15968684,"Aarav Kumar Ranjan","2026-05-16 15:47:22",0.94823,1,aaravkumarranjan
1401,15977175,"Murad San","2026-05-18 20:04:54",0.94823,3,muradsan
1402,15810374,Barbagrande007,"2026-05-22 15:12:41",0.94823,6,barbagrande007
1403,15805643,"Amit Behura","2026-05-10 19:12:16",0.94822,1,amitbehura2
1404,16084499,"Logos wei","2026-05-30 17:49:20",0.94822,6,logoswei
1405,15817346,"Daniyal Atta","2026-05-01 17:39:48",0.94822,2,daniyalatta
1406,15876136,Yuk!,"2026-05-30 09:49:09",0.94822,2,mitsuyukiokamura
1407,15823933,Sravani,"2026-05-04 16:14:32",0.94822,6,ssravani8
1408,16006294,domcodes,"2026-05-17 23:32:40",0.94822,1,domcodes
1409,16082972,ChiteshMarmat0091,"2026-05-29 09:09:21",0.94822,13,chiteshmarmat0091
1410,15986405,"Emre Bektas","2026-05-25 11:23:15",0.94822,1,ebktas
1411,15991769,"Ujjwal Kumar","2026-05-26 19:33:43",0.94821,4,ujjwalkumar26rke
1412,15926596,"Grace Eso","2026-05-11 13:43:32",0.94821,2,esograce
1413,15894205,"y gyttt","2026-05-27 04:08:46",0.94820,6,ygyttt
1414,16029287,koustubhk,"2026-05-31 04:23:47",0.94819,4,kkhandekar
1415,15919413,NumenDev,"2026-05-16 21:28:54",0.94819,12,numendev
1416,16037530,rsato0731,"2026-05-28 19:24:52",0.94818,11,rsato0731
1417,16060917,"y dszhywa","2026-05-24 17:14:53",0.94818,5,ydszhywa
1418,15907797,"Apex Predators","2026-05-16 09:11:57",0.94818,1,vasugoti07
1419,15928608,"Siddharth Khatod","2026-05-16 11:36:58",0.94817,18,siddharthkhatod
1420,15844230,"Suryansh Vatsaa Tripathi","2026-05-05 17:51:07",0.94817,9,suryanshvt
1421,15894872,LoganB01503,"2026-05-19 10:20:24",0.94815,4,loganb01503
1422,15950973,"Janani Soundara Rajan","2026-05-15 14:03:36",0.94815,4,jananisoundararajan
1423,16108065,"Lalith mani","2026-05-30 15:07:35",0.94815,8,lalithmani
1424,16116550,peimengcheng,"2026-05-31 05:44:29",0.94815,7,peimengcheng
1425,16056617,"Chong Xuan Ng","2026-05-24 16:21:27",0.94814,3,chongxuanng
1426,15815506,"Prajwal Dixit","2026-05-01 15:01:09",0.94814,6,prajjvval
1427,15824051,harry_pro_data,"2026-05-12 07:25:17",0.94814,1,harryprodata
1428,16026969,"Lino Vives","2026-05-19 20:03:17",0.94813,1,linovives
1429,15929634,"Pablo Chicharro Gómez","2026-05-12 17:17:11",0.94813,2,pcgomez13
1430,15888732,"Ahmet Emir Dundar","2026-05-10 16:03:51",0.94813,4,ahmetemirdundar
1431,16107385,dominyellow,"2026-05-30 16:57:26",0.94810,4,dominyellow
1432,15831844,"Ashish Ranjan","2026-05-27 21:28:50",0.94810,3,arju7542
1433,15870022,"Abhishek Gupta","2026-05-08 06:29:34",0.94810,7,abhishekgupta56447
1434,15888629,"Jui-Yang, Wang","2026-05-08 16:41:48",0.94810,4,leowang0204
1435,16049847,"Krishnendu Dutta","2026-05-25 11:40:35",0.94809,21,kdrd2812
1436,16055915,S.S,"2026-05-24 14:11:28",0.94808,3,"sanjitjeevanand,shreshtagajula"
1437,16031452,"Mariia Nahorna","2026-05-21 11:12:45",0.94808,7,mariianahorna
1438,15844273,"Pranav Uniyal","2026-05-28 11:47:34",0.94808,40,fall2fire
1439,15885483,"İbrahim Öztürk","2026-05-07 18:00:40",0.94807,3,brahimztrk15
1440,16040090,"Alejandro Morales","2026-05-22 21:07:49",0.94807,1,moralesgomez
1441,15905510,YIKUOI,"2026-05-24 07:00:38",0.94807,35,"fanjunzh,yikuoi"
1442,15846843,"Sibusiso mahlangu","2026-05-29 13:55:07",0.94806,9,sibusisomahlangu
1443,16081625,"Nathan Liao","2026-05-26 14:11:08",0.94806,5,naaaaaathan
1444,15938732,"Adir Golbar","2026-05-13 15:55:48",0.94806,2,adirgolbar
1445,16059758,YaoXiaoming,"2026-05-24 13:10:23",0.94806,2,yaoxiaoming
1446,15853292,Başar,"2026-05-25 23:46:31",0.94806,13,"basharertorer,zeynepnazalbayrak"
1447,16007287,"Felix Murray","2026-05-19 03:44:49",0.94804,5,felixmurray
1448,15900160,"Ashwini Sharma","2026-05-09 17:16:08",0.94803,11,ashwinisharma0807
1449,15978279,swatis,"2026-05-27 01:18:46",0.94803,4,swati2691
1450,15999571,"sai sujitha nalajala","2026-05-25 23:47:31",0.94803,4,saisujithanalajala
1451,15885997,SachinRocco,"2026-05-14 16:43:35",0.94803,10,sachinrocco
1452,16022460,keerthan,"2026-05-29 05:21:54",0.94802,2,keerthan27
1453,15874454,project4,"2026-05-13 14:07:11",0.94802,11,"afonsofernandescruz,lustlunio"
1454,16023898,Youssef,"2026-05-30 13:13:51",0.94802,16,youssefsalemishere
1455,15804650,miyu.k1aras@gmail.com,"2026-05-30 07:04:02",0.94802,57,miyuk1arasgmailcom
1456,16100654,"Al Qasim","2026-05-28 17:55:49",0.94801,6,huzxjdjd112
1457,16053392,"Muhammad Nadhif Nashrullah","2026-05-25 23:59:37",0.94800,13,muhammadnadhifn
1458,15916594,mako,"2026-05-10 11:56:06",0.94800,5,makotokomizo
1459,16089417,tedtid,"2026-05-30 09:21:27",0.94800,13,tedtid
1460,15872914,"Jatin Arutla","2026-05-13 00:12:53",0.94800,2,delhialli
1461,15947453,YangZekai06,"2026-05-16 15:49:07",0.94798,1,yangzekai06
1462,15992293,Yearcakes,"2026-05-23 13:05:42",0.94798,9,yearcakes
1463,15826366,"Muhammed Furkan Savuci","2026-05-04 21:23:16",0.94797,5,muhammedfurkansavuci
1464,16021939,"Mika Myrseth","2026-05-19 11:09:44",0.94797,1,mikamyrseth
1465,15918943,"Simon Tang","2026-05-27 06:08:12",0.94797,16,simontang777
1466,16002422,"Aryan Sisodiya ","2026-05-22 16:06:27",0.94796,1,aryansisodiyainf09
1467,15850796,AT0641,"2026-05-08 00:50:20",0.94796,5,at0641
1468,16032288,"Mikolaj Kulig","2026-05-27 07:19:03",0.94795,1,mikolajkulig
1469,16081377,aditigarg23199,"2026-05-29 12:48:18",0.94795,4,aditigarg23199
1470,16118626,"tedtid #2","2026-05-30 11:02:17",0.94794,3,tidted
1471,15913888,"Tuğçe Nur Karadeniz","2026-05-09 22:47:02",0.94794,1,tuenurkaradeniz
1472,15860769,"German Kek","2026-05-07 16:56:52",0.94794,3,germankek
1473,15824718,"Dad Tav","2026-05-19 10:44:18",0.94794,3,dadtav
1474,15877877,Ogre_maga,"2026-05-09 08:09:56",0.94793,23,prostocheloveklox
1475,16097950,"Geyanth Padmakar","2026-05-28 12:01:22",0.94793,1,geyanthpadmakar
1476,16061358,RYOTAaaaaa,"2026-05-24 10:23:41",0.94793,7,ryotaaaaaa
1477,15838644,"Tamer Tokgöz","2026-05-04 17:04:01",0.94793,3,tamertokgz
1478,15982701,"Hana Nabhan","2026-05-25 09:55:45",0.94792,3,hananabhan
1479,15824040,"Kota Inohara","2026-05-02 07:36:16",0.94792,2,kotainohara
1480,15865116,"James  N Robertson","2026-05-13 13:01:44",0.94792,8,jamesnrobertson
1481,15983040,jiiiiiiiiiiiy,"2026-05-19 02:57:27",0.94791,1,jiiiiiiiiiiiy
1482,16120529,"LiShin Pan","2026-05-30 20:36:00",0.94791,3,lishinpan
1483,15905936,"vivek giri","2026-05-19 10:17:07",0.94791,5,vivek7557
1484,16053512,Emilyyy,"2026-05-23 08:33:13",0.94790,2,emilyy0809
1485,15887529,"Èlia Campos Villaró","2026-05-10 12:41:24",0.94790,2,liacamposvillar
1486,15918662,"deepankur lohiya","2026-05-30 16:57:39",0.94790,4,deepankurlohiya
1487,15873849,Shivam,"2026-05-20 07:56:26",0.94790,31,sg0007
1488,15809007,"Lv Haoda","2026-05-01 06:54:03",0.94789,1,bluelung
1489,15810197,AndNov,"2026-05-06 04:37:25",0.94789,15,andnov
1490,15839344,"Abdullah Zobayer","2026-05-05 12:35:50",0.94788,3,rickyponting1627
1491,16030831,Manuel_Buerki,"2026-05-20 10:46:24",0.94788,1,manuelbuerki
1492,15806622,"nagi nagi (naginagi)","2026-05-01 12:44:43",0.94788,1,naginaginaginagi
1493,15814533,"Will Coleman","2026-05-26 19:02:57",0.94787,14,willcoleman
1494,15830002,"Bui Minh Thanh","2026-05-09 08:53:10",0.94786,7,buiminhthanh
1495,15934466,IshizakiShota,"2026-05-12 07:37:05",0.94786,10,ishizakishota
1496,16034272,Jyzzzzzzzzzz1,"2026-05-20 17:55:57",0.94785,1,jyzzzzzzzzzz1
1497,16061929,"MOHAMMED ANSAR","2026-05-24 10:36:53",0.94785,1,"akshith0x,mdansar20"
1498,15929220,"Mike D","2026-05-11 17:10:33",0.94785,3,miked173
1499,15916963,"Naruto Uzumaki","2026-05-16 12:18:09",0.94785,7,narutohinata106
1500,15862468,"Konstantinos Katsantouris","2026-05-15 11:11:32",0.94784,10,kostask200
1501,15941611,md01,"2026-05-20 12:03:10",0.94783,9,mode01
1502,16061786,mjang545,"2026-05-27 07:22:44",0.94783,1,mjang545
1503,16050255,"Leonel Azangue","2026-05-25 05:52:37",0.94783,2,leonelazangue
1504,15920156,"Dembe Zouma","2026-05-11 10:41:09",0.94782,4,dembezouma
1505,15949033,xianyu3,"2026-05-14 12:50:35",0.94782,5,xianyu3
1506,15933196,Chan,"2026-05-13 09:00:09",0.94782,3,seulchan
1507,16041374,JJN8825,"2026-05-25 14:02:03",0.94781,7,jjn8825
1508,15822935,"Manish Swami","2026-05-02 07:35:01",0.94781,1,manish756
1509,16024611,"Farel Arden","2026-05-19 18:54:05",0.94780,3,farelarden
1510,15949326,多保諄紀,"2026-05-13 14:44:21",0.94779,1,tabokin
1511,16088865,"Fengze Han","2026-05-27 11:20:54",0.94779,1,fengzehan
1512,15804126,AbdullahSafwan333,"2026-05-01 02:02:48",0.94778,1,abdullahsafwan333
1513,16054729,ᴊᴇʀʀʏ,"2026-05-25 09:33:09",0.94778,3,jerry097
1514,15852598,"Samriddhi Bhowmik","2026-05-04 19:46:16",0.94778,5,sammiee0123
1515,15936308,"Arif Rudino","2026-05-16 07:53:59",0.94778,17,arifrudino
1516,15816806,"Mayukh Saha","2026-05-01 18:12:57",0.94777,4,subruhmaniam
1517,15920946,"Natanael Barboza","2026-05-31 03:34:55",0.94776,11,natanaelblima
1518,15832789,"Keshav Joshi","2026-05-02 23:37:25",0.94776,1,keshavjoshi22
1519,15846841,Michael888,"2026-05-07 03:10:39",0.94775,10,jake666
1520,15843259,WenXiaoxiao9421,"2026-05-05 03:26:38",0.94775,3,wenxiaoxiao911
1521,15988783,PeterSinka,"2026-05-21 20:08:29",0.94775,2,sinpe13
1522,15951119,"Punith Kumar2407","2026-05-25 13:16:29",0.94774,1,punithkumar2407
1523,16047008,Kevarl,"2026-05-23 08:12:01",0.94774,3,kevarl
1524,16041568,IEEM_112034058,"2026-05-28 12:46:37",0.94774,15,jdijgkkn
1525,15813585,"christopher obuchere","2026-05-24 22:13:17",0.94773,16,owls0711
1526,16125933,"Migs Rocha","2026-05-31 00:27:51",0.94773,14,migsr22
1527,15847843,"Aleksandr Uspenskiy","2026-05-13 08:25:31",0.94773,2,aleksandruspenskiy
1528,15874353,"Chirel Chi","2026-05-07 08:43:28",0.94773,6,chirelchi
1529,15850335,Theerawit,"2026-05-05 18:00:44",0.94772,11,theerawitplukmontol
1530,16080201,"Valentin Bancel","2026-05-29 08:18:44",0.94772,6,valentinbancel
1531,15868188,"Roman Gvaramadze","2026-05-11 07:30:34",0.94772,17,madmanre
1532,15935877,Unknownxu20,"2026-05-13 10:39:28",0.94771,8,mscxuyizhou
1533,15844721,"Alexandr Atlanov","2026-05-20 06:02:43",0.94771,3,shkeela
1534,16031740,Joseph,"2026-05-30 19:36:32",0.94771,6,josephbenofficial
1535,16094158,Altheaaaa,"2026-05-29 08:18:37",0.94770,16,altheaaaa
1536,15808016,suyapoom.ch,"2026-05-30 16:11:16",0.94770,7,suyapoomch
1537,16007437,"jinjiang xu","2026-05-24 09:17:38",0.94769,6,jinjiangxu
1538,16035501,"Karina Mendoza Aguado","2026-05-20 20:10:06",0.94768,2,karinamendozaaguado
1539,15967776,"Muhammad Hammad","2026-05-19 11:31:09",0.94768,6,hammad3110
1540,15887012,"Lisha Chaudhari","2026-05-30 07:26:29",0.94768,6,lishachaudhari
1541,15886619,"Platonov Vladislav","2026-05-07 20:36:38",0.94768,1,vlaxxxd
1542,15839608,Myrtea,"2026-05-04 17:20:17",0.94767,3,myrteaspv121
1543,15874288,"yiti luo","2026-05-25 04:23:39",0.94767,3,yitiluo
1544,15996794,"Oscar Yáñez Feijóo","2026-05-16 21:07:18",0.94766,2,oscaryezfeijo
1545,15806827,"Karthikeyan A","2026-05-30 11:15:45",0.94765,12,karthi1048a
1546,15925899,SaiSathvik,"2026-05-27 07:23:57",0.94764,2,saisathvik6
1547,15819143,"Galkin Valentin","2026-05-02 10:12:58",0.94763,9,valek22
1548,16114550,"Aditto Ahosan Kabbo","2026-05-29 23:03:37",0.94763,7,adittoahosankabbo
1549,15943679,kangwooin,"2026-05-31 03:19:10",0.94763,8,kangwooin
1550,15884290,"Anas Riaz","2026-05-24 15:54:06",0.94761,1,anasriaz
1551,15863469,elephantastic,"2026-05-05 22:24:23",0.94760,3,chris89
1552,15816386,pieego,"2026-05-04 19:56:14",0.94759,11,pieego
1553,15828904,"Shovan Ghorai","2026-05-31 03:15:37",0.94759,13,shovanghorai
1554,15832996,"Ярослав Третьяк","2026-05-03 13:08:27",0.94758,2,berch123
1555,15973125,"Tejas Kharade","2026-05-14 17:01:44",0.94758,5,tejaskharade
1556,15936034,Aditya2909rb,"2026-05-12 18:13:57",0.94757,5,aditya2909rb
1557,15935903,Vato_24,"2026-05-12 08:41:11",0.94757,5,vato24
1558,15940289,pokabu1104,"2026-05-17 14:00:36",0.94756,18,pokabu1104
1559,16035609,"Briant Paul","2026-05-22 22:57:52",0.94755,1,briantpaul
1560,16114731,"Dan Nguyen","2026-05-30 00:01:33",0.94755,2,dantngn
1561,16017667,"Ruisheng Xu","2026-05-19 00:15:19",0.94754,3,ruishengxu
1562,15902784,"Pankhil Prajapati","2026-05-09 12:07:12",0.94754,1,pankhilprajapati
1563,15880066,"Aravilli  Atchuta Ram","2026-05-09 06:26:17",0.94754,2,aravilliatchutaram
1564,15818742,"Priyanshu Lohar","2026-05-05 10:28:00",0.94754,4,priyanshulohar
1565,16002144,Jznica,"2026-05-17 18:13:36",0.94753,3,jznica
1566,15872349,"Anaj Pravin","2026-05-12 15:37:15",0.94753,9,anajpravin
1567,15985228,Detecller,"2026-05-16 06:24:08",0.94752,2,detecller
1568,16081462,何东骏211,"2026-05-26 13:27:06",0.94750,7,hdjjd211
1569,16044712,"Yoav Kovar (Kovar1)","2026-05-28 23:06:43",0.94750,7,yoavkovarkovar1
1570,15811104,"kritik gianta","2026-05-01 09:43:08",0.94748,2,kritikgianta
1571,15871252,"Łukasz Wodniakowski","2026-05-08 04:16:10",0.94747,9,lwolwo
1572,16094973,"Takito Kobayashi","2026-05-31 02:40:54",0.94747,6,takitokobayashi
1573,15809868,"Nguyen Duc Manh vy","2026-05-04 05:09:07",0.94746,4,nguyenducmanhvy
1574,16062940,Yuqzii,"2026-05-24 14:21:56",0.94745,3,julianberglarsen
1575,16011339,"Jyotsna Raghunath","2026-05-27 13:48:32",0.94745,9,jyotsnaraghunath
1576,16036271,divye.mahajan03,"2026-05-20 20:30:31",0.94745,4,divyemahajan03
1577,16086130,"Pavel Ivanov","2026-05-27 14:12:43",0.94744,4,pavel77ivanov
1578,16109748,Cold_Chair,"2026-05-29 12:13:47",0.94744,2,coldchair
1579,15999772,"JayDeeKayG KNAI","2026-05-18 05:29:32",0.94744,12,jaydeekayg
1580,16055882,"Sh Gong","2026-05-29 06:26:36",0.94744,13,shgong
1581,16024721,agentsofearth,"2026-05-20 16:24:35",0.94743,11,agentsofearth
1582,15938186,snnipe,"2026-05-19 07:36:05",0.94742,5,snnipe
1583,15991405,Lee-Sangmin,"2026-05-22 07:00:36",0.94742,5,ssangtuk2
1584,15828508,"Sayan Mandal","2026-05-02 14:54:54",0.94742,4,sayanhmv
1585,16049973,"Hiruka Devendra","2026-05-25 16:15:12",0.94741,12,hirukadevendra
1586,16051161,"Vadim Burik","2026-05-25 14:52:22",0.94741,4,vadimburik
1587,15903208,"Brian Nieto","2026-05-30 04:23:36",0.94740,11,briannieto
1588,16073064,"Amit Kumar Anand","2026-05-30 17:42:56",0.94740,3,amitkumaranand
1589,16067971,"yzh zh","2026-05-26 02:00:00",0.94740,11,yzhzh710
1590,15949282,"Yuvanshu Dadhich","2026-05-15 15:57:40",0.94740,6,yuvanshudadhich
1591,15882104,"Ebabekir Şahin","2026-05-18 14:22:37",0.94740,5,ebabekirahin
1592,16016218,HeiFruit,"2026-05-19 12:24:46",0.94739,3,heifruit
1593,15909324,"Arjeet Singh","2026-05-27 11:24:33",0.94738,17,pan23r
1594,15821870,"Rattan Singh","2026-05-12 07:22:08",0.94738,7,rattans
1595,15910229,amolwani2,"2026-05-28 19:51:10",0.94738,14,amolwani2
1596,15936259,"koushik upadhyay","2026-05-12 12:23:15",0.94737,4,koushikupadhyay
1597,15939655,"Chuah Jong Sik","2026-05-29 17:50:13",0.94737,37,cjosik
1598,15903508,"Iai T","2026-05-10 10:11:14",0.94736,3,toruiai
1599,16114067,Efehan0,"2026-05-29 21:31:18",0.94736,6,efehan0
1600,15812204,"Rugved Bane","2026-05-09 08:52:53",0.94736,8,rugvedbane
1601,15803835,JeffFosterUK,"2026-05-01 17:54:54",0.94736,4,jefffosteruk
1602,16074043,"Joao Felipe Guedes","2026-05-29 01:57:13",0.94735,42,guedesjoaofelipe
1603,16007445,600944_ธนวัฒน์,"2026-05-18 05:09:28",0.94734,2,tanawatrun
1604,15924663,"Alibi Anarbekuly","2026-05-13 14:29:56",0.94734,5,alibianarbekuly
1605,15828299,IEEM26_112034055,"2026-05-03 02:51:42",0.94733,1,s112034055yihsuan
1606,15923029,"Carlos Tong","2026-05-26 19:47:57",0.94733,5,carlostong
1607,16021734,"Shalma Muji","2026-05-19 10:16:44",0.94733,1,shalmamuji
1608,16095740,"Rudra Pratap","2026-05-27 23:56:35",0.94732,1,rudrapr1609
1609,16008968,"Sharifah Sha'ista","2026-05-18 11:22:33",0.94732,3,sharifahshaista
1610,15899109,"Abhishek Ranjan","2026-05-09 15:53:17",0.94732,8,abhishekrnjn
1611,15839732,adawang___1210,"2026-05-03 17:24:18",0.94730,1,adawang1210
1612,16068738,kotarokuroda,"2026-05-26 00:38:07",0.94730,3,kotarokuroda
1613,15869185,wangkaikainksut,"2026-05-06 03:38:21",0.94728,2,wangkaikainksut
1614,15998002,"Sebastian David Mestre Rodriguez","2026-05-17 00:13:21",0.94726,3,sebastianmestreomg
1615,15908339,"Srijan Upadhyay","2026-05-10 14:01:38",0.94722,4,"saadmallebhari,srijan1upadhyay"
1616,16055511,"Tomasz Toporowski","2026-05-29 08:56:47",0.94722,7,tomasztoporowski
1617,16065486,"Nora Holmes","2026-05-25 03:26:55",0.94722,2,noraholmes
1618,16055279,mrausch91,"2026-05-23 20:59:23",0.94721,7,mrausch91
1619,16025128,NicoJG,"2026-05-21 16:02:01",0.94721,2,nicojg
1620,15850721,"Mohamed Marrouki","2026-05-08 16:13:36",0.94721,6,mohamedmarrouki
1621,15864858,"Kosuke Harada","2026-05-09 18:07:11",0.94719,7,magurodataanalysis
1622,15975071,Fabiiii23,"2026-05-17 10:51:06",0.94719,14,fabiiii23
1623,16030495,"Bryan Pamungkas Prahara","2026-05-30 05:48:43",0.94719,6,brynpamungkas
1624,15830423,Joe,"2026-05-12 20:06:28",0.94719,11,josephnehrenz
1625,16031383,Keevin16,"2026-05-20 15:47:55",0.94719,1,keevin16
1626,15858723,"Laol Laol","2026-05-08 10:22:08",0.94719,4,laollaol
1627,15812112,SKYER138,"2026-05-11 01:14:45",0.94718,14,skyer138
1628,15992119,"Lokesh M","2026-05-31 05:14:55",0.94717,1,lokeshpuma
1629,15916614,"Sanat Kulkarni","2026-05-27 18:10:01",0.94717,2,sanatkulkarni
1630,16055379,"Kwak ji eon","2026-05-25 09:34:21",0.94716,2,jiginna
1631,16050073,"Camila Grilletti","2026-05-26 14:19:04",0.94715,7,camilagrilletti
1632,15816401,"Pius Dutta","2026-05-25 07:42:42",0.94715,6,piusdutta
1633,15852621,"Karib Kazi Rafid","2026-05-04 20:42:39",0.94715,1,karibkazirafid
1634,15884611,"Qian Pang","2026-05-30 16:27:06",0.94715,16,qianpang
1635,16014899,Quinniboi10,"2026-05-22 15:16:35",0.94713,6,quinniboi10
1636,15871462,"Tracy Porter","2026-05-06 09:26:30",0.94713,1,tracyporter
1637,15954800,"Kartik Bhangale","2026-05-20 07:40:26",0.94713,4,kartikbhangale
1638,16112138,"Swaroop Kolasani","2026-05-30 01:19:27",0.94712,3,swaroopkolasani
1639,15833195,Wheatley1901,"2026-05-04 07:08:14",0.94712,16,wheatley1901
1640,15872247,simony234,"2026-05-16 08:46:11",0.94711,11,simony234
1641,15865509,"Sakshi Thombe","2026-05-06 09:35:19",0.94709,1,sakshithombe
1642,15882709,"senthil kumaran T","2026-05-08 12:24:25",0.94709,16,senthilkvggbn
1643,16087886,RichardMan,"2026-05-31 04:13:10",0.94709,1,richard020
1644,15929030,"mary aksa2026","2026-05-12 08:19:06",0.94708,4,maryaksa2026
1645,15840480,"Sahilpreet Singh Vohra","2026-05-30 16:00:25",0.94707,1,sahilpreetsinghvohra
1646,16076117,Capeie,"2026-05-26 22:33:39",0.94706,5,krishnaprasadbhat
1647,15889339,"Hardik Kumar","2026-05-08 19:10:14",0.94706,1,hardikxi11
1648,15863880,"Karansingh Thakor2","2026-05-25 15:36:40",0.94706,1,karansinghthakor2
1649,16062871,"Daniel Mineev","2026-05-25 08:28:28",0.94706,12,nilpotent1
1650,15878154,adon345,"2026-05-29 08:57:35",0.94705,16,"adon345,mohdtabishjamal0"
1651,16010096,"Utkarsh Raj","2026-05-18 10:07:04",0.94705,3,utakrshraj11
1652,15996832,"Tarun Pahade","2026-05-16 17:57:05",0.94704,1,tarunpahade
1653,15810461,schwarz,"2026-05-31 00:47:49",0.94704,7,schwarzfulls
1654,15947266,"Amrit Kumar Gorai","2026-05-15 15:39:57",0.94704,6,amritkumargorai
1655,16025588,"Vijay Kumar","2026-05-21 16:30:43",0.94703,3,iamvijay7
1656,15895972,wuzz38,"2026-05-08 10:16:01",0.94703,1,wuzz38
1657,15814155,mmasato,"2026-05-06 10:42:06",0.94703,2,mizogakimasato
1658,16062140,"Aldrian Firmansyah Putranto","2026-05-24 13:19:38",0.94703,3,aldrianfirmansyahp
1659,16031391,UnderBladee,"2026-05-29 20:25:58",0.94703,3,athillazaidan
1660,15936862,baijuyi2333,"2026-05-12 10:25:03",0.94702,2,baijuyi2333
1661,15841082,Pyiner,"2026-05-04 09:22:05",0.94702,3,pyiner
1662,15896618,"Joseph Joseph","2026-05-12 05:36:38",0.94701,16,bytejoseph
1663,15880245,"Jeremy A.R Samosir","2026-05-07 03:29:36",0.94701,1,jeremysamosir
1664,15855044,Chiyo,"2026-05-25 06:51:03",0.94701,8,chiyochan
1665,15985997,hirarukobayashi,"2026-05-28 15:10:13",0.94700,4,hirarukobayashi
1666,15838282,"Lei Tianle","2026-05-03 12:56:53",0.94699,2,leitianle
1667,15823657,"Jaren Figueiredo","2026-05-03 20:44:59",0.94699,3,jarenfigueiredo
1668,15904790,Hai2311,"2026-05-13 13:43:17",0.94698,5,hai2311
1669,16006367,"Renan Braga","2026-05-27 12:47:40",0.94698,6,renanbragac
1670,16021854,"Kevin Kuriakose","2026-05-26 20:52:20",0.94697,3,kevink0805
1671,16074403,"Esra Çetinkaya","2026-05-27 17:53:23",0.94697,9,esragcetinkaya
1672,15815353,"Clement COUCHEVELLOU","2026-05-02 02:36:03",0.94696,10,clementcouchevellou
1673,15878471,"Shamimul Islam Sunny","2026-05-07 11:00:48",0.94696,6,shamimulislamsunny
1674,16088616,Pratss,"2026-05-30 12:08:55",0.94695,3,pratsai
1675,15830725,"Eli Haciyev","2026-05-02 18:46:11",0.94695,4,elihaciyev
1676,16052795,l00tus,"2026-05-23 02:31:53",0.94695,3,l00tus
1677,16097621,"ANSHUL KHAIRE","2026-05-28 07:20:39",0.94694,2,anshulkhaire
1678,16024570,"Amey Malpurkar","2026-05-20 09:14:11",0.94694,3,ameymalpurkar
1679,15919198,"Kudzayi Allan Mabuto","2026-05-10 16:51:55",0.94693,3,buto007
1680,16006214,TanTommy,"2026-05-17 23:32:49",0.94692,3,tantommy
1681,15882475,"Yash Pandey Kag","2026-05-20 06:47:29",0.94692,1,yashpandeykag
1682,15941029,"Ayush Raj #2","2026-05-26 05:55:15",0.94691,4,ayushraj00925
1683,15850017,wesley,"2026-05-26 12:22:29",0.94690,5,wesleyhuan
1684,15868441,Beast114514,"2026-05-07 06:33:33",0.94689,9,shironek0
1685,15862196,"Vladimir Belonin","2026-05-06 11:49:53",0.94689,8,vladimirbelonin
1686,16088479,"Devmin Senevirathna","2026-05-27 10:08:36",0.94689,2,devminsenevirathna
1687,15821125,a3amaT02,"2026-05-29 22:50:24",0.94688,32,a3amat02
1688,15895459,"Omar Faruq","2026-05-30 13:20:25",0.94688,10,stellaromar
1689,15804078,Shailesh,"2026-05-25 10:50:38",0.94687,3,shailesh5430
1690,15959282,"Jimit Patel","2026-05-14 11:51:56",0.94687,5,jimitpatel07
1691,16088354,"Shravan Yoagentharan","2026-05-28 16:40:26",0.94686,11,shravanyoagentharan
1692,15816717,"Claudio Sturaro","2026-05-03 17:37:49",0.94686,6,sturarods
1693,15986258,___K___,"2026-05-16 08:38:45",0.94685,7,kkkkkk88888ert
1694,15843305,"Trần Minh Hiếu","2026-05-04 09:33:18",0.94685,2,tminhhieu
1695,15998897,shash20124,"2026-05-17 05:01:05",0.94684,1,shash20124
1696,16108702,"gabriele banchio","2026-05-29 16:08:38",0.94684,4,gabrielebanchio
1697,15900052,NikMkson,"2026-05-08 20:12:43",0.94683,3,nikmkson
1698,16010693,赤いBeri,"2026-05-27 08:23:25",0.94683,5,beri3e
1699,16116158,"Prashanna Subedi","2026-05-30 06:41:54",0.94681,2,prashanna006
1700,16080609,"alfonso j perez","2026-05-29 12:19:50",0.94681,19,alfonsojperez
1701,15906390,"kazuaki abe","2026-05-27 09:32:30",0.94681,5,kazuakiabe
1702,15809239,"Haokun Li7","2026-05-02 12:00:30",0.94681,7,haokunli7
1703,15950643,"Andrew B","2026-05-28 19:54:05",0.94681,18,andrewtb08
1704,16028154,"Ivan Padilla","2026-05-28 08:12:20",0.94680,5,beamohh
1705,16071871,hongyang67,"2026-05-26 06:41:55",0.94679,8,hongyang67
1706,16097646,SuyashJay,"2026-05-28 15:01:59",0.94679,3,suyashjay
1707,15818307,marco_mars,"2026-05-04 16:38:36",0.94679,6,marcomars
1708,16104220,"Divyam Srivastava","2026-05-28 23:41:31",0.94678,1,lightyagami45
1709,15859381,"Eroze Barua","2026-05-20 12:31:34",0.94678,2,erozebarua
1710,15961220,"Константин Витковский","2026-05-16 14:20:35",0.94677,3,swwwqqt
1711,15923214,"Zachary Cosenza","2026-05-13 02:31:32",0.94677,6,zacharycosenza
1712,15831354,"Md Sani28","2026-05-10 17:03:30",0.94677,5,mdsani28
1713,15839630,zhuyahui,"2026-05-15 11:15:38",0.94677,3,zhuyahui
1714,15848047,"Yan Bodnya","2026-05-05 09:02:10",0.94676,3,yanbodnya
1715,16071107,iwase,"2026-05-26 06:05:18",0.94675,2,iwaseharuki
1716,16003474,chaholee,"2026-05-30 13:52:02",0.94675,8,chaholee
1717,16074070,jangswan,"2026-05-30 03:41:58",0.94672,6,jangswan
1718,16110368,"Shuchih Negi","2026-05-30 17:01:16",0.94672,1,shuchihn
1719,16085216,"liang kai fai  kelvin","2026-05-29 10:21:28",0.94671,10,liangkaifaikelvin
1720,16059012,"Muhammad Hassan Azad","2026-05-23 21:56:10",0.94671,7,muhammadhassanazad
1721,15842471,"Nguyen Phuoc Nguyen","2026-05-18 04:14:40",0.94670,1,nguyenphuocnguyen
1722,16041497,"himanshu chandela","2026-05-22 07:58:55",0.94669,6,himanshuchandela
1723,15834334,NhnNguyn,"2026-05-04 02:03:31",0.94669,11,nhnnguydfsdf
1724,16117381,"Syeda Anoosha","2026-05-30 09:10:09",0.94669,3,syedaanoosha
1725,16053340,"Dharun Suryaa","2026-05-25 21:12:45",0.94668,1,dharun4772
1726,15861987,switchblxde,"2026-05-05 14:06:08",0.94667,2,npsleepmember
1727,16008643,"siddarth reddy katika","2026-05-24 12:20:54",0.94667,1,siddarthreddykatika
1728,15819512,"Bertrand Pigeon","2026-05-27 12:44:09",0.94666,11,bertrandpigeon
1729,15929066,om_i_code10,"2026-05-21 09:26:09",0.94665,22,omng2315
1730,16005094,"Taha Chadli","2026-05-18 08:44:56",0.94665,1,tahachadli
1731,16119567,WAATAA,"2026-05-30 15:04:05",0.94664,3,waataa
1732,15816005,"Yuniwo Wilson","2026-05-01 17:55:54",0.94661,2,yuniwowilson
1733,15805892,"Matthew Chua","2026-05-03 09:00:15",0.94660,5,snake87
1734,15818624,"Brandon Arbour","2026-05-01 18:51:18",0.94659,8,brandonarbour
1735,15901251,kyoto9,"2026-05-08 20:28:22",0.94659,1,kyoto9
1736,16098769,"Hung Hao Chen","2026-05-30 15:42:08",0.94658,1,hunghaochen
1737,15830605,"Jay Prakash","2026-05-25 11:49:35",0.94658,9,godofoutcasts
1738,15980221,LVBU0612,"2026-05-15 10:02:28",0.94658,7,lvbu0612
1739,15992521,"kevin Sunnn","2026-05-21 05:41:54",0.94657,9,kevinsunnn
1740,15937549,"Luisa Fernanda Angel Henao","2026-05-28 02:26:07",0.94657,9,luferangel
1741,15835108,"Hamza Nazim Siddiqui","2026-05-26 10:34:07",0.94657,22,"dakshmenaria,dtdoww"
1742,16003143,Bharat_Choudhary_0069,"2026-05-19 11:37:09",0.94656,6,bharatchoudhary0069
1743,15984107,"Wojciech Bos","2026-05-15 12:11:18",0.94656,1,wojciechbos
1744,16054735,himmelmin,"2026-05-23 08:39:36",0.94656,3,himmelmin
1745,15857739,"shalini s","2026-05-05 16:43:30",0.94656,2,shashart
1746,16063028,"Petar Bulovic","2026-05-25 15:19:52",0.94655,11,petarbulovic
1747,15821486,3as6Bl,"2026-05-02 04:38:04",0.94655,1,segusegu
1748,15812717,"Bilal Shabbir1","2026-05-23 07:16:05",0.94655,25,bilalshabbir1
1749,16047354,chaehyeonneee,"2026-05-23 05:30:15",0.94653,3,chaehyeonneee
1750,16110447,数学なう,"2026-05-30 08:46:17",0.94653,1,proteand
1751,16120211,"Aryan patel","2026-05-30 14:35:35",0.94652,5,aashadevi
1752,16113089,"Aaradhya Nikam","2026-05-30 16:28:20",0.94652,7,aaradhyanikam
1753,16088487,"Error 404","2026-05-28 15:22:04",0.94651,2,dheekshikas
1754,16116870,"Zoe Fang124","2026-05-30 08:30:42",0.94651,5,zoefang124
1755,15812909,DannyDog1227,"2026-05-08 12:36:32",0.94651,11,dannydog1227
1756,15836471,"Rishab Duhan","2026-05-16 19:27:01",0.94650,7,rishabduhan
1757,16068673,RequieMa,"2026-05-30 10:18:19",0.94650,12,u1604521
1758,15818750,zima,"2026-05-01 17:40:07",0.94649,1,zimakaka
1759,15938077,ym-kang,"2026-05-12 12:15:57",0.94649,1,ymkang
1760,15844120,wkdal1433,"2026-05-13 01:56:08",0.94648,35,wkdal1433
1761,16018721,"Jorge Luis Muñoz","2026-05-21 04:49:14",0.94647,1,jorgemunozm
1762,15808238,"Arash Darakhsh","2026-05-29 21:59:54",0.94647,17,arashdarakhsh
1763,15879893,BrentL,"2026-05-29 04:16:02",0.94647,42,brentl
1764,16118442,"Abdel-Rahman Ehab","2026-05-30 20:03:16",0.94646,1,abdelrahmaneng
1765,16009071,titans,"2026-05-18 08:26:39",0.94645,1,vanshajrawat
1766,15888840,"Jefferson David Rodriguez Gonzalez","2026-05-25 17:30:36",0.94643,7,jedaro0422
1767,16041280,"Dinara Go","2026-05-27 10:20:43",0.94641,22,dinarago
1768,16037177,"Jalen Lum","2026-05-21 10:41:47",0.94641,1,jalenlum
1769,15898378,"The Shammi","2026-05-08 13:44:02",0.94641,1,theshammi
1770,15917605,"Niklas P-Fox","2026-05-13 10:13:25",0.94640,27,niklasfox23
1771,16111634,"Cheng ssu-yu","2026-05-31 02:51:01",0.94639,12,chengssuyu
1772,15924303,멜론,"2026-05-30 17:25:36",0.94638,3,"melon0325,mminkk"
1773,16094413,"Parth Shewale","2026-05-31 05:23:49",0.94638,5,techparth
1774,16055786,BloodCode,"2026-05-26 01:59:11",0.94638,8,mdhabibullamisba
1775,16001973,Pushkraj,"2026-05-17 13:37:06",0.94638,3,tonystark426490
1776,15868686,"nosherwan babar","2026-05-07 02:37:26",0.94637,6,nosherwanbabar
1777,16084342,"ismail alshofi","2026-05-28 06:59:15",0.94636,2,ismailalshofi
1778,15918934,"kinder chocolate6","2026-05-11 02:36:57",0.94636,9,kinderchocolate6
1779,16051981,"Alexis Pospelov","2026-05-24 00:24:59",0.94636,11,alexispospelov
1780,16112208,"Jaiyash Godani","2026-05-30 03:44:47",0.94636,6,jaiyashgodani
1781,15998277,"Mink Triet","2026-05-17 04:30:00",0.94635,1,minktrit
1782,15809459,Fe7777,"2026-05-02 14:03:50",0.94635,3,fe7777
1783,15995206,"Stan Szulc","2026-05-29 08:44:15",0.94635,6,stanszulc
1784,15819453,"Khushi Gupta","2026-05-03 07:49:45",0.94634,3,khushigupta456
1785,15905894,"Salik Hussaini","2026-05-25 20:18:10",0.94633,25,salikhussaini49
1786,16012689,"samuel aaron","2026-05-18 13:30:26",0.94633,1,samuelaaron
1787,15846573,GHOST_575,"2026-05-21 19:15:51",0.94632,2,ghost575
1788,16036499,Ameyyy,"2026-05-20 23:30:36",0.94632,1,ameyvichave01
1789,16079857,CommonGardeniaM,"2026-05-30 02:55:52",0.94630,6,commongardeniam
1790,15939404,"Vlad Kapitsa","2026-05-12 19:22:39",0.94630,10,vladkapitsa
1791,15860496,"Abhishek Kubasad","2026-05-30 07:27:37",0.94629,7,"abhishekkubasad,niyasnadaf,satvikpc"
1792,15816966,ManasviJoshi,"2026-05-01 16:14:17",0.94628,1,man005
1793,15902351,taedubb,"2026-05-10 00:14:15",0.94627,4,taedubb
1794,15937506,"saad Mohamed","2026-05-13 17:46:24",0.94627,1,saadmohamed99
1795,15816208,masahiro,"2026-05-06 23:16:49",0.94627,2,masakane
1796,16025027,"Arif Miah","2026-05-20 16:42:46",0.94626,2,miadul
1797,15922018,"Ali A. Mahani","2026-05-11 03:29:37",0.94625,5,aliamahani
1798,16042539,Shirin21st,"2026-05-26 05:53:00",0.94625,15,shirin21st
1799,16063941,Prakash,"2026-05-30 10:34:47",0.94624,6,mlkash
1800,16097707,"Akash Joshi","2026-05-31 03:33:35",0.94624,9,aakashjoshi123
1801,15806203,SkyFPS,"2026-05-28 15:10:39",0.94623,36,shivamgravity
1802,16043600,"Nivesh Dhirwal","2026-05-27 08:20:11",0.94622,3,niveshkumardhirwal
1803,15877779,HimWim,"2026-05-07 15:01:16",0.94622,2,himwim
1804,15862322,jiayangchua97,"2026-05-06 03:10:14",0.94622,2,jiayangchua97
1805,15919122,"Arudra Vihar Bommana","2026-05-25 12:14:10",0.94619,5,arudraviharbommana
1806,15812591,Matts6591,"2026-05-11 04:50:48",0.94618,5,mathwithmatt
1807,15993224,Artalmaz31,"2026-05-16 13:48:49",0.94618,2,artalmaz31
1808,16101201,Pacifista,"2026-05-28 14:39:43",0.94617,2,ruma3ruma3
1809,15975347,Chrispathway,"2026-05-14 18:53:51",0.94616,1,chrispathway
1810,16108746,"Antonio Venturini","2026-05-29 14:22:43",0.94616,8,antonioventurini
1811,15931433,"Furkan Gazi Dinler","2026-05-12 15:24:39",0.94615,6,furkangazidinler
1812,16063367,furious_raptors,"2026-05-30 16:11:49",0.94614,11,samhithnadig
1813,15821075,"Csaba Kecskemeti","2026-05-25 01:32:41",0.94611,8,csabakecskemeti
1814,16000269,"wqe wang","2026-05-22 04:50:40",0.94611,2,"kimiyuh,wqewang"
1815,15966383,"Harmeet Kaur","2026-05-19 11:01:21",0.94611,13,harmeetkaur24
1816,15975163,Jaiswalarjit7,"2026-05-15 04:42:45",0.94611,1,jaiswalarjit7
1817,15867389,KirikITi,"2026-05-18 09:41:03",0.94610,3,kirikiti
1818,16003663,CJK,"2026-05-22 09:50:15",0.94609,12,cjkang
1819,15972690,casati8,"2026-05-30 12:24:14",0.94608,28,casati8
1820,16003031,"ADVAIT CHAVAN","2026-05-18 08:12:15",0.94608,7,advaitchavan
1821,16002892,Karthikeyan2910,"2026-05-22 17:09:52",0.94606,15,karthikeyan2910
1822,16054287,KCaesar0,"2026-05-26 12:05:35",0.94606,7,kcaesar0
1823,15876952,"Kartik Enumula","2026-05-07 13:54:05",0.94604,2,kartikenumula
1824,15853579,"Daniel Arcanjo","2026-05-04 22:56:42",0.94603,1,noisebop
1825,15825611,SavaCan,"2026-05-28 05:23:58",0.94603,27,yuheihirose
1826,15860119,"Vladislav R","2026-05-06 09:56:45",0.94602,2,vladislavrz
1827,15893058,zhizong,"2026-05-08 05:17:23",0.94602,2,zhizong
1828,15997661,AmrMohamedEid0,"2026-05-17 21:08:29",0.94601,2,amrmohamedeid0
1829,15981573,"Rob Hz","2026-05-15 07:28:32",0.94601,1,bobbyrus
1830,15980978,mithramadhu03,"2026-05-15 07:42:58",0.94600,1,mithramadhu03
1831,15928905,"Kalp Vora","2026-05-11 14:50:15",0.94600,1,kalpvora
1832,15847641,MathisLAURENT,"2026-05-05 09:35:48",0.94599,2,mathislaurent
1833,15839091,"Yusuf Ömer Erem","2026-05-03 18:02:13",0.94599,2,yusuferem
1834,16031571,Ecl!p53,"2026-05-28 10:43:28",0.94598,10,ayushbairwa
1835,15840835,"Swathy Ramakrishnan","2026-05-03 19:43:33",0.94597,1,swas06
1836,15805931,"Lalit sonawane","2026-05-08 12:30:50",0.94595,2,lalit7881
1837,15901265,Stratmann,"2026-05-09 21:11:06",0.94594,15,stratmann
1838,15918585,Hesitate_P,"2026-05-10 14:32:15",0.94594,10,hesitatep
1839,15955451,"Daniel Bandy","2026-05-27 03:34:15",0.94593,35,goddangitboby
1840,15809191,"Arun Kumar Oraon","2026-05-10 14:52:23",0.94592,5,arunkumaroraon
1841,16010755,"YAJAT PAWAR","2026-05-25 09:53:48",0.94591,27,yajatpawar
1842,15875378,Isha,"2026-05-14 19:41:56",0.94590,2,aarohi20
1843,15858966,"Adit Sharma","2026-05-05 10:20:48",0.94589,2,adit5689
1844,15881053,absmkns,"2026-05-09 06:10:24",0.94588,1,absmkns
1845,15838951,Koteyka,"2026-05-04 01:36:43",0.94587,4,danilborisenko
1846,15959577,"Gautam Gottipati","2026-05-19 05:10:34",0.94586,5,gautamgottipati
1847,15916237,wjy6666,"2026-05-10 08:10:23",0.94586,1,wjy6666
1848,15809652,saijo123,"2026-05-01 08:25:06",0.94586,2,saijo123
1849,15827167,"Vinicius Serra Vianna","2026-05-13 16:51:32",0.94586,6,viniciusserravianna
1850,16027259,"Luis Velez","2026-05-21 17:59:46",0.94584,3,luisvelco
1851,15972190,dameeniks,"2026-05-15 00:52:35",0.94584,2,nicolofabila
1852,16010083,KEVIN.P,"2026-05-28 16:42:56",0.94584,5,jcheolpark
1853,16059908,GauravChawla007,"2026-05-24 03:03:34",0.94584,3,gauravchawla007
1854,15831930,"Khanh Huynh","2026-05-03 16:34:39",0.94583,1,dizzykhanh
1855,15931745,"Jorge Laing","2026-05-23 10:45:17",0.94583,5,laingg
1856,16077548,yuu0252,"2026-05-31 01:13:18",0.94582,9,yuu0252
1857,15806561,"Onur Koç","2026-05-13 20:56:43",0.94582,5,onurkoc92
1858,15935692,Shiva22btcse0007,"2026-05-14 06:05:46",0.94582,3,shiva22btcse0007
1859,15894851,임혜워느,"2026-05-10 11:00:03",0.94580,1,hyewon1478
1860,16089663,"xinni goh","2026-05-28 09:22:05",0.94580,4,xinnigoh00
1861,15899790,LeoStaz,"2026-05-25 22:43:09",0.94579,1,les1781
1862,15976134,"João Antônio Astolfi Gonçalves","2026-05-15 18:17:01",0.94578,7,jooantnioastolfi
1863,15810288,Ankit19473,"2026-05-03 11:36:23",0.94578,2,greenarrow2345
1864,15919073,"Hafiz Muneeb Ahmad","2026-05-24 11:14:28",0.94577,6,hafizmuneebahmad
1865,15994704,"Zachary Harpaz","2026-05-16 13:46:36",0.94577,1,zacharyharpaz
1866,15903230,"Kutsi Tusuz","2026-05-23 03:07:27",0.94576,6,kutsitusuz
1867,16096800,"JiaQiang Ran","2026-05-29 03:14:51",0.94576,8,jiaqiangran
1868,16047310,SUGI,"2026-05-25 08:07:44",0.94575,8,sugivision
1869,16010870,IEEM26_112034035,"2026-05-30 18:17:01",0.94575,10,carryjason
1870,15807116,shion,"2026-05-05 08:42:30",0.94574,10,shion55
1871,15878285,"Ashish Kuru","2026-05-07 05:37:20",0.94573,1,ashishkuru
1872,16099138,YL1233,"2026-05-28 13:09:14",0.94573,2,yl1233
1873,16057799,"Mizuki Nakai","2026-05-31 05:28:01",0.94572,7,mizukinakaizuuu
1874,16100285,mahirchops,"2026-05-30 14:35:13",0.94572,7,"mahiralit,niyathipramod"
1875,15860342,Lokesh,"2026-05-06 08:05:17",0.94571,5,lokeshvns
1876,15894917,"Sushant Yerkade","2026-05-08 09:53:16",0.94571,2,sushantyerkade
1877,15809876,Alberto,"2026-05-09 07:08:47",0.94569,2,albone
1878,16059516,"Jai Vasanth1","2026-05-24 06:10:55",0.94568,10,jaivasanth1
1879,15838187,"Thanh Toan","2026-05-18 08:20:46",0.94567,3,tonnglthnh
1880,15970634,"Kaviya Asai","2026-05-19 12:44:45",0.94567,4,kaviyaasai
1881,16063805,"Hessa Khalfan","2026-05-25 19:01:12",0.94566,7,hessakhalfan
1882,15989153,Kodai,"2026-05-21 01:09:47",0.94566,3,oootitiu
1883,15997865,So_Good_Person,"2026-05-19 05:22:39",0.94565,9,deep262003
1884,15868356,"SK N@J","2026-05-13 00:06:57",0.94565,10,shaikhnajiba
1885,15926775,Semen,"2026-05-12 10:31:49",0.94565,4,fiktus
1886,15906569,"aarav shah500","2026-05-15 06:48:22",0.94565,4,aaravshah500
1887,16109024,D1426100石易,"2026-05-29 10:11:48",0.94561,1,d1426100
1888,15803777,"Mr Li","2026-05-02 03:49:23",0.94561,1,mrli55
1889,15810107,"Corentin Jay","2026-05-25 14:24:31",0.94561,10,corentinjay
1890,15941137,dfnhrig,"2026-05-26 12:53:17",0.94561,16,dfnhrig
1891,15889007,McLaren,"2026-05-29 12:57:12",0.94561,12,"danielatatiana,sergiocastiblanco,silviaalejandras"
1892,16121747,"Sumantra Prajapati","2026-05-30 22:07:58",0.94558,2,sumantraprajapati
1893,15950935,GowthamanM,"2026-05-13 19:18:31",0.94558,2,gowthaman23
1894,15975607,"deepak bahuguna","2026-05-14 18:26:53",0.94557,2,batman1997
1895,15824174,"Mrunalini Pachpute","2026-05-06 18:19:54",0.94556,5,mrunalinipachpute
1896,15838460,"Phan Thái Thành","2026-05-03 16:39:41",0.94555,2,phanthithnh
1897,15804840,y.hasebe,"2026-05-29 08:44:48",0.94554,18,yhasebe
1898,15821857,psychoTKC,"2026-05-09 04:16:28",0.94553,1,psychotkc
1899,15914835,"Abdullah Kazimov","2026-05-10 05:53:08",0.94551,4,abdullahkazimov8
1900,15842304,"Nicollette Espinosa2","2026-05-04 20:48:43",0.94550,3,nicolletteespinosa2
1901,15808358,"Md. Tareq Aziz","2026-05-19 07:21:19",0.94550,4,mdtareqaziz
1902,15826745,PasMarino13,"2026-05-16 14:09:45",0.94547,4,pasmarino13
1903,15915094,"Iswar Patra","2026-05-30 15:54:07",0.94547,6,iswarpatra
1904,16057220,"ANURAG ANAND","2026-05-24 19:06:49",0.94547,4,grizzly25564
1905,15999168,"Xiaochuan Ding","2026-05-30 08:21:02",0.94546,1,xiaochuanding
1906,15889889,"Krish Sharma","2026-05-11 20:57:31",0.94543,5,krishsharma4321
1907,16031911,Yunioshi,"2026-05-20 12:15:23",0.94543,2,yunioshi
1908,16099720,"Steve Chepaykin","2026-05-29 18:53:20",0.94542,3,stevechepaykin
1909,15853768,"Josh Duffy","2026-05-05 04:44:38",0.94542,1,joshduffy
1910,15817759,SAM50_50,"2026-05-14 14:51:37",0.94542,3,sam5050
1911,15942616,V_data,"2026-05-14 23:03:16",0.94542,3,waraira
1912,15807678,Neuroick,"2026-05-02 13:42:02",0.94541,1,kagick
1913,15952346,"yousef Elshahat","2026-05-14 03:37:58",0.94540,2,yousefelshahat2
1914,15887539,"Albert Asatryan","2026-05-09 15:29:00",0.94540,4,albertasatryan
1915,15902350,Mad,"2026-05-25 04:08:19",0.94539,4,madhuri313
1916,15847253,Justin,"2026-05-04 19:54:54",0.94539,4,justinseby1998
1917,15878559,AniketSrivastava14,"2026-05-11 05:24:10",0.94538,3,aniketsrivastava14
1918,16090902,Miredili,"2026-05-27 09:29:33",0.94537,1,miredili
1919,16096723,Chin,"2026-05-28 09:47:07",0.94537,2,qinyukun
1920,16056839,"Sai Nihar Kunala","2026-05-25 17:03:06",0.94537,1,sainihar1024
1921,15971384,wusuisui,"2026-05-17 12:45:15",0.94537,3,wusuisui06
1922,15971937,"Jeffery Mei","2026-05-14 16:11:57",0.94534,1,callmejeffery
1923,16070130,혜원이에요,"2026-05-25 08:14:39",0.94533,2,hwjwluv
1924,15887753,somagni,"2026-05-30 02:17:04",0.94533,1,somagni
1925,15855156,"Abdul Kadir Syahab","2026-05-12 05:04:50",0.94531,10,abdulkadirsyahab
1926,15807471,"Kuber Chaurasiya","2026-05-01 11:04:03",0.94530,3,kuberiitb
1927,15968081,캐글리언,"2026-05-22 15:14:54",0.94528,2,kaglerian
1928,15938210,"Swastik Mohanty","2026-05-12 12:50:41",0.94526,1,swastikmohanty
1929,16098414,"Navnita Krishnan","2026-05-31 02:28:29",0.94526,21,navnitakrishnan
1930,15883708,"Sheryar Tanoli","2026-05-21 06:46:49",0.94525,13,sheryartanoli
1931,15869154,"Mathe Matics2","2026-05-30 02:58:50",0.94525,9,mathematics2
1932,15812707,"Rohan Sardar","2026-05-08 15:22:38",0.94524,2,rohansardar
1933,16088405,Rcc142,"2026-05-27 04:13:36",0.94522,2,rcc142
1934,16032682,Atul0110,"2026-05-25 15:51:08",0.94522,3,atul0110
1935,16020052,"Rayhan Fairuz Aqram","2026-05-19 10:06:47",0.94521,3,rayhanfairuz
1936,15860614,"Laureano Arcanio","2026-05-05 14:30:02",0.94520,1,laureanoarcanio
1937,15955644,ethereal102410,"2026-05-14 05:11:16",0.94519,3,ethereal102410
1938,16008248,Leviathan47,"2026-05-22 19:08:24",0.94518,9,leviathan47
1939,15919981,daniel,"2026-05-11 01:47:36",0.94518,7,loyuheng
1940,15818501,ElijahLewis123,"2026-05-01 19:27:46",0.94518,3,elijahlewis123
1941,16056539,"Emre Zorlu","2026-05-23 14:14:56",0.94517,7,emrezorlu1239
1942,16022753,chenyiran222,"2026-05-21 01:29:39",0.94515,1,chenyiran222
1943,15863473,mondmann,"2026-05-05 16:24:57",0.94514,1,moondman
1944,16075544,Mihai_I,"2026-05-25 19:00:40",0.94513,2,bigorange18
1945,15896174,"Alperen Özdemir","2026-05-28 12:09:46",0.94511,8,alpyoz
1946,15993679,"Rishi Jain","2026-05-22 07:55:58",0.94510,8,rishijain07
1947,15942584,GwhE,"2026-05-30 15:38:19",0.94510,34,gwhenap
1948,15836833,WinSentTY,"2026-05-15 08:58:50",0.94510,9,winsentty
1949,16072303,"Shivam Dubey","2026-05-28 18:39:22",0.94509,14,shivamdubey005
1950,15889652,shadow-sama,"2026-05-07 21:11:28",0.94508,5,dhruvrankoti
1951,15908377,"Bismillah Wisjul","2026-05-09 16:22:48",0.94508,3,"hananfitras,kasupiru"
1952,16099891,"Pranav Jain","2026-05-28 16:51:15",0.94507,1,pranavj02050802
1953,15882855,"CJ ROCKBALL","2026-05-31 05:02:49",0.94506,1,cjrockball
1954,16032417,"Aryan Arya01","2026-05-20 13:06:38",0.94506,3,aryanarya01
1955,16124804,HorseSheepGoGo,"2026-05-30 18:18:11",0.94506,2,horsesheepgogo
1956,15947413,FlameBoY01,"2026-05-15 13:19:31",0.94505,4,flameboy01
1957,15950563,"RADOT WAHANDA PUTRA TAMBUNAN 411222006","2026-05-13 17:24:40",0.94504,1,radotwahanda
1958,16114015,"Santo Paul","2026-05-29 21:17:30",0.94504,4,santopaul
1959,15811698,Jackofall718,"2026-05-01 12:22:36",0.94502,2,jackofall718
1960,15809507,Seeeky,"2026-05-10 11:47:06",0.94501,7,seeeky
1961,15899207,"Esteban Dieguez","2026-05-25 19:49:10",0.94499,13,estebandieguez
1962,15925671,Ardiardi29,"2026-05-22 15:58:07",0.94499,1,ardiardi29
1963,16100770,"Blendi Ajdari","2026-05-30 11:06:49",0.94497,15,blendiajdari
1964,15930170,"Angel igl","2026-05-12 17:32:17",0.94497,3,angeligl
1965,15972177,"Robit Al Hazmi","2026-05-15 15:32:15",0.94496,4,robitalhazmi
1966,16096443,mediumGuy,"2026-05-28 15:24:06",0.94496,8,mediumguy
1967,15840961,Akıner,"2026-05-29 20:44:49",0.94495,2,akiner
1968,15874642,"Avik Das","2026-05-12 12:29:23",0.94495,2,avikdas567
1969,16060792,"T Okano","2026-05-24 20:18:06",0.94494,4,tokano
1970,15990504,changtaining,"2026-05-18 02:37:11",0.94494,1,changtaining
1971,16048476,"Shlok Doshi","2026-05-23 10:38:38",0.94493,3,asfdsfafdsadsf
1972,15847520,"Francesc Oliveras","2026-05-06 11:14:41",0.94491,1,francescoliveras
1973,15874615,"Baha Enes Ören","2026-05-13 18:45:19",0.94491,9,bahaenesren
1974,16052438,"Penguin Tux","2026-05-26 18:21:32",0.94491,1,amrugg
1975,15997288,s100083473,"2026-05-17 11:12:07",0.94491,2,s100083473
1976,15827635,"Batuhan Yolver","2026-05-03 12:14:14",0.94491,3,batuhanyolver
1977,15812017,"Ahmet Türkmen","2026-05-11 23:15:30",0.94489,2,bit104
1978,16031806,tt,"2026-05-21 05:49:52",0.94488,4,takagitoshimitsu
1979,15907262,"Filamatra Mirindra","2026-05-26 16:16:21",0.94488,7,filamatramirindra
1980,16097754,"Duck Alston","2026-05-29 20:28:06",0.94488,4,duckalston
1981,15942089,"Vasilevykh Pavel","2026-05-28 18:53:19",0.94485,2,vasilevykhpavel
1982,16072599,"Ayman _Khan","2026-05-25 16:16:03",0.94485,2,aymankhan555
1983,16018659,"IVan Da Vodka","2026-05-19 03:14:35",0.94484,3,ivandavodka
1984,15940507,"Doroshenko Dima","2026-05-22 14:27:40",0.94482,2,doroshenkodima
1985,15810022,"Hitesh Bharadwaj","2026-05-15 05:47:09",0.94480,3,hitvempi
1986,15970367,BirdBird,"2026-05-25 15:57:52",0.94480,4,jiayuanfoo
1987,16032261,Aoba.K,"2026-05-28 10:44:42",0.94479,1,ailover21
1988,15885883,"Philemon Chan","2026-05-09 03:52:47",0.94479,2,uduntu
1989,15824616,happytreehugger,"2026-05-16 09:03:12",0.94478,5,naomixia
1990,16075385,ajayvenkat1947,"2026-05-29 08:16:43",0.94478,3,ajayvenkat1947
1991,15899056,Jia,"2026-05-08 15:49:38",0.94477,2,yeheyeeuhe
1992,15871665,IrpanM,"2026-05-10 23:42:31",0.94472,3,irpanm
1993,15888638,"Anuj Saha","2026-05-10 18:29:06",0.94471,6,anujsaha0123456789
1994,15989395,"Joseph Dominguez","2026-05-16 15:44:26",0.94470,2,josephdominguez1
1995,16057015,arbuzikkk,"2026-05-23 14:33:30",0.94469,2,arbuzikkk
1996,16051160,"Ikeda Teresa-chan Desu~","2026-05-22 19:38:56",0.94468,3,teresazaka46
1997,15921541,"Lefteris Tsimplekas","2026-05-20 17:49:08",0.94468,6,lefteristsimplekas
1998,16079471,Nishant,"2026-05-26 06:02:41",0.94467,1,nishantroy449
1999,15931723,jonattanrv,"2026-05-26 02:52:06",0.94466,4,jonattanrv
2000,15871225,"HARI GOVIND J","2026-05-30 06:01:09",0.94466,1,harigovindj3
2001,15948869,"Harsh Sharma","2026-05-30 17:29:57",0.94465,2,harshsharma2704
2002,15893381,"Amogh Kondiparthy","2026-05-13 17:38:44",0.94464,3,amoghkondiparthy
2003,15940600,"Артём Шалатонов","2026-05-12 16:53:37",0.94460,2,tyomaagg
2004,15822699,Glitch,"2026-05-02 08:24:15",0.94460,3,devanathravi
2005,16012892,"Mirjam Reino","2026-05-29 19:17:10",0.94459,18,mirjamreino
2006,16025229,"Sheetal Lodhi","2026-05-30 03:39:13",0.94458,2,sheetallodhi
2007,15810178,"Basak Tamer","2026-05-01 10:33:24",0.94457,1,basaktamer
2008,16003930,"Bhaskar Mulik","2026-05-24 12:58:13",0.94457,1,bhaskarmulik
2009,15822149,"[Deleted] 6d217c2c-6d20-4e8a-8f61-635b872285c5","2026-05-16 03:56:00",0.94457,38,del=e3f2a8a64f01a3f0
2010,15938185,"Mycroft Kang","2026-05-18 04:57:55",0.94455,1,mycroftkang
2011,16005060,Babel_Xu,"2026-05-27 03:26:40",0.94454,3,babelxu
2012,16085863,"Monish Singhal","2026-05-29 16:56:18",0.94454,1,monish0110
2013,16033412,Codegg,"2026-05-20 14:54:07",0.94454,1,codeegg
2014,15841574,"Fares Alawneh","2026-05-03 19:41:32",0.94453,1,farresss
2015,15816650,"George Bender","2026-05-21 08:56:14",0.94453,6,georgebender
2016,16111760,Luigiscal07,"2026-05-29 15:28:50",0.94450,4,luigiscal07
2017,15828561,"Tenter Hooks","2026-05-03 18:46:00",0.94450,2,tenterhooks
2018,15826110,"Max Verstappen","2026-05-02 11:27:13",0.94450,4,dhruvpaidukle
2019,16019757,kimMinJeongggggg,"2026-05-25 03:59:15",0.94450,1,kimminjeonggggggg
2020,15896355,"ARUNAGIRINATHAN K","2026-05-10 04:00:51",0.94449,6,arunsworkspace
2021,16044683,"mukesh p22","2026-05-21 21:10:13",0.94448,1,mukeshp22
2022,15872019,Sananda,"2026-05-06 08:59:27",0.94447,5,sananda34
2023,15834884,Soham_Deshpande,"2026-05-11 04:58:50",0.94447,3,sohamdeshpande11
2024,15996444,xcoast,"2026-05-23 18:27:09",0.94447,1,xcoast
2025,16077804,MUYI,"2026-05-26 05:14:56",0.94447,2,muyiyouyouning
2026,16108675,"Diego Vespa","2026-05-29 16:14:24",0.94447,6,diegovespa
2027,15881136,"Christopher Dale","2026-05-14 20:16:59",0.94444,6,christopherdale
2028,16088178,"Sharad Jhanwar","2026-05-27 05:44:01",0.94444,2,sharadjhanwar121
2029,16105315,"Haruki Tsunekawa","2026-05-29 02:37:43",0.94444,1,harukitsunekawa
2030,15810630,NatalTiger26,"2026-05-30 05:55:34",0.94444,3,nataltiger26
2031,15840105,"Ram Jas","2026-05-09 16:56:25",0.94443,2,ramjasmaurya
2032,15868252,"Ahmad Montaser","2026-05-07 02:32:32",0.94443,5,ahmadmontaser
2033,15831060,"Siri Purighalla","2026-05-03 17:13:18",0.94442,6,siripurighalla
2034,15984638,"Luis Modesto","2026-05-15 14:09:51",0.94442,1,luismod63
2035,16007189,NTHU_111000226,"2026-05-25 12:12:12",0.94441,3,nthu111000226
2036,16108674,michaelbagnoli99,"2026-05-29 16:19:20",0.94441,4,michaelbagnoli99
2037,16069410,Sunset,"2026-05-26 10:50:31",0.94440,1,dtd1232
2038,15995402,"Futa Sho","2026-05-17 13:31:18",0.94435,7,futasho
2039,15838027,"Yi Zhu","2026-05-05 06:26:20",0.94434,1,iamkellythankyou
2040,15810902,marylka,"2026-05-01 20:10:25",0.94433,1,marylka
2041,15997481,"Евгений Горин","2026-05-17 08:31:58",0.94432,4,jojo2698
2042,15827806,"Mete Oğuz","2026-05-26 19:27:17",0.94431,16,meteouz
2043,15813537,Kota,"2026-05-12 02:24:51",0.94430,3,kotafuchiwaki
2044,16045904,"Ivan Silinsky","2026-05-22 20:25:45",0.94430,4,ivansilinsky
2045,15897612,"Yogesh Baral","2026-05-10 16:43:25",0.94428,3,yogeshbaral
2046,15816363,Pebble,"2026-05-23 14:43:01",0.94428,1,waishingl
2047,15867522,光風嵐気,"2026-05-08 07:14:18",0.94427,1,farhankbar
2048,15813667,"Erwin Huizenga","2026-05-30 16:40:41",0.94425,29,erwinh
2049,15827397,COLIONY,"2026-05-02 14:17:21",0.94423,1,coliony
2050,15808693,shinchisaito,"2026-05-22 04:56:53",0.94422,16,shinchisaito
2051,16090467,Fe1ixxxx,"2026-05-29 10:51:09",0.94420,1,fe1ixxxx
2052,16115382,"Ayush Mukherjee","2026-05-30 01:31:20",0.94417,2,mukherjeeayush
2053,16118885,RayNi322,"2026-05-30 17:34:10",0.94416,2,rayni322
2054,16063043,shivam,"2026-05-30 09:32:42",0.94414,6,eshivam
2055,15875934,"Ankit Jha","2026-05-06 15:14:57",0.94414,1,ankitjha006
2056,15967160,"Usama Jabar","2026-05-14 09:42:09",0.94413,1,usamajabar
2057,16037432,"Zikai Chen","2026-05-21 03:24:27",0.94413,1,kyrie1102kai
2058,16053697,JasonRay,"2026-05-23 11:07:33",0.94412,6,jasonray15136
2059,15882420,"Nida Amir","2026-05-13 06:01:24",0.94411,3,nidaamir
2060,16008047,"Gunin Midha","2026-05-18 06:19:42",0.94408,1,guninmidha
2061,15969983,Jei_dev25,"2026-05-17 15:02:21",0.94406,25,jeidev25
2062,15891653,"Alessandro Giovannelli","2026-05-08 12:08:39",0.94405,4,aleprt
2063,15819638,x5or6,"2026-05-30 17:24:52",0.94403,7,wuzimu
2064,15845819,Srishti,"2026-05-31 03:28:15",0.94402,1,srishtigauraha
2065,15823011,"Muhammad Hamim Islam","2026-05-13 05:35:31",0.94402,10,odvut1
2066,15861676,"Mohamed Akram","2026-05-05 14:32:01",0.94401,2,mohamedakramzidan
2067,15840243,"Pavan Sai.D","2026-05-10 17:08:46",0.94399,2,pavansaid
2068,15895726,galb,"2026-05-08 15:08:26",0.94399,1,galbre
2069,15936199,CharlesPoon,"2026-05-12 08:58:38",0.94398,1,charlespoon
2070,15873463,maiHydrogen,"2026-05-23 10:53:19",0.94397,1,maihydrogen
2071,15950553,"Luo Xuxuan","2026-05-14 05:54:06",0.94394,1,luoxuxuan
2072,15805003,rabaa28,"2026-05-01 03:45:26",0.94393,3,rabaa28
2073,16060314,karasu1982,"2026-05-26 13:35:50",0.94393,3,karasu1982
2074,16005354,"Sahrul Adicandra","2026-05-29 16:27:16",0.94391,2,sahruladicandra
2075,15847706,"Liu Zichen","2026-05-04 11:30:47",0.94389,1,liuzichen06461
2076,16000102,YongyvChen,"2026-05-27 12:17:41",0.94386,23,yongyvchen
2077,16016498,"Hugo Queniat","2026-05-20 10:30:56",0.94385,6,hugoqueniat
2078,15810456,"Civic Type R","2026-05-25 16:20:32",0.94385,2,"sakthisanthosh010303,sugan0tech,thunder7"
2079,16068949,"Quang Học","2026-05-26 15:16:23",0.94384,3,quanghoc
2080,16072720,"Joaquin Fernandez","2026-05-28 14:21:54",0.94381,2,joaquinfdez
2081,15819068,"Alan Joy538","2026-05-01 19:43:42",0.94379,7,"alanjoy538,raghvv"
2082,16096768,Abhijit,"2026-05-28 05:17:07",0.94379,1,chyungmyung
2083,15988032,dineshprit,"2026-05-15 20:24:04",0.94378,3,dineshprit
2084,15818442,victor,"2026-05-20 16:49:28",0.94376,10,vicmcorrea
2085,15842593,nururu,"2026-05-28 14:36:46",0.94375,13,nururu
2086,15997039,"Roman Santalov","2026-05-18 18:25:42",0.94373,2,romasanta
2087,16021784,"Sai deep 22","2026-05-19 09:04:43",0.94371,1,saideep22
2088,16050978,"Kirill Gubkin","2026-05-24 11:17:52",0.94370,3,kirillgubkin
2089,16112963,"Akshay J Kulkarni","2026-05-30 16:21:55",0.94369,4,akshayjkulkarni
2090,15865793,"Udit Ghai","2026-05-05 20:10:01",0.94367,7,uditghai
2091,15815696,"Arun Surendranath","2026-05-04 03:30:19",0.94364,1,nat011
2092,15942591,"Pranay Aggarwal","2026-05-18 15:03:14",0.94361,1,pranay0226
2093,15803842,"Gandharv Kulkarni","2026-05-13 02:34:03",0.94361,20,gandharvk422
2094,16002784,"Esther Chai","2026-05-22 04:17:35",0.94358,2,"deronfooyijia,estherchai,meiqiii3"
2095,15894698,PhalacrocoraxCarbo,"2026-05-08 10:51:51",0.94355,4,phalacrocoraxcarbo
2096,15928121,"Johan Setiawan","2026-05-11 13:13:55",0.94355,2,johansetiawan17
2097,15820110,"Анатолий Шадрин","2026-05-03 20:44:31",0.94354,3,onotoleshhh
2098,15808093,ats23,"2026-05-06 03:31:36",0.94350,2,ainsley20
2099,15881715,"Logan Wright","2026-05-18 00:12:03",0.94349,7,loganwright92
2100,15936209,"Varun Vardhan","2026-05-12 08:02:22",0.94349,1,varunvardhana
2101,16030280,Jerome-IMS,"2026-05-20 08:27:50",0.94347,2,jeromeims
2102,15804990,calico,"2026-05-03 14:50:09",0.94347,4,nna777
2103,15945284,"Naimul Hasan Shadesh","2026-05-13 06:35:30",0.94346,1,shadesh
2104,15973421,"Miguel Guimarães","2026-05-30 09:46:32",0.94345,15,miguelaguimares
2105,15844332,Ramadhanigb19,"2026-05-11 09:20:41",0.94343,1,ramadhanigb19
2106,16085808,helloromiro,"2026-05-26 18:53:48",0.94341,4,helloromiro
2107,16096552,GoingWheat,"2026-05-28 02:41:35",0.94341,1,goingwheat
2108,16074321,Shirin2105,"2026-05-25 16:04:08",0.94341,2,shirin2105
2109,15926080,"Maroof Abdullah","2026-05-11 13:06:12",0.94341,1,maroofabdullah
2110,16091856,"_o ItzMarco","2026-05-29 16:40:30",0.94339,5,oitzmarco
2111,15995317,"jjdd allen","2026-05-29 15:11:17",0.94339,7,jjddallen
2112,16040452,"Vedant Kadam","2026-05-23 11:19:15",0.94337,5,killua88
2113,15909761,"Sarp Ünsal","2026-05-20 18:29:37",0.94337,4,sarpunsalytu
2114,16058848,amanda4957,"2026-05-27 23:55:49",0.94336,3,amanda4957
2115,15830846,Jemin,"2026-05-16 13:28:09",0.94334,5,jeminm
2116,15895318,"David Guillamet","2026-05-08 08:52:18",0.94334,1,davidguillamet
2117,15996784,ARTHYAL,"2026-05-28 14:40:10",0.94331,5,"arthyal,suyashpatil09"
2118,15906377,"tsh forecast","2026-05-10 22:07:44",0.94329,6,tshforecast
2119,16002595,W_coder_hu,"2026-05-20 08:26:36",0.94329,1,wcoderhu
2120,15985791,"RISHAB KUMAR","2026-05-17 07:12:33",0.94329,2,rishabkumar27
2121,15916579,eshika,"2026-05-10 12:33:28",0.94328,3,eshika233886208vcet
2122,16052719,"Jeremy H","2026-05-23 01:15:00",0.94328,1,jeremyhaakenson
2123,16053314,iichiko,"2026-05-23 04:46:30",0.94328,1,iichiko0908
2124,15921556,"Zachary Ginsburg","2026-05-10 19:54:37",0.94326,2,zacharyginsburg
2125,16026318,"Parth Goel","2026-05-22 11:53:57",0.94325,10,parthg2007
2126,15890759,Kuriboh,"2026-05-08 09:44:32",0.94322,1,cauchyeix
2127,16070210,ToSa29,"2026-05-25 09:05:16",0.94321,1,tosa29
2128,15890551,"Jose A Rubiales","2026-05-14 13:44:12",0.94321,7,jadrubiales
2129,15929787,"Zhordan Ravi Paleva","2026-05-11 17:26:54",0.94318,2,zhordanravipaleva
2130,15865450,"Mr. TD","2026-05-06 17:01:04",0.94317,2,dharmiktrivedi
2131,15973963,"Gourav Jaiswal","2026-05-14 16:01:14",0.94314,1,gouravkjaiswal
2132,16093357,Shoe_maker,"2026-05-27 14:59:36",0.94314,1,shoemaker70969
2133,16053272,"Goated Prerit","2026-05-23 03:42:43",0.94313,2,goatedprerit
2134,15937910,Roy_Wang925,"2026-05-12 11:04:54",0.94311,1,roywang925
2135,15874361,MEIYBO,"2026-05-27 07:47:30",0.94311,3,meiybo
2136,16069935,DragonFly314,"2026-05-25 14:39:58",0.94311,1,dragonfly314
2137,16063551,jkj7042,"2026-05-30 13:05:33",0.94309,7,jkj7042
2138,15893449,Macoo68,"2026-05-22 06:17:19",0.94309,2,macoo68
2139,15943567,asdfdasg,"2026-05-29 04:54:16",0.94306,4,asdfdasg
2140,15945327,Claw,"2026-05-28 21:13:13",0.94306,1,arxclaw
2141,15809905,kansyo,"2026-05-06 09:32:21",0.94306,2,kansyo
2142,15812893,Koikoiiinami,"2026-05-24 05:39:17",0.94306,3,koikoiiinami
2143,15904521,"mason CHo","2026-05-11 10:26:00",0.94305,2,helioux
2144,15837855,"vaibhav solanke","2026-05-06 20:37:04",0.94303,11,vaibhavsolanke
2145,15875579,"Tabish Siddiqui","2026-05-07 06:26:22",0.94300,1,tabishsiddiqui321
2146,15806129,"Aum Patel 131","2026-05-03 06:20:15",0.94298,1,aumpatel131
2147,15827328,"Kira Gottschalk","2026-05-08 11:58:15",0.94298,28,kiragottschalk
2148,16092396,train112,"2026-05-28 14:33:26",0.94294,1,train112
2149,15820559,"David Kaplan","2026-05-01 22:29:32",0.94292,5,davidkaplan13
2150,15815826,sparsh712,"2026-05-05 21:04:02",0.94291,1,sparsh712
2151,15923942,"Valerius Astoria","2026-05-13 04:28:57",0.94289,6,valeriusastoria
2152,16035721,"Hannes Malcha","2026-05-22 05:25:48",0.94286,4,hannesmalcha
2153,16101500,Daiki_aa,"2026-05-28 14:28:49",0.94285,1,daikiaa
2154,15830680,"Yohann Roux","2026-05-05 00:17:07",0.94285,1,yohannroux
2155,15820490,Leon,"2026-05-29 16:37:33",0.94284,2,alunji
2156,16014236,jiangyifu017027,"2026-05-19 06:56:07",0.94284,3,jiangyifu017027ustc
2157,15874946,Vlad,"2026-05-18 11:05:57",0.94283,1,vladstud716373618
2158,16052082,"Josh Moore","2026-05-28 22:40:34",0.94283,6,joshmoore0
2159,15814406,kageeeeee,"2026-05-09 01:20:24",0.94282,4,kageeeeee
2160,15813230,"Manasi Pandit","2026-05-06 15:57:17",0.94282,2,manasi197
2161,16003045,yimjune,"2026-05-29 23:36:34",0.94278,3,yimjune
2162,15879906,"Felipe Moreira","2026-05-07 23:30:52",0.94276,1,felipe0365
2163,15808296,María,"2026-05-05 19:10:51",0.94275,1,mariaenc
2164,15825862,"Edosuyi Enosakhare","2026-05-03 10:00:21",0.94270,9,edosuyienosakhare
2165,15898561,Ramsunthar,"2026-05-10 13:36:11",0.94269,11,ramsunthar
2166,15852393,"Nkosana Chirokoto","2026-05-18 05:48:20",0.94267,11,nkosanachirokoto
2167,15995343,lucaasleal,"2026-05-17 22:43:15",0.94266,6,lucaasleal
2168,15941345,YouKnowJP,"2026-05-14 02:04:55",0.94265,2,youknowjp
2169,15937341,"Tara Van Mierlo","2026-05-12 13:47:12",0.94264,2,taravmierlo
2170,15831072,"Claire de Badts","2026-05-26 19:20:29",0.94263,24,clairedebadts
2171,15880700,XinSwan,"2026-05-07 03:36:43",0.94261,5,"huxinya,wenxiaonan"
2172,16052548,"Christine Ong","2026-05-23 03:32:46",0.94256,4,christineong
2173,15914585,"Zachary Collazo","2026-05-12 22:17:14",0.94252,1,ztcollazo
2174,16000455,Seventh717,"2026-05-26 18:03:33",0.94252,4,seventh717
2175,15918846,danbural,"2026-05-10 14:15:50",0.94244,4,danbural
2176,15866488,"Bohr Dan","2026-05-06 09:59:30",0.94243,6,bohrdan
2177,15947215,YaoJie11,"2026-05-30 12:46:21",0.94243,6,yaojie11
2178,16058409,diegolaio,"2026-05-23 18:37:38",0.94243,1,diegolaio
2179,16098910,"Smriti Khanal","2026-05-28 10:40:04",0.94242,2,smritikhanal
2180,15845101,truen,"2026-05-04 07:16:34",0.94241,2,truecode
2181,15970514,"Côme Labroye","2026-05-14 14:16:53",0.94241,9,cmelabroye
2182,15817066,"Aleksandrov Andrey Alekseevich","2026-05-01 18:11:07",0.94232,1,abbeleve
2183,16119914,strayca7,"2026-05-30 13:44:56",0.94231,1,strayca7
2184,16055694,Singh.Avinash,"2026-05-30 21:02:47",0.94230,20,singhavinash1987
2185,15853319,Monfo_00,"2026-05-24 13:42:27",0.94228,7,monfo00
2186,15859960,"Grace Ganyilo","2026-05-28 18:39:41",0.94228,11,graceganyilo
2187,16060365,"Sanjana Adhikari","2026-05-24 05:06:31",0.94226,2,adhikarisanjana
2188,15976616,MK_team,"2026-05-15 19:33:53",0.94225,1,marcelktel
2189,16058431,"Harshith achar","2026-05-24 09:30:09",0.94225,4,harshithachar1
2190,16023797,RAMIRO_CICERO_01,"2026-05-19 18:54:46",0.94224,4,ramirocicero01
2191,16095870,Max.sm.yc,"2026-05-27 23:09:04",0.94220,1,maxsmyc
2192,15984925,"Nnamdi John","2026-05-18 05:42:04",0.94215,3,nnamdijohn
2193,16116844,"Abhinav A","2026-05-30 09:09:43",0.94215,5,mavis04
2194,15888161,"Debraj Dey","2026-05-30 10:10:37",0.94214,4,debrajdey01
2195,15872772,IEEM26_111034062,"2026-05-06 15:44:08",0.94211,7,ieem26111034062
2196,16063801,Debajit,"2026-05-24 15:59:16",0.94210,2,barondebajit
2197,16107576,yooks0303,"2026-05-29 06:50:09",0.94210,2,yooks0303
2198,15921777,SWAM,"2026-05-14 19:45:58",0.94208,5,alexmaude
2199,15803861,"Khoi Tuan Nguyen","2026-05-04 13:04:02",0.94203,14,khoingt
2200,16061899,IEEM26_112034042,"2026-05-30 18:34:18",0.94202,3,wilson1222
2201,15907754,anakin_sungsoo,"2026-05-16 08:43:36",0.94200,1,anakinsungsoo
2202,15869981,Psm0511,"2026-05-15 22:38:57",0.94197,1,psm0511
2203,15972840,"Victor Chege","2026-05-15 05:40:08",0.94193,2,victorchege0
2204,15812423,"Traiko Dinev","2026-05-01 10:39:33",0.94193,1,include4eto
2205,16118410,Apollo199999999,"2026-05-30 11:03:02",0.94193,2,apollo199999999
2206,15906146,Mukund,"2026-05-09 10:12:07",0.94190,4,mukund23
2207,15807589,SophieB,"2026-05-13 00:24:59",0.94187,2,sophieb
2208,15924282,"Ayush Singh","2026-05-19 13:58:17",0.94186,8,ayushsingh200411
2209,15806071,"Victor Owuor","2026-05-29 11:08:24",0.94184,2,victorowuor
2210,15930425,Fusion321,"2026-05-11 18:18:06",0.94183,3,fusion321
2211,16031563,Ningaloo,"2026-05-30 09:09:42",0.94181,3,ningaloo
2212,15994898,kt,"2026-05-30 08:26:58",0.94181,2,"akshayanvishaal,siddhu2727"
2213,15811572,architsh007,"2026-05-06 14:09:58",0.94181,3,architsh007
2214,15886879,"RiccardoB Lavoro","2026-05-15 16:09:16",0.94179,5,riccardoblavoro
2215,15822097,"Coen Howerter","2026-05-03 22:42:48",0.94177,5,coenhowerter
2216,15864485,"Mohamed Drabo","2026-05-05 18:17:07",0.94177,2,mohameddrabo
2217,15896017,"Tanush Badonia","2026-05-15 19:56:58",0.94175,5,tanushbadonia
2218,16093287,"H MD Sahed","2026-05-28 14:32:17",0.94170,2,hmdsahed
2219,15847218,kasuuuu,"2026-05-11 12:06:52",0.94168,22,kasuuuu
2220,15956252,SkYnet,"2026-05-24 21:01:28",0.94166,4,"upamap1,zombie97"
2221,15903164,"Patrikas Gabrielius Modulevas","2026-05-10 10:05:31",0.94166,11,idk2me
2222,16018058,"Bijay Syangtan","2026-05-25 01:46:45",0.94162,4,bijaysyangtan
2223,15914793,"Muh Amri Sidiq","2026-05-10 03:14:05",0.94162,1,amri11
2224,16090452,D1467578吳艾庭,"2026-05-29 14:18:29",0.94158,3,d1467578
2225,15950796,"abdurhman elgrm","2026-05-13 19:23:06",0.94158,1,abdurhmanelgrm
2226,15985023,"SADRA zarei","2026-05-30 13:41:28",0.94157,7,sadrazarei
2227,15877446,"Dilan Sanjaya Perera","2026-05-06 17:24:14",0.94157,1,dilansanjayaperera
2228,15858589,Amirithm,"2026-05-05 13:22:33",0.94156,3,amirdejesusamado
2229,16079309,shumpeace,"2026-05-26 05:17:05",0.94156,1,shumpeace
2230,16030688,NK,"2026-05-20 08:38:58",0.94156,1,knonthawat
2231,15806291,"Aditya Majumdar","2026-05-04 06:14:17",0.94155,2,adityano1
2232,15804576,shimodas,"2026-05-25 14:17:43",0.94152,3,shimodas
2233,15828198,"Крымов Валерий","2026-05-02 16:49:31",0.94150,1,crumbobly
2234,15942329,PACESETTER55,"2026-05-12 21:49:09",0.94149,1,pacesetter55
2235,15946892,"Muhammad Bin Nadeem","2026-05-15 20:23:22",0.94146,2,muhammadbinnadeem
2236,15871718,niniyu,"2026-05-06 08:39:14",0.94145,2,niniyu0123
2237,15824524,Ameya,"2026-05-02 07:19:20",0.94143,1,ameyasr1308
2238,15892484,Duckknight_7,"2026-05-08 05:20:49",0.94137,1,duckknight7
2239,16053971,"Abhishek Maurya","2026-05-23 16:09:30",0.94134,1,abhishek123maurya
2240,15814102,"Jared Chang","2026-05-02 00:39:37",0.94132,6,jaredchang
2241,16108368,"Divyanshu Somasekhar","2026-05-29 09:16:10",0.94132,1,divyanshusomasekhar
2242,15806819,"Kaysan Islam","2026-05-15 16:12:43",0.94131,1,kaysanislam
2243,15805990,Tom8710,"2026-05-25 20:42:13",0.94131,36,tomactlog
2244,15943723,"Fatemeh Taherifard","2026-05-22 00:32:24",0.94130,20,fatemehtaherifard
2245,16057167,"Debora Giovanni","2026-05-26 13:38:16",0.94128,1,deboragiovanni
2246,15885829,reheartalk,"2026-05-07 12:46:43",0.94126,1,reheartalk
2247,15824786,"Max Mak","2026-05-02 21:12:48",0.94124,1,maxyy543
2248,15984680,Melihdrl,"2026-05-24 13:10:06",0.94119,1,melihdrl
2249,16059031,"Atharva Naik","2026-05-24 17:07:42",0.94119,1,atharvanaik2024
2250,16058036,"Rutvik Mendpara","2026-05-23 17:34:18",0.94119,3,rutvikmendpara
2251,15814194,"Himanshu Dhiman","2026-05-01 12:43:13",0.94117,1,hmnshudhmn24
2252,15811902,"furio paolo menotti ","2026-05-05 14:29:08",0.94116,15,furiopaolomenotti
2253,15930687,bob232324,"2026-05-11 19:08:09",0.94115,1,bob232324
2254,16023768,"Quentin Raynaud","2026-05-20 18:18:19",0.94114,8,quentinraynaud
2255,15993602,"Shadow Yan","2026-05-19 13:36:44",0.94111,6,shadowyan
2256,15819043,"Kodai Fukuda","2026-05-09 09:57:59",0.94107,3,kodaifukuda0311
2257,15856573,"yf D","2026-05-05 04:36:26",0.94103,1,dengvitruviano
2258,15846282,"RYUYA KAWASAKI","2026-05-04 09:00:42",0.94103,3,ryuyakawasaki
2259,16026047,"Jesse CL","2026-05-20 23:37:16",0.94101,1,jessecampionloth
2260,15827064,coolngr8,"2026-05-03 18:10:01",0.94101,4,coolngr8
2261,16018434,AliceQoQ,"2026-05-19 08:15:24",0.94100,1,minsungkimhits
2262,16004389,"dohyeon kim","2026-05-28 08:18:48",0.94097,1,dohyeon076
2263,15829534,"dawood Zargar","2026-05-02 16:53:26",0.94097,4,dawoodzargar
2264,16022449,Jeb9487,"2026-05-27 05:21:12",0.94096,2,jeb9487
2265,15812511,darksols,"2026-05-18 05:23:32",0.94096,30,darksols
2266,15841402,Lysapala,"2026-05-26 11:37:47",0.94095,1,lysapala
2267,16068863,"LIU jia rui","2026-05-30 14:31:52",0.94092,4,s114021103
2268,15806713,kaele,"2026-05-16 04:50:15",0.94092,4,jjejevvsu
2269,15867744,"Rifqi Hafizuddin","2026-05-24 12:31:40",0.94091,1,rifqihafizuddin
2270,15982025,"Learning By Doing","2026-05-15 14:47:57",0.94091,3,"xslooo,zequanbear"
2271,15914243,"Warren Chu","2026-05-10 01:30:00",0.94090,1,worldtraveller678
2272,15943789,eden_hierarch,"2026-05-13 04:10:19",0.94088,1,edenhierarch
2273,15902465,"Liam Cody","2026-05-10 15:42:50",0.94088,2,liamcody
2274,15881528,"Harshavardhana Naganagoudar","2026-05-08 09:08:40",0.94086,1,nharshavardhana
2275,16038476,zhangjianrui,"2026-05-21 05:54:52",0.94086,1,zhangjianrui
2276,16118176,cbc_9320,"2026-05-30 17:46:22",0.94086,2,cbc9320
2277,15853047,"Soumya Thakur","2026-05-06 17:26:11",0.94085,2,sovmya
2278,15841080,"Paul Menke","2026-05-04 09:40:09",0.94081,2,paulmenke
2279,16090973,dxjjjjjj,"2026-05-30 12:30:15",0.94081,3,dxjjjjjj
2280,15972192,"Manu Kashyap","2026-05-16 03:15:14",0.94078,1,manukashyap01
2281,15917081,"Rounak Seal","2026-05-10 12:00:10",0.94078,1,rounakseal
2282,16018122,"Philip Abakah","2026-05-29 17:39:23",0.94077,2,philipabakah
2283,15931882,aordaz3,"2026-05-14 22:23:27",0.94071,1,aordaz3
2284,15990064,"Nicholas MacKinnon","2026-05-16 04:38:01",0.94070,2,nicholasmackinnon1
2285,16061940,"Sarthak #2","2026-05-26 18:48:24",0.94069,1,sarthakkkkk167
2286,15913828,Nayeemul_Islam909,"2026-05-09 22:01:35",0.94069,2,nayeemulislam909
2287,15967148,"Anushka Kumari","2026-05-21 09:46:27",0.94068,1,kumarianushka02
2288,16120132,yoru10129,"2026-05-30 14:49:24",0.94065,1,yoru10129
2289,15811910,Subhendu,"2026-05-10 06:06:16",0.94059,5,subhendu
2290,15853658,WatSonw999,"2026-05-05 16:34:31",0.94059,2,phuongtheson
2291,16001113,"fumiya utsuno","2026-05-18 03:02:08",0.94058,2,fumiya326
2292,16091105,"Guangyu Xing","2026-05-30 15:25:43",0.94056,6,russellxing
2293,16030340,"zhuo wamg","2026-05-20 15:24:10",0.94054,2,zhuowamg
2294,15875070,ルート_8,"2026-05-08 09:24:44",0.94053,1,rutoruto8
2295,15996404,"Maan Baria-10","2026-05-17 11:11:30",0.94053,1,maanbaria10
2296,15939188,"Enoch Tan Jeng Sen","2026-05-29 11:43:15",0.94052,1,"elliotk03,enochtanjengsen"
2297,15976340,"Animesh Wani","2026-05-25 17:05:12",0.94052,2,wanimesh
2298,15884115,大卫·戴,"2026-05-13 14:12:06",0.94050,1,"kleinleonardmoretti,wanghy114514"
2299,15872440,"Jinil Prajapati_11","2026-05-11 05:04:41",0.94049,1,jinilprajapati11
2300,15818718,"Ayesha Siddiqua","2026-05-18 17:57:27",0.94048,7,coddy1803
2301,15991321,naogon,"2026-05-26 14:07:44",0.94048,1,naogon
2302,15917275,"Akash Das","2026-05-23 15:33:12",0.94047,3,akashdasad
2303,16023047,Meghshanth,"2026-05-30 12:51:25",0.94046,2,meghshanth
2304,15862515,昏睡考拉,"2026-05-06 14:11:03",0.94037,4,bigsleepykoala
2305,15900219,"Anvar Mukumov","2026-05-30 16:27:07",0.94035,2,anvarmukumov
2306,15841612,"Advait Gupta","2026-05-03 21:54:30",0.94031,2,iambatpool
2307,16108744,"Luigi Scalisi","2026-05-29 12:22:28",0.94031,10,luigiscalisi
2308,15894580,Takuya,"2026-05-08 09:19:02",0.94022,1,jhfkans1823
2309,16063962,bamboo,"2026-05-24 15:08:04",0.94022,1,gitbamboo42
2310,16081407,jesusvivo,"2026-05-29 10:10:21",0.94021,17,jesusvivo
2311,15993848,OrwellNow,"2026-05-17 10:21:14",0.94020,2,orwellnow
2312,15894605,"Sattam Das","2026-05-17 16:33:04",0.94019,1,sattamdas
2313,16114570,"Urad Konstantin","2026-05-30 14:11:42",0.94019,14,uradkonstantin
2314,15916179,"LAKSHMINATH BANDI","2026-05-17 06:12:18",0.94014,1,lakshminathbandi
2315,16002189,chlguddn,"2026-05-27 14:35:04",0.94013,3,chlguddn
2316,15915120,"Robert Wlaźlak","2026-05-12 05:04:10",0.94013,12,robertwlalak
2317,15943862,kjh8258916,"2026-05-23 18:37:16",0.93996,6,kjh8258916
2318,15846572,Carsten,"2026-05-20 12:25:55",0.93986,1,carstenborwieck
2319,16010527,Rohith,"2026-05-18 12:47:21",0.93986,1,alpha077
2320,15930038,"KARIMEDDINE ANWAR","2026-05-21 14:36:31",0.93974,18,karimeddineanwar
2321,16125215,tcoyne,"2026-05-30 22:33:05",0.93973,3,tcoyne1729
2322,15919176,"Goutam sharma","2026-05-10 14:02:53",0.93964,1,goutamsharma12
2323,15844293,"Neer SG","2026-05-05 06:37:11",0.93962,5,neersg
2324,15941730,Mikhail123321,"2026-05-12 18:59:31",0.93955,1,mikhail123321
2325,15871610,Muschuang123,"2026-05-06 09:31:07",0.93951,4,muschuang123
2326,16093682,winnie,"2026-05-30 08:19:15",0.93949,2,einniw4201
2327,15810295,Obzngs,"2026-05-22 11:48:59",0.93949,3,obzngs
2328,16111857,Shimanyakko,"2026-05-30 23:53:19",0.93947,1,shimanyakko
2329,16050086,zhuyuelei,"2026-05-23 06:13:32",0.93946,2,zhuyuelei
2330,15868148,PaulLeong,"2026-05-06 04:16:01",0.93943,1,paull71
2331,16117744,"Nguyễn Hoàng Việt 2005","2026-05-30 10:22:03",0.93938,1,nguynhongvit2005
2332,16001176,"Youssef Elebiary","2026-05-17 18:08:12",0.93936,1,youssefelebiary
2333,15980113,dookada,"2026-05-15 06:39:41",0.93933,1,dookada
2334,16059757,yesnewpie,"2026-05-28 01:33:33",0.93931,7,yesnewpie
2335,16097169,SimonLoYU,"2026-05-28 04:22:12",0.93922,2,simonloyu
2336,15875711,LuckyC,"2026-05-07 14:32:57",0.93914,2,wellheykaggle
2337,15837314,"Muhammad Usman Khan","2026-05-13 11:09:58",0.93913,1,usmankhandilzak
2338,15825122,"Vedant Pawale11","2026-05-02 16:13:52",0.93912,1,vedantpawale11
2339,15958674,"Vaishakh Vipin","2026-05-15 08:53:53",0.93909,9,vaishakhvipin
2340,15829852,"Jeremiah Adebayo","2026-05-08 14:26:06",0.93908,3,codehashira
2341,15820686,"Caine Merrick","2026-05-08 23:02:04",0.93899,6,cainemerrick
2342,15936919,"Aditya Manake","2026-05-30 19:39:23",0.93891,1,adityamanake
2343,15844154,"Zulpadli Syarif","2026-05-27 10:04:59",0.93889,3,zulpadlisyarif
2344,16077710,"Ateeb Rashid","2026-05-29 05:17:34",0.93878,3,ateebrashid
2345,15811538,"Milan Nagy","2026-05-12 16:21:39",0.93875,9,milannagy
2346,16047350,"Ajin P Joseph","2026-05-27 18:50:20",0.93875,3,ajinpjoseph
2347,16007003,mayankrai00300,"2026-05-19 03:11:10",0.93870,3,mayankrai00300
2348,15994430,Богдан,"2026-05-22 05:37:17",0.93869,1,rottencucumberr
2349,15808899,palpawan12,"2026-05-08 17:23:06",0.93866,4,palpawan12
2350,15833056,"Taichi Uemura","2026-05-03 01:16:37",0.93857,1,taichiuemura
2351,16085837,SIHYUNMOON,"2026-05-26 18:35:06",0.93843,3,sihyunmoon
2352,16058074,"Muhammed Koca","2026-05-25 18:17:27",0.93839,2,muhammedkoca
2353,16050738,"Sarvesh Dhond","2026-05-30 21:56:14",0.93834,14,sarveshdhond
2354,16016804,"Yashas Kapoor","2026-05-27 20:38:12",0.93831,3,"gauriii09,yashaskapoor"
2355,16100922,"Gustav Pråmell","2026-05-28 13:46:11",0.93826,1,gustavprmell
2356,15819492,ozzy97,"2026-05-01 23:28:10",0.93823,5,ozzy97
2357,15986199,Lukas,"2026-05-19 14:16:49",0.93822,1,lukab25
2358,16056611,"Nicholas Tedesco","2026-05-26 14:55:48",0.93817,3,nicholastedesco
2359,16078391,Lasasarah,"2026-05-28 08:29:02",0.93814,7,lasasarah
2360,15962678,"Junghwan Park","2026-05-14 07:15:10",0.93811,1,captainpark90
2361,15921803,lohith23116108,"2026-05-17 04:55:24",0.93810,4,lohith23116108
2362,15864111,rnr,"2026-05-05 17:40:33",0.93808,1,millka
2363,15813569,"Ali Sarp SUNAY","2026-05-17 20:20:37",0.93804,3,alisarpsunay
2364,15930000,"Shivansh Uppal","2026-05-11 19:05:47",0.93799,8,shivanshuppal
2365,15944120,chenbenson27,"2026-05-30 09:11:49",0.93788,10,chenbenson27
2366,15980620,"Rishabh S. Rajawat","2026-05-15 06:21:14",0.93780,1,a1ph4z3r0
2367,15828800,niangggg,"2026-05-02 14:50:03",0.93765,1,niangggg
2368,15908402,"Ben Ameur Amin","2026-05-09 14:28:15",0.93745,1,benameuramin
2369,16030011,"Joshua Szenk","2026-05-22 10:25:10",0.93730,11,joshuaszenk
2370,16052773,講師阪南大学,"2026-05-23 00:56:22",0.93722,1,fujiihannan
2371,15841332,"Caio Julio","2026-05-03 20:15:32",0.93717,2,caiojulio
2372,15823997,Bob,"2026-05-02 06:07:05",0.93712,1,robertpatchin
2373,15819781,"Simon Leboucher","2026-05-08 20:23:43",0.93709,4,"leopnt,simonlbcr"
2374,16092875,"Surya Teja Uppala","2026-05-27 16:14:10",0.93696,3,suryatejauppala
2375,16114071,debanik,"2026-05-29 20:28:46",0.93687,1,debanikkk
2376,16028632,"Demian GomezARR","2026-05-20 18:33:51",0.93684,1,demiangomezarr
2377,16018469,"Edmundo Cruz","2026-05-29 20:37:50",0.93668,8,maedcruzsa
2378,15886281,Stardescent,"2026-05-07 12:59:43",0.93652,1,dimas337tum
2379,15975481,"Rushikesh Pandurang Dhumal","2026-05-25 01:31:21",0.93651,11,rushikeshpd
2380,15939687,"Victor Dehon","2026-05-12 15:50:27",0.93648,1,victordehon
2381,15933975,Mason125,"2026-05-18 09:34:24",0.93645,4,mason125
2382,15898946,Andrey_Only_positive_Vibes,"2026-05-08 16:02:01",0.93643,2,andeyivanov
2383,16057862,"Ruchit Sonawane","2026-05-26 13:04:13",0.93637,1,ruchitsonawane
2384,15923416,"Bayu Dwi Cahyo","2026-05-11 10:10:39",0.93635,1,bayudwicahyo
2385,15875915,"Frank Chuka","2026-05-07 12:24:13",0.93625,1,frankchuka
2386,15943639,willy_10.6,"2026-05-26 17:03:42",0.93624,3,willy106
2387,16090889,"Daniel Černý","2026-05-27 10:20:02",0.93622,1,danielern72
2388,16073911,"Jerry Gong","2026-05-25 14:41:01",0.93608,1,jerrygong998
2389,15837002,chimtodan,"2026-05-05 18:35:52",0.93601,3,chimtodan
2390,15813216,"Veerendra A","2026-05-10 20:15:10",0.93594,4,veerendraa
2391,15987378,"Cameron Turner","2026-05-27 16:56:59",0.93576,2,cameronturner1923
2392,15822911,Harry66666,"2026-05-03 01:55:45",0.93576,17,harry66666
2393,15813153,"Shreeya Shah","2026-05-05 06:47:31",0.93573,1,shreeyashah
2394,15807660,"Ryan Bailey","2026-05-31 04:23:03",0.93571,1,ryjb93
2395,16001610,"Andrew #3","2026-05-30 13:42:03",0.93551,6,andrew727
2396,15829632,zidan-ruan,"2026-05-22 10:42:18",0.93541,2,zidanruan
2397,15927011,中村雅美,"2026-05-11 11:45:45",0.93538,1,masami1029
2398,15852277,"Neel Dipesh shah","2026-05-17 20:04:04",0.93536,17,neeldipeshshah
2399,15999760,Rohïth,"2026-05-22 11:09:32",0.93529,2,reddyrohith
2400,16074257,るりぬいさんの工房,"2026-05-26 22:08:07",0.93527,2,katamen
2401,15881232,herok0809,"2026-05-09 05:58:29",0.93520,4,herok0809
2402,16043036,"Gale XU","2026-05-22 11:07:49",0.93517,2,"galexu,yueyunchen,zengqianyu123"
2403,15886712,qqqaaavvv,"2026-05-27 23:18:46",0.93517,8,qqqaaavvv
2404,15873284,"Mark Nguyen","2026-05-20 18:42:20",0.93515,4,marknguyen02
2405,15838047,Codi-Nix,"2026-05-25 13:59:08",0.93513,10,codinix
2406,16055666,spyke7,"2026-05-24 11:08:43",0.93512,1,spyke7
2407,15825297,VinayPal0104,"2026-05-05 05:03:58",0.93496,2,vinaypal0104
2408,16101636,"Лосева Полина","2026-05-28 15:10:21",0.93490,1,doormamukaggle
2409,16116711,sangpx,"2026-05-30 05:55:16",0.93487,1,sangpx
2410,15922289,"Jackson North","2026-05-10 22:33:05",0.93477,1,jacksonnorth
2411,15995567,RyanW700623,"2026-05-17 14:41:43",0.93476,1,ryanw700623
2412,15866898,IMOBxxx,"2026-05-09 19:00:26",0.93457,2,imobxxx
2413,16019565,"Fikri Okto Setiadi","2026-05-19 09:35:27",0.93450,4,fikrioktos
2414,16057914,"Isaac Menard","2026-05-23 17:08:03",0.93447,3,isaacmenard
2415,16092100,chinesejedward,"2026-05-30 15:48:55",0.93445,3,chinesejedward
2416,15815618,Wen003,"2026-05-01 17:03:50",0.93402,2,wen003
2417,15982010,"Somya Mangal","2026-05-22 11:00:25",0.93399,5,somyamangal
2418,16046078,Eason242,"2026-05-23 09:52:56",0.93395,4,eason242
2419,15809583,"Vishesh Banna","2026-05-01 09:21:24",0.93366,1,visheshbanna
2420,15811188,liulichiwen,"2026-05-06 11:46:36",0.93354,6,liulichiwen
2421,15942285,"Andreas Kalogeropoulos","2026-05-30 19:07:21",0.93353,10,andreaskalog
2422,16057944,"Petar Petrov","2026-05-23 17:50:58",0.93351,3,petarpepi
2423,16043050,"Tamer Physics","2026-05-23 21:02:23",0.93331,1,tamerphysics
2424,15987484,Aniket_Verma,"2026-05-15 19:14:44",0.93322,5,aniketkiller
2425,15833475,xia0910,"2026-05-15 08:13:46",0.93304,6,xia0910
2426,16097839,thinkrunner,"2026-05-30 06:45:44",0.93294,3,thinkrunner
2427,16082805,"Yashpalsinh Thakor","2026-05-26 11:56:04",0.93281,1,yashpalthakor
2428,15808099,"Tsyban Valery","2026-05-01 10:03:24",0.93267,1,tsybanvalery
2429,15818968,"hisa koro","2026-05-04 22:49:38",0.93257,3,hisakoro
2430,15891265,S.Domain,"2026-05-10 01:30:26",0.93245,5,sdomain
2431,16105071,MyGO,"2026-05-29 03:24:20",0.93228,6,chunjianglong
2432,16048953,"Alexander Myagky","2026-05-26 14:35:02",0.93215,1,alexandermyagky
2433,15847518,"Kartik 0_0","2026-05-06 09:38:44",0.93201,10,kartik00
2434,15919774,"Navjot Singh \]qh","2026-05-13 08:30:41",0.93201,2,navjotsinghqh
2435,15988328,"Jason Christopher","2026-05-25 17:54:41",0.93189,2,jchristopher2448
2436,16031665,Yuvraj,"2026-05-21 21:55:07",0.93150,2,j4m4lj
2437,15989086,"Luis Eduardo Ribeiro Freitas","2026-05-27 09:46:41",0.93148,5,"gabrielbelo87,luiserf"
2438,15841434,"Matthieu Hoarau","2026-05-08 13:28:55",0.93144,2,matthieuhoarau
2439,15869839,"Ho Tuan Dat","2026-05-06 12:14:29",0.93140,6,dzhoz0
2440,16081632,codersnowball,"2026-05-27 10:44:35",0.93130,2,codersnowball
2441,16057124,"Evan Shareef","2026-05-27 07:57:55",0.93080,1,evanshareef
2442,15994263,"Simakin George","2026-05-16 19:15:20",0.93076,1,simakingeorge
2443,16067893,"Алексей Соболев","2026-05-28 12:39:09",0.93074,26,workharder1
2444,16055685,"Zubaira Maimona","2026-05-25 16:54:54",0.93067,2,itszubi
2445,15803930,"Monesh Satheeswaran","2026-05-30 22:10:51",0.93067,2,moneshsatheeswaran
2446,15924668,hhhmins,"2026-05-11 09:26:04",0.93039,1,hhhmins
2447,15919883,yokatan,"2026-05-15 07:14:58",0.93020,4,yokatan
2448,15885327,"Rohit kumar211987","2026-05-07 11:37:20",0.93018,1,rohitkumar211987
2449,15950423,cc311252,"2026-05-13 16:58:00",0.93013,1,calebchandrasekar
2450,15969665,"Adithya Sau","2026-05-14 11:30:10",0.93013,1,sauinho
2451,16057318,"George Wang","2026-05-23 15:03:16",0.93013,1,georgewang33
2452,15923233,黄杰勇16,"2026-05-28 06:51:05",0.93013,10,jack2416
2453,16030393,"Nimsara Dharmasiri","2026-05-20 09:01:53",0.92994,4,nimsarad
2454,16052936,devparmar1676,"2026-05-26 10:32:18",0.92983,7,devparmar1676
2455,15809561,"23DCE104 Zaid Saiyed","2026-05-04 17:50:34",0.92979,1,zaidsaiyed2703
2456,15812890,"Chris X","2026-05-28 14:13:39",0.92979,4,docxian
2457,15881034,TD,"2026-05-27 08:03:03",0.92979,9,tode111
2458,16047165,"Subhobrata Dey","2026-05-24 01:16:35",0.92977,1,sbcd90
2459,16001265,"Asjal Khan","2026-05-19 15:35:42",0.92937,1,asjalkhan1
2460,15878102,wekey,"2026-05-07 15:43:26",0.92934,3,wekey6
2461,15973457,"Kevin Li","2026-05-30 14:29:50",0.92928,5,kevinboli
2462,15985028,tsapuanq,"2026-05-18 13:34:30",0.92923,4,sapuantalaspay
2463,15852149,"Ryan Giberson","2026-05-06 03:16:44",0.92911,1,ryangiberson
2464,16002312,wzf666666,"2026-05-18 05:03:04",0.92895,1,wzf666666
2465,16085985,"Samuel Davin Soegianto","2026-05-30 06:30:36",0.92890,1,samueldavinsoegianto
2466,15931138,KevinWangStats,"2026-05-31 04:59:13",0.92883,22,kevinwangstats
2467,16004651,Vaibhav_486,"2026-05-18 17:12:58",0.92880,3,vaibhav486
2468,15926519,"[RU] sponish_flea","2026-05-11 10:30:56",0.92861,3,sponishflea
2469,15980149,"Christine Huang","2026-05-15 05:37:09",0.92844,3,c12huang
2470,15873267,"Praneel Maitra","2026-05-14 11:10:52",0.92821,8,praneeel
2471,15809091,"Ekaterina Voropanova","2026-05-03 15:44:08",0.92814,7,voropanovae
2472,16115734,Shuai0103,"2026-05-30 03:35:00",0.92810,2,shuai0103
2473,16092012,"Zalán András Szörényi","2026-05-27 17:56:50",0.92742,2,zalnandrsszrnyi
2474,15816762,DCJ,"2026-05-02 07:53:06",0.92741,4,demelcjohn
2475,16066236,"Filip Bočinec","2026-05-25 12:48:36",0.92735,5,filipboinec
2476,15921664,"Swarn shekhar00101","2026-05-22 13:31:58",0.92726,1,swarnshekhar00101
2477,16006710,"Ryan Shan","2026-05-19 06:14:28",0.92723,3,codegold
2478,15854098,"muhammad Faizan","2026-05-24 11:53:08",0.92693,3,mfmasood
2479,15911190,"Gabriel Aguiar Gomes","2026-05-09 14:42:21",0.92680,1,gabrielaguiargomes
2480,15879738,"Gabriel Aguiar Leao","2026-05-13 23:07:28",0.92680,3,gabrielaguiarleao
2481,15922241,AbhishekNandy,"2026-05-30 20:03:00",0.92680,1,abhicloudstalk
2482,15979482,tyddlsnsk,"2026-05-27 01:41:58",0.92661,17,tyddlsnsk
2483,16042693,rhlorite,"2026-05-21 15:26:34",0.92610,5,rogehernandez
2484,15836224,"Astitwa Agarwal","2026-05-03 16:07:55",0.92531,2,astitwaagarwal
2485,15977012,shyngyrda23892178,"2026-05-14 20:24:21",0.92509,1,shyngyrda23892178
2486,15845847,"Rohit bhagat","2026-05-04 17:12:42",0.92483,1,relix18
2487,15994185,"GALUKA RAMADHAN MUMIA","2026-05-16 12:37:33",0.92454,1,muhammedbaya
2488,15838850,hotaq,"2026-05-11 07:27:51",0.92452,2,chinnaphatkhun
2489,15982724,"Mertcan Kara","2026-05-18 11:59:48",0.92444,1,mertcankara1
2490,16102820,"Egor Gorshenckov","2026-05-30 20:26:10",0.92427,12,egorgorshenckov
2491,15818010,"Mohitraj Rathor","2026-05-02 17:14:33",0.92405,2,mohitrajrathor
2492,16089716,"johnnny silverhand","2026-05-31 04:47:32",0.92341,12,johnnnysilverhand
2493,16019957,dingxy123,"2026-05-27 08:31:02",0.92280,2,dingxy123
2494,16099148,z~,"2026-05-28 10:36:47",0.92280,1,mingbiaoliu
2495,15936637,LokiKumarM,"2026-05-27 13:00:34",0.92244,4,lokikumarm
2496,15932561,"Wesley Oliveira","2026-05-13 18:32:12",0.92188,3,wfoliveira
2497,16107925,"Yang Wenxuan2","2026-05-29 07:21:00",0.92181,1,yangwenxuan2
2498,15857366,"Sanjarbek Ikromov","2026-05-08 01:51:42",0.92129,3,sanjarbekikromov
2499,15818327,"Anant Singh","2026-05-25 18:43:23",0.92078,5,theflyingcow
2500,16044613,"Natalia Florek","2026-05-26 13:23:35",0.92074,4,nataliaflorek
2501,15934449,"Nitish Pandey02","2026-05-13 01:30:50",0.91991,1,nitishpandey02
2502,15937458,sinanKr,"2026-05-14 12:55:51",0.91945,1,sinankr
2503,16104086,"Pratik Shendarkar","2026-05-29 01:22:22",0.91869,4,pratikshendarkar
2504,16060132,returnhanamaru,"2026-05-27 23:33:33",0.91864,9,returnhanamaru
2505,15859479,Sage,"2026-05-05 10:32:04",0.91840,1,janus137
2506,15811507,"Ayse Payci","2026-05-07 12:46:03",0.91765,7,ayepayc
2507,15907186,PsayaP,"2026-05-31 05:31:38",0.91755,6,psayap
2508,15992112,Nolan_f1_Vegas,"2026-05-24 05:07:00",0.91690,3,nolanyumiaco
2509,16005096,"Thanat Jetawattana","2026-05-18 18:07:11",0.91607,5,thanatjetawattana
2510,15834727,RMCabato,"2026-05-06 02:49:45",0.91463,11,rmcabato
2511,15974296,"Hopeful Creative","2026-05-15 13:13:16",0.91436,4,hopefulcreative
2512,15987443,"stepa aa","2026-05-16 16:25:30",0.91363,2,stepaaaaa
2513,15850362,PavanKumarVattikuti,"2026-05-06 08:58:41",0.91328,1,pavankumar960
2514,16036659,allyn,"2026-05-21 18:06:22",0.91296,4,allynloyd
2515,15888850,Aroop,"2026-05-24 11:34:42",0.91202,3,aroopverma
2516,15820653,"Shin Tomura","2026-05-08 02:05:08",0.91183,3,shintomura
2517,16035953,Martin3097,"2026-05-22 03:02:55",0.91160,1,martinleyva
2518,15905733,"Zhuoqun Liu","2026-05-10 08:50:59",0.91021,3,zhuoqunl
2519,16091239,"Thota Harshitha 4-Yr B.Tech.: Civil Engg., IIT(BHU)","2026-05-30 09:10:09",0.91003,2,thotaharshitha2005
2520,15815684,GeZhongpa,"2026-05-02 13:48:21",0.90938,3,gezhongpa
2521,15838351,"Praxitelis Ntokos","2026-05-29 18:43:26",0.90816,2,praxitelisntokos
2522,15811632,"Mohammad Ayan Syed","2026-05-20 16:44:30",0.90800,13,mohammadayansyed
2523,15862859,"Nandni Srivastava","2026-05-11 17:32:45",0.90669,1,nandnii
2524,16083818,Y.Gagarin,"2026-05-26 15:58:52",0.90336,1,ygagarin
2525,15921860,David130998,"2026-05-26 06:50:42",0.90250,1,david130998
2526,16041709,kenma,"2026-05-22 17:50:58",0.90139,1,kentamasu
2527,16038416,"Wenxiao Yin","2026-05-21 05:19:51",0.90098,1,wenxiaoyin
2528,15836893,mh3891,"2026-05-03 11:26:10",0.89948,1,mh3891
2529,15919922,"Higuchi Kenji","2026-05-31 03:10:37",0.89844,1,higuchikenji
2530,15917226,"Sreeja Jalagam","2026-05-10 17:44:23",0.89802,1,sreejajalagam
2531,15905119,"Fabio Solorzano","2026-05-11 06:14:42",0.89795,18,fabiosolorzano
2532,15877991,Lucassouzameirelles,"2026-05-20 13:17:01",0.89718,2,lucassouzameirelles
2533,16063185,"Ryder Huang","2026-05-24 14:32:50",0.89256,1,ryderhuang2011
0,15721809,baseline_submission.csv,"2026-04-23 17:52:10",0.88989,1,
2534,15832682,koupen,"2026-05-25 23:38:30",0.88846,1,koupen13
2535,15832654,"Reza Behzadfard","2026-05-16 19:53:15",0.88428,30,rezabehzadfard
2536,15950197,"Om Dhamal","2026-05-27 16:01:42",0.88371,13,omdhamal
2537,16060141,田原優平,"2026-05-30 22:32:29",0.88331,20,borscht87
2538,15826932,ankhanh2305,"2026-05-03 15:36:36",0.88309,2,ankhanh2305
2539,15942062,"João Pedro Mamede Dias","2026-05-15 20:47:56",0.88225,22,joaopedromamededias
2540,15997472,"Nan Wang","2026-05-17 12:16:13",0.88224,2,nanwang88888
2541,15963192,"Daniel Magero Mugulo","2026-05-18 06:31:22",0.88179,19,danielmageromugulo
2542,15971227,"Haydar Yılmaz","2026-05-14 16:18:32",0.88166,1,haydarylmaz
2543,16041344,"VAIBHAV HALDIA","2026-05-22 22:47:14",0.88145,2,vaibhavhaldia
2544,15892457,TJrabo,"2026-05-15 04:47:35",0.88140,8,tjrabo
2545,15916666,"Anant Shri","2026-05-16 16:15:48",0.88128,2,anantshri1
2546,15997463,TheNullHunter,"2026-05-26 17:36:01",0.88115,9,thenullhunter
2547,15884359,QianQiu,"2026-05-21 03:40:55",0.88092,24,fenggaoyang
2548,15846297,Babblu,"2026-05-14 10:16:50",0.88073,1,babblu123
2549,15937385,shanaka95,"2026-05-29 19:52:16",0.88057,10,shanaka95
2550,15912951,"ABeer Al-Zebda","2026-05-26 06:53:07",0.88054,38,abeeralzebda
2551,15839389,"Narasimha A","2026-05-23 09:13:39",0.88040,1,narasimha137
2552,16030740,"TRR AFLF","2026-05-20 11:40:07",0.88027,1,trraflf
2553,15818357,JoeHIll6,"2026-05-12 19:10:59",0.88020,1,joehill6
2554,15823405,luciferb,"2026-05-03 14:17:44",0.88020,11,luciferbv
2555,15850214,Eltormtace,"2026-05-23 10:12:56",0.88003,16,"eltormtace,yongqiangtian"
2556,16039232,icecream877,"2026-05-21 05:57:51",0.87999,1,icecream877
2557,16104764,"jessica Lan","2026-05-30 07:55:19",0.87998,9,yuuujiss
2558,15971725,MeetHDand,"2026-05-15 08:55:50",0.87993,10,meethdand
2559,15859103,PiniPanda,"2026-05-05 19:04:07",0.87975,3,pinipanda
2560,16069281,notguava,"2026-05-29 09:52:22",0.87962,12,notguava
2561,15834453,NHANGIOI,"2026-05-04 09:31:29",0.87921,2,nhangioi
2562,15899700,"mahideep nagireddi","2026-05-14 15:32:44",0.87912,6,mahideepnagireddi
2563,15875671,"Gene Luo","2026-05-13 14:23:17",0.87902,2,geneluo
2564,15827683,codexbhawesh,"2026-05-17 07:22:42",0.87900,5,codexbhawesh
2565,16065737,"Aryan Kumar","2026-05-28 06:49:09",0.87890,5,aryankumar0011
2566,15946216,"SAWRAWIT CHAIRAT","2026-05-29 09:23:31",0.87872,6,auoosawrawit
2567,15959034,"SharvinVJ 23BAI1510","2026-05-14 07:59:16",0.87858,2,clusterzord
2568,15832677,kgmuzu,"2026-05-03 20:04:45",0.87857,5,kgmuzu
2569,15992601,"Rishi Ankathi","2026-05-16 10:07:02",0.87855,1,rishiankathi
2570,15960446,"Yoshiyuki Hongoh","2026-05-14 05:30:44",0.87841,1,yoshiyukihongoh
2571,15883939,"Koushik Sripathi","2026-05-16 07:03:06",0.87830,6,koushiksripathi
2572,16040853,ジャスミン,"2026-05-21 19:09:14",0.87794,8,jasminejaff
2573,15841860,reflexxyz,"2026-05-04 20:15:56",0.87752,11,reflexxyz
2574,15894992,Aman,"2026-05-08 14:21:49",0.87749,1,amanfaa
2575,15942314,Ro4410,"2026-05-12 22:02:48",0.87728,4,rohansaran
2576,15895806,"ARNAV PATHAK","2026-05-28 18:46:33",0.87709,5,arnavpathak04
2577,15934755,"Mritunjoy Hazra","2026-05-12 16:03:53",0.87700,4,mritunjoyhazra
2578,15822087,lacey-zhou,"2026-05-02 09:29:50",0.87700,10,laceyzhouuu
2579,15866371,HyperDevs,"2026-05-07 18:33:48",0.87693,9,"meghanalingala28,tmanaschakravarty06"
2580,15918403,"Mahindra Ram pathuri","2026-05-14 06:15:40",0.87684,1,mahindrarampathuri
2581,16090922,"Óčko Tajný","2026-05-28 08:26:55",0.87680,2,kotajn
2582,15833658,"Vik Adipudi","2026-05-07 17:46:07",0.87673,16,vadipu
2583,15912839,ayushi,"2026-05-10 17:48:38",0.87673,4,ayushi3732
2584,15875408,"Chin Li-Loong","2026-05-08 11:21:40",0.87666,7,chinliloong
2585,15939449,"Aman Ahmad","2026-05-13 12:42:09",0.87618,4,amanahmad786
2586,16039226,"Bhimani Bhavik","2026-05-21 06:41:34",0.87597,1,bhimanibhavik
2587,16061480,"Govind Rajeesh","2026-05-26 15:46:35",0.87546,3,govindrajeesh
2588,15823915,VeddeV,"2026-05-30 18:50:48",0.87544,35,vedant0928
2589,15949983,IEEM26_111034012,"2026-05-29 17:43:48",0.87535,21,a111034012
2590,16059697,KK_nut,"2026-05-28 23:50:28",0.87532,11,k0k0nut
2591,16000376,DeveloperCode,"2026-05-17 12:38:05",0.87479,3,devloperlaptop
2592,16076597,xy,"2026-05-25 22:51:52",0.87474,4,xiaochuanyang
2593,15865108,"DAWLAGAR SIDDARTH","2026-05-14 19:20:40",0.87465,4,dawlagarsiddarth
2594,15926444,"Mateusz Michalski","2026-05-27 20:55:36",0.87446,4,blackgooseberry
2595,15868457,"Krishnan CS","2026-05-16 03:31:51",0.87407,22,krishnanchathadi
2596,15839741,FMDKGMPKG,"2026-05-03 16:02:43",0.87373,2,fmdkgmpkg
2597,15857629,fmk2226,"2026-05-24 22:15:42",0.87371,18,fmk2226
2598,16003751,"Youssef Mohamed Salem","2026-05-19 04:02:00",0.87359,10,youssefmohamedsalem
2599,15992586,chienyuchen0725,"2026-05-28 06:09:39",0.87282,6,chienyuchen0725
2600,16109243,"Jonathan Leaver","2026-05-29 15:31:18",0.87159,1,jonathanleaver
2601,15837805,Yanagiguchi,"2026-05-15 14:42:32",0.87126,1,xenosmilus
2602,15811017,吉久真白,"2026-05-07 06:47:55",0.87118,6,mashiro0605
2603,16025772,"Sean M. Lim","2026-05-19 17:20:03",0.87105,2,seanmlim
2604,15807494,"nikolaou nikolaou","2026-05-07 10:42:49",0.87105,15,nikolaounikolaou
2605,15893510,"Katsutaka Sakimori","2026-05-09 14:20:27",0.87099,1,katsutakasakimori
2606,15889930,"Niyath Nair","2026-05-07 21:12:42",0.87092,2,niyathnair
2607,16102837,r13721,"2026-05-29 17:34:30",0.87001,3,r13721
2608,15841929,z4k4ri4,"2026-05-04 18:04:39",0.86972,7,z4k4ri4
2609,15927304,eitherkatsway,"2026-05-15 14:33:37",0.86952,2,eitherkatsway
2610,15813539,"Shubham Patidar","2026-05-10 02:21:52",0.86951,2,shubhamdecode
2611,15876630,"Fanse Rudraksh","2026-05-07 10:26:49",0.86845,7,fanserudraksh
2612,15813590,Sash,"2026-05-23 19:28:34",0.86766,4,sa4444
2613,15861523,"Joshua Britz","2026-05-05 14:43:37",0.86757,5,joshuabritz
2614,15816044,"Josh Cargill","2026-05-20 15:55:16",0.86727,1,joshcargill
2615,15937490,gsiowchuen,"2026-05-12 10:43:57",0.86683,1,gsiowchuen
2616,15972514,Ashish,"2026-05-15 13:51:43",0.86660,2,ashishsahu0001
2617,15997363,ManasMishra03,"2026-05-18 19:33:06",0.86649,5,manasmishra03
2618,16095437,"sai venkat teja","2026-05-28 18:19:48",0.86625,5,saivenkatteja
2619,15828262,"Krish Sandhu","2026-05-02 13:34:52",0.86518,1,krishsandhu
2620,15916521,ZeloFxne,"2026-05-17 22:30:00",0.86504,1,zeloxne
2621,16086658,"Soltan Dzhasheev","2026-05-26 21:34:35",0.86501,1,jashelar
2622,15896250,"Tivaniuk Evgenie","2026-05-09 07:58:29",0.86499,3,tivaniukevgenie
2623,16024188,"Ahmad Aditya Ar Rasyid","2026-05-21 10:15:35",0.86477,2,lambatanjay
2624,15873621,"Dogeol Lee","2026-05-09 07:29:49",0.86464,1,dogeollee
2625,15810077,"Rajnandan Mishra","2026-05-06 19:29:44",0.86433,3,rajnandanmishra
2626,15938477,Ioulia,"2026-05-14 08:55:26",0.86429,3,iouliafl
2627,16119959,ShamsherGrewal,"2026-05-31 04:00:12",0.86413,1,shamshergrewal
2628,15923139,"Ethan Yong","2026-05-27 14:31:50",0.86389,6,ethanyongggg
2629,16092887,greekks,"2026-05-28 11:27:12",0.86351,2,greekks
2630,15808517,"Avinash Changrani","2026-05-01 09:38:35",0.86338,3,nabobery
2631,15853141,"Aiden Fine","2026-05-19 22:52:52",0.86318,3,aidenfine67
2632,15820678,pisiks,"2026-05-05 22:36:55",0.86315,4,pisiks
2633,16111887,"Koo Namseok","2026-05-30 15:18:53",0.86305,2,koonamseok
2634,15968096,"Patrick Newman","2026-05-16 01:22:01",0.86293,1,patricknewman2
2635,15902651,"Carlos Fernandez","2026-05-12 16:28:39",0.86263,2,carlosfernandezgon
2636,15835038,YashPathak0409,"2026-05-25 07:23:29",0.86232,1,yashpathak0409
2637,15934239,"Yuvraj Bhatkariya","2026-05-25 16:05:14",0.86228,11,yuvrajbhatkariya
2638,15916107,"Kaustav Roy Chowdhury","2026-05-10 15:20:01",0.86177,4,kaustavroychowdhury
2639,16052113,"Kimaya Kulkarni","2026-05-22 21:14:02",0.86148,1,kimayak
2640,15882936,kurf18,"2026-05-23 11:42:55",0.86124,1,kurf18
2641,15869947,"Amirah Huda","2026-05-11 09:19:46",0.86079,1,myrazd
2642,15815145,"Matsu Hi","2026-05-17 13:06:55",0.86068,2,matsuhi
2643,16064781,"MIKHABEBE I LOVE YOU","2026-05-24 20:02:24",0.86049,1,andinabilsafaraz
2644,15973594,"Emile Sassine","2026-05-30 22:49:47",0.86035,1,emilesassine
2645,15985480,Chandrashekar,"2026-05-18 13:59:24",0.86021,1,hermitsays
2646,16108727,"Anna Kotelevych","2026-05-29 15:17:34",0.85966,7,annakotelevych
2647,15935804,"Alejandra Curbelo","2026-05-25 03:59:01",0.85941,5,alejandracurb
2648,16062863,"Chillal Yash","2026-05-26 06:00:06",0.85920,2,chillalyash
2649,15982333,"Sanjeev Thakur","2026-05-29 17:02:04",0.85912,15,sanjeevthakur2024
2650,16114716,2025_蔡睿澤,"2026-05-29 23:17:20",0.85902,4,richaaad
2651,16109566,"Sarthak Goyal","2026-05-29 10:49:03",0.85867,1,sarthak0156
2652,15985888,"SOUPTIK DEY","2026-05-25 17:31:14",0.85843,8,souptik22fiitbs
2653,16002574,"Takuya #2","2026-05-17 13:56:55",0.85816,2,takuya07
2654,16070207,kerrettt,"2026-05-25 08:40:42",0.85753,2,kerrettt
2655,15838959,"Sparsh Saxena","2026-05-19 18:02:18",0.85710,6,sparsh3649
2656,15974052,Usopked,"2026-05-25 23:45:41",0.85702,1,usopked
2657,16125063,"Justin Wei (chetocheese1821)","2026-05-30 20:02:49",0.85696,4,chetocheese1821
2658,16005566,"Ansh Vahinipati","2026-05-18 10:15:43",0.85531,2,anshvahinipati16
2659,15893059,"Brian Wimart","2026-05-08 09:06:06",0.85442,1,brianwimart
2660,16098946,"Vibhav Kaushik","2026-05-29 10:43:11",0.85366,2,vibhavkaushik
2661,15900966,"Shushan Hovhannisian","2026-05-09 12:46:25",0.85235,2,shushanhovhannisian
2662,15828249,"Ui Shigure","2026-05-02 13:12:07",0.85232,1,yukioishidayoo
2663,15838178,"Tenderfoot Zhang","2026-05-03 12:46:23",0.85226,1,tenderfootzhang
2664,15941310,"Fedir Baltsun","2026-05-14 09:42:22",0.85141,4,fedirbaltsun
2665,16119341,"David Turner","2026-05-30 22:56:33",0.85099,3,davidgturner
2666,15984000,"Teodor Otkovic","2026-05-15 11:51:10",0.85097,1,teodorotkovic
2667,15897986,"Yehor Abrosimov","2026-05-12 14:40:53",0.85063,15,egorstudies
2668,16073836,fanbie666,"2026-05-29 16:41:52",0.84991,1,fanbie666
2669,15916843,"Robert Ding","2026-05-29 15:14:11",0.84965,1,robertding
2670,15816516,"Eric Ekholm","2026-05-01 15:31:34",0.84939,1,ekholme
2671,15821345,"kudom Kouhh","2026-05-02 00:53:05",0.84870,3,kudomkouhh
2672,15882186,Mahesh1718,"2026-05-12 15:22:52",0.84751,1,mahesh1718
2673,15918092,LR.Active,"2026-05-10 13:51:54",0.84726,3,lractive
2674,15809869,"shajid ali khan","2026-05-02 07:04:27",0.84175,2,shajidalikhan
2675,16031609,"Aliyah Bello","2026-05-20 23:02:18",0.84056,1,aliyahbello
2676,15945823,"Dhamudi Dev","2026-05-13 12:02:59",0.84004,2,dhamudidev
2677,15860074,Sapna,"2026-05-30 18:07:28",0.83980,11,sapna7
2678,15880207,brette_an,"2026-05-26 13:50:33",0.83978,1,brettean7
2679,15948977,"Anandhi Nallaganti","2026-05-13 15:22:07",0.83824,1,anandhinallaganti
2680,15889462,"Erik Geghamyan","2026-05-09 12:57:00",0.83813,3,erikgeghamyan
2681,16094336,"Jack Ib","2026-05-28 01:47:28",0.83811,1,jackib
2682,16072814,"Lukas Strack","2026-05-25 13:39:22",0.83724,1,lukasstrack
2683,15976009,"Cyber Maphian","2026-05-16 05:06:38",0.83688,2,abdullahisunday
2684,15906222,SFJ-san,"2026-05-27 09:14:09",0.83643,2,sfjsan
2685,15805666,shinorin,"2026-05-21 07:32:54",0.83638,9,shinorin
2686,16107904,"Zhou Yajun","2026-05-29 07:21:17",0.83590,1,zhouyajun
2687,15833879,"Shoyb Hasan","2026-05-23 12:15:16",0.83539,8,shoybhasan
2688,15857713,"Vincentius Leonanda Prabowo","2026-05-17 16:05:28",0.83509,4,vincentius1013
2689,15851752,Erik.M,"2026-05-13 08:14:13",0.83509,1,harharharhar
2690,15896684,locomo2022,"2026-05-08 13:15:42",0.83493,2,locomo2022
2691,16098495,"Vigneshwaran S","2026-05-28 08:33:30",0.83466,5,vigneshwaransundar
2692,15819058,Sarthak,"2026-05-08 18:09:12",0.83438,2,sarthak914
2693,15916015,Reisen074,"2026-05-10 07:32:44",0.83438,1,reisen074
2694,15847678,"Tien Thang Mai","2026-05-30 13:38:15",0.83435,5,tienthangmai
2695,15842625,hskz1125,"2026-05-05 07:30:13",0.83431,2,hskz1125
2696,16005643,"Md Anwar Hossen","2026-05-21 09:23:51",0.83424,10,anwar53
2697,15859453,"Ali Akbar","2026-05-19 19:21:33",0.83416,6,syedaliakbar110
2698,15894296,Ramkumar4240,"2026-05-08 10:21:00",0.83411,2,ramkumar4240
2699,16087955,"Mohammed junaith sulthan j","2026-05-27 03:28:01",0.83381,4,junaith2006
2700,15845113,Wendy_Zhou666,"2026-05-04 07:22:01",0.83366,1,wendyzhou666
2701,16007739,"Gaurav Pathak","2026-05-22 17:19:43",0.83353,2,gauravpathakml
2702,15885851,"Shubh Srivastava","2026-05-13 05:25:18",0.83331,1,shubh7608964875
2703,15832334,Achilov15,"2026-05-03 14:01:23",0.83321,5,achilov15
2704,15814443,"Sinh Nguyễn Đức","2026-05-01 14:00:08",0.83316,2,sinhnguync
2705,16025056,DIVYANSHI22IOT,"2026-05-20 14:23:42",0.83310,3,divyanshi22iot
2706,15850286,kJenxx,"2026-05-18 13:56:54",0.83305,4,kjenxx
2707,15807168,"jevil savani","2026-05-21 11:15:17",0.83258,6,jevilsavani
2708,16036353,"Utkarsh Raj ","2026-05-27 11:01:54",0.83257,2,utkarshraj23
2709,15838577,"ZUBAYER ISFAR","2026-05-08 14:44:52",0.83235,2,jubayerisfar
2710,16056416,"Furkan Eren Kumcu","2026-05-25 13:17:47",0.83222,1,furkanerenkumcu
2711,15890443,"Hue Chau","2026-05-23 16:25:27",0.83222,3,huechau
2712,16071423,Hrach555,"2026-05-25 09:48:21",0.83222,1,hrach555
2713,15984532,"RAHUL A7237","2026-05-22 04:04:03",0.83218,7,rahula7237
2714,16041652,"Фёдор Алифанов","2026-05-21 15:42:03",0.83217,2,psychocoderxd
2715,15893932,"Saurab Godse","2026-05-08 07:51:56",0.83204,1,godsesaurab
2716,16056333,"sugi 172","2026-05-24 14:30:28",0.83200,8,sugi172
2717,15827491,"Gloire Bisimwa","2026-05-11 04:10:46",0.83195,2,gloirebisimwa
2718,15949485,"Dhruv Gupta","2026-05-26 05:08:49",0.83178,1,dhruvgupta2809
2719,15877477,Gregoooh,"2026-05-27 21:49:42",0.83169,15,gregoooh
2720,15999796,"Piyush Kumar","2026-05-17 09:35:54",0.83159,1,piyushkumar371
2721,16043996,saiakshay987,"2026-05-22 07:17:35",0.83154,3,saiakshay987
2722,16023466,"Rahul Sutradhar","2026-05-23 15:26:36",0.83132,6,rahulsdhar51
2723,15897925,SebKay,"2026-05-08 13:59:57",0.83131,4,sebkay
2724,16001158,荔蛤蝦給我,"2026-05-17 10:24:30",0.83129,4,azq0828
2725,15959118,"Ahmed Mohamed Galal","2026-05-14 16:51:57",0.83121,2,ahmed12998
2726,16103245,Srinija,"2026-05-30 13:19:22",0.83079,3,madisrinija
2727,15821776,"gabriel buchhorn","2026-05-13 23:01:23",0.83069,2,gabrielbuchhorn
2728,15811620,Eito21,"2026-05-08 12:50:55",0.83064,6,eitohoshino
2729,15852436,Samvel,"2026-05-25 13:05:10",0.83050,8,samvelgalstyan
2730,16001518,Fenix1,"2026-05-17 10:49:13",0.82963,2,fenix1
2731,16047831,"Aman Singh Choudhary","2026-05-22 09:25:50",0.82947,1,amansinghchoudhary
2732,15914348,"Abubakar Magomedov","2026-05-28 16:40:16",0.82933,5,magomedovabubakarz
2733,16051653,"Manya Dhamija","2026-05-28 05:50:05",0.82933,1,manyadhamija
2734,16004956,"sisard fates","2026-05-18 12:05:06",0.82926,2,sisardfates
2735,16118437,"Filip Martinek","2026-05-30 12:43:28",0.82903,3,filipmartinek
2736,15956028,"Sadman Ishtiak","2026-05-14 09:10:43",0.82902,3,sadmanishtiak
2737,15819629,jfr4d3,"2026-05-20 08:49:41",0.82900,3,jfr4d3
2738,15941976,"Arnav Gawandi","2026-05-13 18:31:50",0.82898,3,arnavgawandi
2739,15825281,"Михаил Седов","2026-05-22 13:37:58",0.82897,1,teacher32
2740,15819109,"Achal Kumar","2026-05-21 16:08:49",0.82872,1,achalkumar
2741,15841394,"Arnav Shendurnikar","2026-05-03 19:29:53",0.82865,2,arnavshendurnikar
2742,16048190,"澤田 悠希","2026-05-26 11:50:57",0.82764,8,yukisawa05
2743,15839065,"Dibyakalyan Ratha","2026-05-13 15:54:13",0.82718,2,dibyakalyanratha
2744,15836417,SingUsASong,"2026-05-07 21:09:49",0.82713,3,takadahiroshi
2745,15872784,"Xander Zoom","2026-05-19 01:57:34",0.82691,2,xanderzoom
2746,15931847,Дмитрий,"2026-05-16 08:56:24",0.82648,2,dmitriyzykin
2747,16056116,Trii,"2026-05-23 12:06:05",0.82648,1,triikb
2748,15870791,Naki,"2026-05-06 07:38:05",0.82590,1,nanakiohashi
2749,15828058,KALmia,"2026-05-04 08:25:08",0.82578,3,kalmia2000
2750,15912727,"Benjamin Lin","2026-05-09 23:56:47",0.82553,1,neblin
2751,16050902,joseph,"2026-05-22 16:34:12",0.82484,1,yosiajosephchandra
2752,15829939,Munish_4567,"2026-05-04 13:10:30",0.82468,3,munish4567
2753,16097942,Dhananjay_Sharma_8950,"2026-05-28 17:30:53",0.82371,4,dhananjaysharma8950
2754,15930382,"Artyom Sayapin","2026-05-14 17:02:19",0.82360,1,spielmeister
2755,15839023,"takanori hayashi","2026-05-08 17:45:46",0.82341,2,takanorihayashi
2756,16096381,"The Cheat","2026-05-28 18:30:49",0.82314,1,labskp
2757,15854243,A.Rahul,"2026-05-04 22:40:16",0.82308,1,rahul1934
2758,16067566,yklulu,"2026-05-25 08:23:53",0.82273,2,yklulu
2759,15877993,steven556610,"2026-05-06 18:45:23",0.82257,2,steven556610
2760,16016470,"Alexandre Rodrigues Fernandes","2026-05-18 19:34:09",0.82180,4,alexpt2k22
2761,15860441,"Marieke Kopmels","2026-05-16 08:13:41",0.82125,2,mariekekopmels
2762,15814512,SongHuang01,"2026-05-04 09:13:59",0.82122,2,songhuang01
2763,16062877,CassioFernandoAlves,"2026-05-25 02:32:38",0.82120,3,cassiofernandoalves
2764,16044699,"Alan Qiao","2026-05-21 20:50:40",0.82117,1,alanq6
2765,15822993,"M Abubakar","2026-05-12 07:04:57",0.81930,1,abubakar9196
2766,16050990,"Arya Ambastha","2026-05-27 04:20:39",0.81930,2,aryaambastha
2767,15939300,"Garrick C.P.","2026-05-19 18:41:32",0.81925,2,garrickchinnis
2768,16051727,"Gaurav Kokila","2026-05-22 18:45:32",0.81877,1,gauravkokila
2769,15875430,ivan_frolov,"2026-05-18 16:59:29",0.81840,3,ivanfrolovs
2770,15842700,"Mihir Naik","2026-05-04 20:56:18",0.81822,3,mihirnaik05
2771,15942668,pranjalinajolie,"2026-05-24 22:56:49",0.81807,1,pranjalinajolie
2772,16076958,"Breno Saran","2026-05-28 04:00:20",0.81731,2,brenosaran
2773,16096297,"Tassawar Abbas","2026-05-28 02:32:39",0.81680,2,abbas829
2774,15856212,"Neil Tamhankar","2026-05-05 04:19:30",0.81643,2,neiltamhankar
2775,15925558,"Piotr Franc","2026-05-12 08:07:27",0.81595,1,piotrfranc
2776,15910844,"Tanzim Nehal","2026-05-10 17:40:02",0.81474,4,tanzimnehal
2777,15820754,OxN1xqe,"2026-05-02 11:16:14",0.81471,1,oxn1xqe
2778,16094827,atnichols20,"2026-05-29 02:47:32",0.81452,2,atnichols20
2779,15867310,Senya_24,"2026-05-05 22:58:04",0.81434,1,senya24
2780,16030926,"jiayang Chen264","2026-05-28 05:25:23",0.81321,1,jiayangchen264
2781,15853631,"Andre Endress","2026-05-06 04:51:36",0.81320,2,andreendress
2782,15977392,"Burcu Daşer Özgişi","2026-05-23 20:36:10",0.81316,2,burcudaerzgii
2783,16097660,"Aniruddha Sharma","2026-05-28 15:54:53",0.81291,1,aniruddhasharma04
2784,15995593,LukasB249,"2026-05-24 22:10:40",0.81236,3,lukasb249
2785,15906358,"Keiya Takizawa","2026-05-28 13:05:28",0.81207,4,keiyatakizawa
2786,16093960,"Zane Qureshi","2026-05-30 21:47:17",0.81145,3,zanequreshi
2787,16100191,Bonus1021,"2026-05-29 19:02:19",0.81124,1,bonus1021
2788,15993650,adhikariaadi7,"2026-05-16 17:02:41",0.81113,2,adhikariaadi7
2789,16095339,"Chris B","2026-05-28 20:31:48",0.81073,4,blaircda
2790,16018634,"LOKIAT ZHOU","2026-05-25 08:04:08",0.81009,1,lokiatzhow
2791,15816575,"Gagan S Ravi","2026-05-01 15:14:41",0.80945,1,gagansravi
2792,15809451,mitsushin,"2026-05-01 08:49:43",0.80868,4,mitsushin
2793,15991564,zhanglinyu15,"2026-05-17 08:38:11",0.80836,2,zhanglinyu15
2794,16013920,"Raev Epong","2026-05-20 15:48:27",0.80815,4,raexotaku
2795,16079137,DoctorNikhilDJ,"2026-05-26 06:03:36",0.80789,2,doctornikhildj
2796,16004061,G.P.Shrinil,"2026-05-21 17:09:10",0.80789,4,codewgps
2797,15827082,Abodyelneel,"2026-05-26 01:21:13",0.80784,3,abodyelneel
2798,15918723,Vanshika0902,"2026-05-28 06:40:24",0.80631,2,vanshika0902
2799,15949534,"ASHISH BISARIYA","2026-05-16 07:07:31",0.80605,1,ashishxrohit
2800,16049767,"Emmanuel Kiptim","2026-05-23 18:57:08",0.80598,2,emmanuelkiptim
2801,15920833,"Daniel Keys","2026-05-12 16:33:39",0.80556,1,danielkeys
2802,15804899,NagaKoba,"2026-05-15 05:48:35",0.80540,1,nagakoba
2803,15919625,"Michael Istomin","2026-05-10 15:10:24",0.80443,1,michaelistomin
2804,16087864,ludwig_vin_berg,"2026-05-30 03:07:21",0.80156,1,ludwigvinberg
2805,16035743,"Mazen Mohamed Soliman","2026-05-25 13:58:26",0.80132,7,mazenmohamedsoliman
2806,15967419,Lewis,"2026-05-15 21:29:55",0.80128,3,lewisssst
2807,16105535,Yuckie2110,"2026-05-29 04:54:33",0.80128,1,yuckie2110
2808,15899317,"manish Raikwar","2026-05-12 08:52:54",0.80064,4,manishraikwar
2809,16110607,"Ankit Zolaniya","2026-05-29 13:42:29",0.79867,1,ankitzolaniya
2810,15811223,"Nabin Oli","2026-05-06 02:56:33",0.79807,1,nabinoli2004
2811,15862956,"Richmond Ko","2026-05-05 17:12:43",0.79778,1,richmondko
2812,15884348,安知鱼鱼,"2026-05-08 04:44:52",0.79671,3,fdemain
2813,16089863,"Krutagana Patel","2026-05-27 08:48:28",0.79663,1,krutaganapatel
2814,15926673,"Thijs Geertman","2026-05-11 13:29:31",0.79469,1,thijsgeertman
2815,15988694,Ritik,"2026-05-25 00:40:46",0.79430,4,cayoti
2816,16004979,"PHÁT LÊ THÀNH","2026-05-17 19:37:21",0.79030,8,sayop0107
2817,16079423,YanaPIIDXer,"2026-05-26 08:34:57",0.78963,4,yanapiidxer
2818,16024904,"Jingying Ma","2026-05-25 07:53:46",0.78917,1,ma2035957
2819,15893276,"Pranav Poominathan","2026-05-08 04:46:14",0.78814,1,pranavpoominathan
2820,15875455,s22990038,"2026-05-10 00:12:24",0.78712,16,s22990038
2821,15850560,Winnie-the-Pooh,"2026-05-17 06:43:50",0.78570,1,tamanegioishi
2822,15851046,longnuub,"2026-05-06 01:03:11",0.78481,2,longnuub
2823,15846026,"Yashita Kumar","2026-05-25 09:53:10",0.78404,2,yk1409
2824,16040792,cinnamol,"2026-05-26 09:44:12",0.77919,2,cinnamol
2825,16007736,"Sashi Adhithya","2026-05-18 05:24:45",0.77854,1,sashiadhithya
2826,16120228,"Inuyanagi Yuu","2026-05-31 05:11:27",0.77835,10,inuyanagiyuu
2827,15929926,"Philippe Coulombe","2026-05-18 19:30:33",0.77589,2,philippecoulombe
2828,15850823,"Yoann L","2026-05-12 14:44:47",0.77418,2,lyoannds
2829,15854201,"Sam Wenzel","2026-05-04 23:27:30",0.77005,7,samwenzel
2830,15840779,"Deep Patil","2026-05-17 10:54:15",0.76958,2,deeppatil1
2831,16093296,Kevinleeer,"2026-05-27 22:06:48",0.76680,1,kevinleeer
2832,16018722,"Andrew Liang","2026-05-31 01:49:25",0.76224,2,anl121
2833,16088769,jianlin3,"2026-05-30 13:50:56",0.75643,4,chienlin715
2834,16097339,孫郁容syrung,"2026-05-28 12:22:53",0.75497,4,syrung
2835,16098038,"Koji Minami","2026-05-30 07:13:14",0.74298,1,kojisouth
2836,15977866,"Lorenzo Pedrini","2026-05-20 17:17:45",0.74115,12,lorenzopedrini
2837,15962926,Lipi,"2026-05-14 06:40:17",0.73559,1,lipi13
2838,15984274,emwanjohi,"2026-05-22 12:42:08",0.72848,1,emwanjohi
2839,15864005,"Michael Walker","2026-05-05 19:00:56",0.72431,2,michaelwalker11
2840,15893723,"ridwan islam","2026-05-12 20:55:21",0.72372,1,ridwanislam
2841,15913389,TommyMSCS,"2026-05-09 23:27:05",0.71688,2,tommymscs
2842,16044948,"Sudhanshu Narayane","2026-05-23 18:03:17",0.71409,2,sido101101
2843,16099035,"Harsh Shah","2026-05-28 09:54:51",0.69941,1,enkyyyy
2844,15881905,"Ricardo xup","2026-05-24 15:04:15",0.68916,8,ricardoxup
2845,16076764,"Uros Ristivojevic","2026-05-27 08:05:02",0.68150,1,ristivojevic
2846,15850374,MarkLeones,"2026-05-05 15:27:41",0.67852,1,markleones
2847,15833035,柏本晃亮,"2026-05-04 00:03:08",0.66913,1,kashimotokousuke
2848,15908943,"Mohammed Fahad.S","2026-05-10 09:33:51",0.66466,9,mohammedfahads
2849,15881515,fly_cow,"2026-05-07 09:40:25",0.65310,1,flycow
2850,15997781,"Luke Pipkin","2026-05-28 20:34:06",0.64531,3,lukepipkin
2851,16004130,joseylocs@yahoo.com,"2026-05-17 15:55:52",0.63840,1,joseylocsyahoocom
2852,15990989,"Abdullah Al Masum","2026-05-30 14:28:49",0.63740,19,ibnulmisbah
2853,15847696,Anikyon,"2026-05-05 08:22:25",0.63506,1,ankbz1988
2854,16111509,PMG1108,"2026-05-30 10:15:50",0.63341,2,pmg11082006
2855,15912124,"Aymane Laabadi","2026-05-10 00:09:42",0.60689,2,aymanelaabadi
2856,15937221,Guziobi,"2026-05-12 14:19:58",0.58977,1,guziobi
2857,15930300,Vater_131ym,"2026-05-13 16:16:37",0.57652,9,vater131ym
2858,15921479,"OJO JADESOLA","2026-05-10 21:28:38",0.54214,1,ojojadesola
2859,15937714,"Miral Ibrahim","2026-05-12 11:34:04",0.53949,2,miralibrahim
2860,16073580,"Jonathan T","2026-05-25 14:13:10",0.52339,2,jtdataperuser
2861,15840512,TusharSingh060706,"2026-05-03 19:56:37",0.51681,2,tusharsingh060706
2862,16089318,"Jaeheeeee Jang","2026-05-27 08:14:04",0.51126,1,jaeheeeeejang
2863,15869414,"Krithik Gokul S ","2026-05-06 03:16:39",0.50512,1,krithikgokuls
2864,15973003,"Vansh Goel","2026-05-23 14:26:17",0.50311,1,ogvanshgoel
2865,15804248,romin_123,"2026-05-01 05:54:51",0.50255,1,romin123
2866,15926992,Noob786,"2026-05-11 12:16:51",0.50226,1,noob786
2867,16119364,"Anurag Nayak","2026-05-31 02:04:57",0.50224,1,anuragnayak07
2868,15995954,"Yashwanth Aravind","2026-05-17 08:48:58",0.50192,1,yashwantharavind
2869,15936027,"Subham Gupta","2026-05-12 07:12:02",0.50190,1,subham09g
2870,16055783,"Khushal Thanvi","2026-05-26 14:12:51",0.50175,1,"khushalt,laxmiramangudewar"
2871,16009470,"shajeer sheikh","2026-05-18 16:52:58",0.50172,1,shajeersheikh
2872,15867268,"omar ahmed alshoaipi","2026-05-11 19:43:27",0.50084,4,omarahmedalshoaipi
2873,15837832,"Ιωάννης Σταμελιάς","2026-05-21 15:02:45",0.50043,2,giannhsstamelias
2874,15834661,"Sangeeta Boora","2026-05-03 05:58:59",0.50008,10,sangeetaboora
2875,15880949,yuezi,"2026-05-08 11:40:31",0.50001,3,yuezi5
2876,15821963,Shoto,"2026-05-02 01:47:21",0.50000,1,bloodymonday
2877,15839070,Younus_Mohamed,"2026-05-03 18:07:16",0.50000,1,younusmohamed
2878,15815505,"Ayush Khaire","2026-05-06 13:24:21",0.50000,1,ayushkhaire
2879,15875733,Yavuz,"2026-05-06 14:35:04",0.50000,1,chepnii
2880,15891879,UmangDobhal03,"2026-05-08 05:58:38",0.50000,8,umangdobhal03
2881,15908936,山有扶苏,"2026-05-09 10:40:11",0.50000,1,shujunpu
2882,15916351,"TAN Wee Han","2026-05-10 07:00:11",0.50000,1,oxgadfly
2883,15921825,"Santiago D. J. V. G.","2026-05-11 08:49:11",0.50000,15,seasthaalores
2884,15994710,"Harsh Kataria ","2026-05-17 05:05:01",0.50000,1,harshkataria08
2885,16023240,"Ayomide Alabi08469","2026-05-19 12:06:38",0.50000,1,ayomidealabi08469
2886,16039212,"praneeth kumar","2026-05-21 07:36:26",0.50000,2,praneethkumar39
2887,16031736,"shubhajoy das","2026-05-24 14:26:59",0.50000,1,jimmycool
2888,16072186,Texxi,"2026-05-25 10:52:03",0.50000,1,texxii
2889,16078621,"K Gopalakrishnan","2026-05-26 03:48:15",0.50000,10,gopalkk2
2890,16089327,limminhyuck_1201,"2026-05-27 06:56:52",0.50000,1,limminhyuck2
2891,16090317,cypher9x,"2026-05-27 09:16:39",0.50000,1,cypher9x
2892,16103681,"Mohanraj M","2026-05-29 10:35:58",0.50000,1,mohan1511
2893,16109598,"Hamik Manukyan","2026-05-29 11:50:52",0.50000,1,hamikmanukyan
2894,16120653,"Vivek Kumar sahu","2026-05-30 15:54:17",0.50000,2,vivekkumarsahu07
2895,16072650,"Mardhav H","2026-05-30 17:03:47",0.50000,1,mardhavh
2896,15834387,"Prithwiswar Bhattacharya","2026-05-09 13:58:49",0.49930,2,prithwiswarbhatt
2897,16100465,"QIU ZJ","2026-05-30 04:08:59",0.49917,9,imchiu
2898,15884409,"Nicolas Le Bozec","2026-05-07 15:59:59",0.49884,1,nicolaslebozec
2899,15815241,"Animan khandelwal","2026-05-13 12:21:53",0.49868,1,animankhandelwal
2900,16061709,"Joseph Dragon","2026-05-24 09:06:17",0.49844,2,josephdragon
2901,15900649,mungo321,"2026-05-08 17:48:09",0.49826,1,mungo321
2902,16056407,Fried-MK,"2026-05-27 12:28:25",0.49758,2,friedmk
2903,16118554,"Aek Meddad","2026-05-30 14:27:59",0.49712,1,aekmeddad
2904,15840583,"Sheikh Abdul Rehman","2026-05-22 14:28:35",0.49681,1,sarcasmos
2905,16120970,"Edgar Baobaoen Jr.","2026-05-30 16:47:44",0.49641,1,double0x2
2906,15925328,zkx1,"2026-05-11 13:04:12",0.49583,1,gsvjsvh
2907,15997020,"Mykhailo Nedodai","2026-05-23 09:14:13",0.49564,4,sarmat
2908,16023031,"Ala Majouri","2026-05-19 14:31:42",0.49518,1,alamajouri
2909,15934931,Srinidhidevaraj,"2026-05-12 10:01:31",0.49498,3,srinidhidevaraj
2910,16084637,Ayush526,"2026-05-26 15:45:02",0.49461,1,ayush526
2911,15920003,"Muntaha Agoun","2026-05-11 02:30:08",0.49398,2,muntahaagoun
2912,16023321,"Revati N","2026-05-27 11:20:20",0.49376,1,revatisn
2913,15884094,"Batuhan Özdemir","2026-05-07 16:05:02",0.49261,1,iamnotindangerskyler
2914,15809584,"Satyam Choubey","2026-05-11 02:53:17",0.46068,1,satyamchoubey100
2915,16076906,samuelpndx,"2026-05-29 20:17:06",0.44761,1,samuelpndx
2916,15982777,Ww2230545148,"2026-05-15 13:00:34",0.35802,1,ww2230545148
2917,15909702,Someshfords,"2026-05-23 08:31:01",0.16347,1,someshfords
