Rank,TeamId,TeamName,LastSubmissionDate,Score,SubmissionCount,TeamMemberUserNames
1,15803870,Optimistix,"2026-05-31 23:58:16",0.95503,195,optimistix
2,15837151,"Chris Deotte","2026-05-31 13:27:28",0.95502,69,cdeotte
3,15811811,"Kaggler Sergio","2026-05-24 19:06:09",0.95496,134,kagglersergio
4,15808543,Mahog,"2026-05-31 23:33:49",0.95490,16,mahoganybuttstrings
5,15863637,"Data User","2026-05-31 05:59:58",0.95489,83,unseenuser
6,15803783,MILANFX,"2026-05-31 21:54:23",0.95489,47,milanfx
7,15804127,Jerry,"2026-05-31 19:58:08",0.95487,64,jerry34
8,15803769,"Masaya Kawamata","2026-05-31 09:13:58",0.95487,53,masayakawamata
9,15809041,"Mikhail Naumov","2026-05-31 23:58:49",0.95486,194,mikhailnaumov
10,15806339,"Don Mani","2026-05-31 10:19:35",0.95486,104,donmarch14
11,15820395,"Shiv Satyam","2026-05-31 22:44:53",0.95486,70,shivsatyam
12,16015524,"Andreas Palmgren","2026-05-31 15:09:31",0.95485,52,andreaspalmgren
13,15803926,Jorgen9B,"2026-05-31 20:47:58",0.95480,45,jorgen9b
14,15803961,"Cyril Bourgeois","2026-05-25 11:16:56",0.95480,128,cyrilbourgeois
15,15969615,adam2go,"2026-05-21 09:03:09",0.95478,40,adam2go
16,15825329,"Sujal Neupane","2026-05-29 13:09:41",0.95477,45,neupane9sujal
17,15803803,"Ravi Ramakrishnan","2026-05-31 17:25:18",0.95476,132,"arunklenin,ravi20076"
18,15820398,Ak,"2026-05-31 12:01:03",0.95476,93,abisheksrivastav
19,15810232,"Mathurin Ache","2026-05-26 06:49:24",0.95475,7,mathurinache
20,16008313,"Tony Fish","2026-05-31 22:23:33",0.95473,30,xz1vby
21,15931084,"Kaggle Agent","2026-05-24 00:09:48",0.95472,23,jiweiliu
22,15925630,"Vadim Borisov","2026-05-22 14:53:26",0.95472,26,hireme
23,15993953,MIutrix,"2026-05-21 10:40:16",0.95472,23,miutrix
24,15957247,"Skye Xu","2026-05-26 03:23:49",0.95472,81,skyekh
25,15925051,"weihao huang2004","2026-05-23 10:37:09",0.95472,71,weihaohuang2004
26,15806406,"Alexander Biller","2026-05-30 10:20:00",0.95472,22,alexandrbiller
27,15913491,GorbunovTeam,"2026-05-20 05:03:44",0.95472,26,"daniilkrasnovvv,stanislavilin2026ai"
28,15803763,"Muhammad Hassan Saboor","2026-05-30 02:26:43",0.95472,50,mhassansaboor
29,15807133,"Ra'uf Fauzan Rambe","2026-05-26 14:19:49",0.95472,25,rauffauzanrambe
30,15922340,"Tanishq Parihar","2026-05-31 12:42:16",0.95472,8,tanishq51
31,15813651,"Aman Atar","2026-05-23 07:45:51",0.95472,65,amanatar
32,15925900,"Dfe Shah","2026-05-21 10:48:41",0.95472,28,dfeshah
33,15844679,ManavRajpal,"2026-05-21 13:24:43",0.95472,58,"manavrajpal,manavrajpal1"
34,15807916,"Joy Boy","2026-05-27 17:16:35",0.95472,5,arpitsingh2744
35,15815350,"Karnakbayev Artur","2026-05-30 09:51:55",0.95472,3,karnakbaevarthur
36,15894587,"Hyun-woo Kim","2026-05-26 01:40:08",0.95472,10,hwkims
37,15803766,"Seungjun Lee","2026-05-31 00:55:26",0.95472,33,seungjunleeofficial
38,15862924,IEEM26_112034053,"2026-05-23 03:45:09",0.95472,8,hyt804
39,15842848,dapanng,"2026-05-22 04:12:02",0.95472,57,"dapanng,zs79hf"
40,16014867,OxFFFs,"2026-05-25 07:42:21",0.95472,37,oxfffs
41,16045219,"Chloe Lee","2026-05-21 22:39:34",0.95472,1,baytree1238
42,16049036,MICADEE,"2026-05-22 11:00:04",0.95472,1,adegladius
43,15811059,"Adam Vajda","2026-05-20 10:45:20",0.95472,149,vajdad4m
44,16049317,"Mrutyunjay Joshi","2026-05-22 11:59:42",0.95472,1,mrutyunjayjoshi
45,15812416,Vux,"2026-05-29 14:12:22",0.95472,12,weiyu85
46,16052296,tanmaypatil510,"2026-05-23 07:11:34",0.95472,18,tanmaypatil510
47,16054758,tanmay58,"2026-05-23 07:47:10",0.95472,3,tanmay58
48,15803813,Jimmer_KNAI,"2026-05-31 07:48:30",0.95472,106,przemysawonr
49,16001181,Narendra2809,"2026-05-20 10:23:17",0.95472,4,narendra2809
50,15854611,betterme12345,"2026-05-26 01:51:11",0.95472,7,betterme12345
51,15872956,IEEM26_112034006,"2026-05-31 10:32:00",0.95472,5,ray614h
52,16029483,Rithik_anand_2812,"2026-05-20 04:44:15",0.95472,1,rithikanand2812
53,15938003,klo000,"2026-05-25 07:31:44",0.95472,3,klo000
54,16032800,goethe,"2026-05-20 13:11:53",0.95472,1,goetheyh
55,15950999,StephenNedumpally,"2026-05-31 14:35:45",0.95472,5,stephennedumpally
56,16051164,"AHMET YILMAZ","2026-05-22 18:07:15",0.95472,5,ahmetyilmaz2579
57,16016551,"Ashok bharadwaj","2026-05-20 05:03:39",0.95472,21,ashokbharadwaj
58,16012211,Router,"2026-05-19 08:00:07",0.95472,6,routera
59,15819531,GeorgiyAbramov,"2026-05-19 09:38:07",0.95472,7,georgiyabramov
60,15809574,Safarbek,"2026-05-19 10:44:01",0.95472,22,safar1
61,15988270,IEEM26_112030044,"2026-05-31 18:05:55",0.95472,28,redtimeszero
62,15944570,Kalyan,"2026-05-20 04:17:33",0.95472,43,kalyankkr
63,15816783,"Darsh Sodani","2026-05-29 04:03:09",0.95472,42,darshsodani
64,15906028,"JUNQIANG HUANG","2026-05-20 06:16:26",0.95472,17,junqianghuang
65,15941100,MOSS,"2026-05-25 06:58:34",0.95472,18,"ericwanghhhhh,wenhuiluo11"
66,16033041,cctv07,"2026-05-20 13:53:28",0.95472,2,cctv07
67,15825992,Badi61,"2026-05-29 08:46:49",0.95472,35,"ardars,bekircaglar,melikahpolat"
68,16061512,zheyeshiceshi,"2026-05-24 08:21:04",0.95472,10,zheyeshiceshi
69,16073998,"shivam #2","2026-05-26 19:15:42",0.95472,2,shivam2811
70,15967379,kris.py_yum,"2026-05-31 15:27:20",0.95472,54,krisuj
71,16090487,IEEM26_112034062,"2026-05-31 15:23:55",0.95472,8,laurence1101
72,15806071,"Victor Owuor","2026-05-31 17:04:04",0.95472,4,victorowuor
73,16021674,Kali,"2026-05-20 05:15:03",0.95472,7,rittwikbhowmick123
74,15991922,zhouruiyang,"2026-05-31 03:33:48",0.95472,22,zhouruiyang
75,15841618,"Mohammed Majeed","2026-05-30 11:25:36",0.95472,9,mojjeed
76,16006843,"Haoyuan Zhou","2026-05-24 13:40:25",0.95471,36,christmashuang
77,15803838,Antonoof,"2026-05-30 18:02:10",0.95471,3,antonoof
78,16116550,peimengcheng,"2026-05-31 15:26:17",0.95471,14,peimengcheng
79,16017304,Vassil.1104,"2026-05-19 02:43:01",0.95471,5,vassil1104
80,15808662,"Simarbir Singh Sandhu","2026-05-26 16:47:30",0.95471,32,simarbirsinghsandhu
81,15929465,PrtkPiyush,"2026-05-18 21:32:07",0.95471,3,prtkpiyush
82,15814660,"Svanik Kolli","2026-05-19 12:35:49",0.95471,62,svanikkolli
83,15893114,"Ameen Jazara","2026-05-19 02:08:06",0.95471,9,ameenjazara
84,15998770,"leaf zinc","2026-05-19 04:35:03",0.95471,15,leafzinc
85,15850967,IEEM26_112034031,"2026-05-28 13:13:03",0.95471,3,thomas940828
86,15809256,"Sarvesh Chhetri","2026-05-31 14:35:47",0.95471,42,sarveshchhetri
87,16012701,"Max Verstappen Fan","2026-05-19 05:17:34",0.95471,11,bibisorobabydjon
88,15841716,"Игорь Жаров","2026-05-30 18:40:40",0.95471,65,flexonafft
89,15971919,iYiiiL,"2026-05-18 15:27:19",0.95471,6,iyiiil
90,16007337,"Anjan Mahapatra","2026-05-18 04:15:11",0.95471,3,anjanmahapatra007
91,15895661,"Ali Afzal","2026-05-18 06:50:20",0.95471,9,aliafzal9323
92,15981164,"Abhishek Panda","2026-05-23 08:15:21",0.95471,10,abhishekpanda4313
93,15810023,"Phoneix Algorithms","2026-05-31 11:30:10",0.95471,6,"mohankrishnathalla,neelamuday,rakesh630"
94,15882214,"Harshank Matkar","2026-05-25 22:06:14",0.95471,23,harshankmatkar
95,15943023,renji_starfall,"2026-05-17 15:07:53",0.95471,9,degnonguidi
96,15820068,github/shepsci/kaggle-skill,"2026-05-17 16:57:50",0.95471,5,shepscientific
97,15806039,"Sreejit Pradhan","2026-05-17 19:47:05",0.95471,24,sreejitpradhan
98,15803948,"Muhammad Firdaus","2026-05-30 05:59:34",0.95471,8,ldausl
99,15868359,guansuo,"2026-05-31 05:38:50",0.95471,5,guansuo
100,15912009,"Koustubh B Kulkarni","2026-05-19 16:09:16",0.95471,3,koustubhbkulkarni
101,15847353,"Sudhanshu Tiwari","2026-05-25 09:50:55",0.95471,2,sudhanshu1st
102,15940741,Davereinfach,"2026-05-27 14:39:22",0.95471,24,davereinfach
103,16061657,starlovelmj,"2026-05-24 10:24:16",0.95471,8,starlovelmj
104,15814291,"Berkay Özkan","2026-05-30 17:21:10",0.95470,35,berkayzkan
105,15927977,"Martin Gabd","2026-05-30 21:03:34",0.95470,91,martins0n
106,16006384,"Nikita Berezyuk","2026-05-23 17:02:52",0.95470,10,nikitaberezyuk1991
107,15912567,ezreal77,"2026-05-21 02:02:07",0.95470,13,ezreal77
108,15918610,idkuma,"2026-05-18 14:17:55",0.95470,9,"idkuma,xiayaru"
109,15841113,Goalseek,"2026-05-29 02:37:03",0.95470,7,shambhu112
110,15803963,"Vladimir Demidov","2026-05-31 22:07:30",0.95469,234,yekenot
111,15980864,"Sir Arthur Nerdolot","2026-05-28 07:04:29",0.95469,49,sirarthurnerdolot
112,15814088,"Trupolog Helper","2026-05-17 01:47:14",0.95469,29,trupologhelper
113,15914853,IEEM26_112034069,"2026-05-31 20:22:45",0.95469,5,leongjiansing
114,15987577,RVK,"2026-05-20 16:30:34",0.95469,4,rahulvks
115,15811150,S-as-H,"2026-05-31 02:35:05",0.95468,32,"npuerl,sasha1111"
116,15857918,IEEM26_112034046,"2026-05-31 09:51:50",0.95468,16,wuwenchen112034046
117,15805080,"Arko Bera","2026-05-31 16:58:28",0.95468,40,cartoonistbeard
118,16001770,kohei-mu,"2026-05-28 15:21:04",0.95467,42,koheimuramatsu
119,15841489,"Sohail Khan","2026-05-31 19:09:37",0.95467,130,sohailkhanlml
120,15841735,Jason,"2026-05-30 03:21:36",0.95467,24,zhehoo
121,15804069,Alan1305,"2026-05-30 10:40:24",0.95467,19,alan1305
122,16064679,"Amr Yasser","2026-05-24 18:03:14",0.95466,2,amryasswe
123,16045245,"Justin Tang","2026-05-25 05:37:00",0.95466,3,justin2009
124,15819278,"Adria Ruiz","2026-05-29 15:42:41",0.95466,82,adriaruiz
125,15863516,Aloy,"2026-05-30 21:29:57",0.95466,49,storywithaloy
126,15853215,"C O U R S E R A   X   J E P A","2026-05-31 19:02:05",0.95466,230,"deeplearnerrr,sahilkhan89"
127,15874614,"Mikhail Naumov IS WINNER!!!!!!","2026-05-26 12:03:59",0.95465,55,arbaaz1213fa
128,16013570,IEEM26_112034048,"2026-05-31 09:33:42",0.95465,11,joanne1n
129,15810108,Marcos,"2026-05-30 10:50:55",0.95465,205,marcosmuozgonzlez
130,16012956,"sarath prathap","2026-05-31 19:36:30",0.95464,74,"sarathprathap,vivekvajha2412"
131,16009202,LECLARE44,"2026-05-31 14:58:32",0.95464,124,amulopapa67
132,15994371,"Patanas Gromulo","2026-05-25 00:03:50",0.95464,45,patanasgromulo
133,16031133,Aurorcys,"2026-05-25 03:41:44",0.95463,20,aurorcys
134,16093814,WangAuspicious,"2026-05-28 05:56:48",0.95463,1,wangauspicious
135,15851477,"WK Lee","2026-05-17 20:02:18",0.95463,21,wk6286
136,15807727,nbhk,"2026-05-29 14:46:17",0.95463,74,msmnbhk
137,15927078,"Ilja Grigorjev","2026-05-27 17:34:24",0.95462,68,iljagrigorjev
138,15803964,"V XAVI","2026-05-31 20:29:51",0.95462,18,xx1263
139,15818030,"Cameron Magari","2026-05-28 04:01:20",0.95462,42,cameronmagari
140,15808136,"Mizushima Toshihiko","2026-05-27 23:59:59",0.95462,165,mizushimatoshihiko
141,15915734,"Ankur Manikandan","2026-05-15 17:57:31",0.95462,51,ankursg8
142,15948848,WAZADOGDOING,"2026-05-31 14:30:59",0.95462,14,wazadogdoing
143,16133871,IEEM26_112030027,"2026-05-31 14:33:13",0.95462,2,ieem26112030027
144,15827915,"Akiyoshi Kinoshita","2026-05-31 09:59:56",0.95462,10,satokin13m
145,15815916,Kyr1ll,"2026-05-29 16:27:35",0.95461,14,kyr1ll
146,15883356,hjyact,"2026-05-31 23:36:53",0.95461,20,hjyact
147,16108215,LLyra,"2026-05-31 13:16:38",0.95461,5,lynnlong0330
148,15837629,ChrisLeiteScha,"2026-05-31 11:51:40",0.95461,105,chrisleitescha
149,16024372,"Mathieu W","2026-05-27 08:09:10",0.95460,12,mathieuw
150,15827947,CAPRICORNUS0908,"2026-05-31 12:13:06",0.95460,87,capricornus0908
151,16022842,harryhehaoyu,"2026-05-29 12:35:31",0.95460,11,harryhehaoyu
152,15805220,UtaAzu,"2026-05-31 23:50:26",0.95460,127,utaazu
153,15811627,"Omkar Kashid","2026-05-31 09:09:33",0.95460,30,omkarkashid1168
154,16052135,Xenon,"2026-05-25 14:53:10",0.95460,22,jollyxenon
155,15803753,F.A.Nina,"2026-05-23 08:35:51",0.95460,181,nina2025
156,15941205,#_Untitled,"2026-05-31 11:44:33",0.95459,10,"abhay544,mahamadsadiq542,siddalingrugi545"
157,15896796,"Luсas Peterson","2026-05-29 17:08:19",0.95459,24,lukaspeterson
158,15954140,"Aryan Sarswat","2026-05-22 15:50:00",0.95458,39,aryansarswat
159,15809028,Vandit,"2026-05-31 08:57:00",0.95458,73,vandittyagi0909
160,15803849,automatylicza_KNAI,"2026-05-14 16:10:17",0.95458,43,automatylicza
161,15930407,"RITTWIK BHOWMICK","2026-05-30 06:34:26",0.95458,65,rittwikbhowmick
162,15917327,yzpeng666,"2026-05-23 11:15:18",0.95458,31,yzpeng666
163,15809943,Yaserntx',"2026-05-30 09:09:57",0.95458,22,yashanathaniel
164,15805819,kglctf,"2026-05-31 00:25:19",0.95458,277,kglctf
165,15804728,"Jeki Wan Taufik","2026-05-31 05:25:52",0.95458,49,jek1wantaufik
166,16046369,"Hu Xingyu","2026-05-30 05:18:49",0.95458,5,huxingyu
167,15900674,SoloSid69,"2026-05-15 05:10:23",0.95457,42,solosid69
168,15814041,久保兼,"2026-05-15 11:18:03",0.95457,7,kuboken
169,15912490,"WANG DONGYANG","2026-05-31 23:54:49",0.95457,65,wangdongyang
170,15838709,Lin.Chen,"2026-05-11 13:18:36",0.95457,33,alonegg
171,16033266,yanTemple,"2026-05-26 02:49:48",0.95457,17,"rubybingo,yantemple"
172,16041694,Laksamada,"2026-05-24 14:49:41",0.95457,16,fachri00
173,15969333,ygfvg111,"2026-05-14 11:44:18",0.95456,2,ygfvg111
174,15810501,TommyPhan4848,"2026-05-20 15:15:13",0.95456,8,tommyphan4848
175,15953546,"Jimin Wang","2026-05-14 01:25:17",0.95456,1,jimmy987654
176,15895386,"Aadi Joshi","2026-05-28 20:29:11",0.95456,6,"aadijoshi19,kavyabhand"
177,15873975,Harshith_vh,"2026-05-15 03:46:05",0.95456,10,harshithvh
178,15819621,"Abhignyan Sonowal","2026-05-18 16:30:09",0.95456,13,abhignyansonowal
179,15868332,kun_hail,"2026-05-14 12:11:26",0.95456,14,kunhail
180,16119526,"ma 127","2026-05-31 07:47:44",0.95456,12,ma1166mu
181,15924569,Untitled,"2026-05-24 05:53:33",0.95456,12,siddalingrugi
182,15974210,dosomethingbetter,"2026-05-14 16:27:21",0.95456,10,dosomethingbetter
183,15804191,Sample,"2026-05-25 06:40:47",0.95456,41,kacchanwriting
184,15994965,RenataLi,"2026-05-16 21:50:40",0.95456,5,renatali
185,15913362,Gaurav9711,"2026-05-16 11:33:19",0.95456,2,gaurav9711
186,15806155,"Nishant Raj","2026-05-31 09:01:43",0.95456,31,nishant30488
187,15988507,"Joakim Arvidsson","2026-05-16 19:27:55",0.95456,4,joebeachcapital
188,15990236,IEEM26_112034002,"2026-05-28 06:30:37",0.95456,3,crazyjoshua123
189,15899083,"Ishimori Yusuke","2026-05-16 14:53:14",0.95456,6,ishimoriyusuke
190,15821922,"tom c tea","2026-05-15 23:26:45",0.95456,26,tomctea
191,15852282,沈奇233,"2026-05-16 14:51:41",0.95456,1,sqqs123
192,15854551,"Dunni Olu-Ajayi","2026-05-23 21:57:47",0.95456,19,oluwadunnioluajayi
193,15985065,MichelleDataSci,"2026-05-15 23:50:32",0.95456,9,michelledatasci
194,15986328,"Desrinath B","2026-05-16 18:30:00",0.95456,10,desrinathb
195,16110336,Chriz,"2026-05-29 13:25:35",0.95456,3,chrisopherjoshy
196,15851437,姚迪斐,"2026-05-17 08:36:37",0.95456,3,yaodifei
197,16106174,"Arnav Kewalram","2026-05-31 01:49:59",0.95456,18,arnavkewalram
198,16042806,IEEM26_110034059,"2026-05-31 07:24:10",0.95455,28,shark1008
199,15910211,"Jacques Zhelin Zhang","2026-05-31 00:52:40",0.95455,200,jacqueszhelinzhang
200,15808511,"Elvis Bui","2026-05-30 00:01:51",0.95455,41,elvisbui
201,15807327,YuAn,"2026-05-28 02:33:33",0.95455,83,yuanke2001
202,15820269,IMIargot,"2026-05-30 21:05:27",0.95455,25,imiargot
203,15808397,"Oskar Seweryn","2026-05-16 13:14:42",0.95455,11,oskarseweryn
204,16094036,liesegang,"2026-05-28 01:01:13",0.95455,20,liesegang
205,16037602,"Ziheng Zhang","2026-05-29 08:23:12",0.95455,67,"firmament77,nudtdmzzh"
206,15881893,IEEM26_112034045,"2026-05-31 23:55:27",0.95455,9,cynthiachiucyt
207,15856654,chuan-chih,"2026-05-16 10:34:50",0.95455,24,meowlu
208,15818815,"Giovanny Rodríguez","2026-05-31 18:25:03",0.95455,88,giovannyrodrguez
209,15832090,Bdwj,"2026-05-31 20:41:24",0.95455,2,totallyapoorv
210,15850003,"Md Abdul Al Hasib","2026-05-17 16:57:04",0.95455,2,mdabdulalhasib
211,15827646,Ramesh888,"2026-05-16 12:11:26",0.95455,17,ramesh888
212,16041221,"F1 Pro driver","2026-05-31 19:17:02",0.95455,11,"dulayutlaungsunton,suriyenkongtip"
213,15990731,"George Walker Bush","2026-05-25 03:21:19",0.95454,15,georgewalkerbush
214,15814240,MomotokD,"2026-05-31 08:42:32",0.95454,7,momotokd
215,15803768,epiktetos,"2026-05-23 02:56:20",0.95454,25,epiktetos
216,16031583,"Christos Prapas","2026-05-28 08:15:19",0.95454,46,christosprapas
217,15914021,mwuong,"2026-05-31 00:14:47",0.95454,23,mwuong
218,16060010,Forever,"2026-05-27 14:06:34",0.95454,10,xife6244
219,15819216,"ahmed Maalej","2026-05-31 18:16:28",0.95454,8,truthminer
220,15922366,"PRASHANT SHUKLA91","2026-05-18 04:34:36",0.95454,5,prashantshukla91
221,16043284,"Melson Li","2026-05-24 04:44:47",0.95454,14,"melsonli,youareheisenberg"
222,15813836,goodpjw2008,"2026-05-23 10:20:34",0.95453,34,goodpjw2008
223,15809019,kif,"2026-05-31 08:13:56",0.95453,38,echigobran
224,16023555,k-kuwa987,"2026-05-31 14:05:47",0.95453,93,kkuwa987
225,15894355,"Saivedant Hava","2026-05-31 20:22:59",0.95453,51,saivedanthava
226,16074606,"Factual Explorer","2026-05-31 13:54:40",0.95453,26,factualexplorer
227,15970312,"Zihe Henry Zhang","2026-05-31 16:44:55",0.95453,32,caesium137
228,15915535,"Rishik Reddy","2026-05-25 04:53:54",0.95453,28,rishik20
229,15999292,"Ryan Tolone","2026-05-27 20:31:06",0.95453,13,ryantolone
230,15868845,miki,"2026-05-31 00:08:30",0.95453,160,miki2025lee
231,15978258,MASADDPG,"2026-05-30 08:40:28",0.95453,66,masaddpg
232,16055879,"ahmed cherif","2026-05-27 09:30:36",0.95453,39,ahmedcherif19111998
233,16105293,"kevin zhou","2026-05-30 16:10:41",0.95453,11,kevinzhou66
234,16046724,pkltime1043,"2026-05-31 16:53:24",0.95453,7,pkltime1043
235,15818282,Trimut,"2026-05-31 13:37:43",0.95452,31,tamannaji
236,15838961,IEEM26_111034003,"2026-05-31 06:22:24",0.95452,73,lurayaimonitor
237,16054065,"Alvin Li","2026-05-31 08:17:12",0.95452,48,alvinli0412
238,16006000,NM_go,"2026-05-29 19:33:17",0.95452,39,"milindc02,nishtha22"
239,16012744,"Aishwarya Chandrasekhar","2026-05-26 01:04:05",0.95452,9,stoicaish
240,16073692,Soilair,"2026-05-31 01:56:31",0.95452,32,soilair
241,15805809,AshishSinghRawat,"2026-05-31 10:10:05",0.95452,52,rawashishsin
242,16055963,"Vardan Adibekyan","2026-05-29 12:12:05",0.95452,57,vardanadibekyan
243,15868328,"Akshan Krithick","2026-05-31 16:51:34",0.95452,119,akshankrithick
244,16119986,L1iangChaa,"2026-05-30 13:51:09",0.95452,5,l1iangchaa
245,15836512,"Андрей Савельев","2026-05-31 07:57:24",0.95452,40,quatlify
246,15821973,"Kun Zhang","2026-05-31 05:31:24",0.95452,233,beicicc
247,15804897,"Santiago Maniches","2026-05-31 18:43:24",0.95452,112,santmani
248,16077023,Yufeng,"2026-05-26 00:21:07",0.95452,20,mxtennet
249,15830618,"Shigeru Kondou","2026-05-30 16:37:28",0.95452,49,shigerukondou
250,16053835,"SAQA SIRE","2026-05-31 07:09:41",0.95452,21,ssstelmah
251,16080103,IEEM26_112034019,"2026-05-30 13:34:36",0.95452,15,gaysonorthotdaughter
252,16121482,"Nur Srijan","2026-05-31 14:09:17",0.95452,14,nursrijan
253,16059446,William178,"2026-05-24 03:40:13",0.95452,6,william178
254,16059570,IEEM26_112034067,"2026-05-27 06:59:43",0.95452,3,s112034067
255,15955058,fukangzhang9,"2026-05-31 23:56:19",0.95452,48,fukangzhang9
256,15837704,"Charismatic Pizza Party🍕","2026-05-29 04:36:37",0.95452,5,debugendless
257,15946909,IEEM26_1110211120,"2026-05-31 13:57:47",0.95452,10,eewang2004
258,15877344,"Tingjin Liu","2026-05-27 07:30:20",0.95452,18,tingjinliu
259,16021883,"Pujit Swikrit","2026-05-27 14:21:38",0.95452,24,pujitswikrit
260,16104880,"Kangqiao LIU","2026-05-29 23:59:45",0.95452,4,kangqiaoliu
261,16116139,Sparklary,"2026-05-30 04:07:55",0.95452,9,shadowin
262,16118495,IEEM26_111030038,"2026-05-30 13:22:50",0.95452,4,jameschen1205
263,16065116,IEEM26_112034026,"2026-05-30 16:45:24",0.95452,18,yyyy112
264,16125569,IEEM26_112030014,"2026-05-30 21:59:26",0.95452,2,lchijk
265,15833955,IEEM26_112034008,"2026-05-31 09:52:46",0.95452,15,leeyukuan10
266,15887774,"Forestadel Nord","2026-05-31 12:04:12",0.95452,1,nordforestade
267,15816583,OzanM.,"2026-05-31 12:26:05",0.95452,26,analyticaobscura
268,16012723,IEEM26_112034050,"2026-05-31 13:48:26",0.95452,8,tsaiwinnie
269,16023858,IEEM26_111034002,"2026-05-31 14:52:56",0.95452,13,s111034002
270,16097837,晨辰CC,"2026-05-31 16:30:29",0.95452,26,ccyuycc
271,16066664,mbscgi,"2026-05-26 12:46:59",0.95452,19,mbscgi
272,16112281,"Rajan Nagarajan","2026-05-31 17:30:50",0.95452,10,narajan
273,16058236,PipDataScientist,"2026-05-28 14:37:53",0.95452,13,pipdatascientist
274,15933919,cwxcwxcwxcwx,"2026-05-26 00:12:09",0.95452,41,cwxcwxcwxcwx
275,15898799,"Raunak Dey","2026-05-23 18:23:42",0.95452,28,raunakdey07
276,16057925,SeaL77773,"2026-05-27 13:58:30",0.95452,30,seal77773
277,15873756,"Sahir Maharaj","2026-05-31 12:38:43",0.95452,22,sahirmaharajj
278,16065229,"shudiaoh 0910","2026-05-24 17:35:36",0.95452,1,shudiaoh
279,16057072,HEroKuma,"2026-05-27 11:42:47",0.95452,11,herokuma
280,16084492,"Yunus Dermencioglu","2026-05-26 19:48:11",0.95452,10,yunusdermencioglu
281,16089146,w d j y 123456,"2026-05-28 06:06:55",0.95452,11,wdjy123456
282,15858151,IEEM26_112034012,"2026-05-28 15:58:25",0.95452,21,stevenkuo1025
283,16010455,IEEM26_112034011,"2026-05-28 16:45:53",0.95452,7,eaglechiu
284,15973034,"Aniket Arora","2026-05-29 17:35:40",0.95452,25,aniketarora1
285,16110803,"H. Ashida","2026-05-31 00:05:50",0.95452,22,hiromuashida
286,15854662,Norizo90125,"2026-05-30 00:23:45",0.95452,58,norizo90125
287,16030748,"Pit Insights","2026-05-31 12:04:02",0.95452,12,"amnariaz22,hamnamunir,mirzayasirabdullah07"
288,15816958,"우리는 잠겨있다","2026-05-24 06:15:28",0.95452,38,"justinkyh,sparrowsteelduck"
289,16113540,"Mark Gorelik","2026-05-31 19:28:02",0.95452,23,randomguy12
290,16099448,IEEM26_112034021,"2026-05-30 05:28:06",0.95452,1,acupwow
291,16127545,IEEM26_112034056,"2026-05-31 17:23:10",0.95452,7,winniening
292,15803845,"Sung Heo","2026-05-31 14:30:52",0.95452,87,kmmmvs
293,16061899,IEEM26_112034042,"2026-05-31 15:24:24",0.95452,9,wilson1222
294,16130225,IEEM26_112034034,"2026-05-31 16:23:43",0.95452,5,josephyunchiao
295,16134362,StevenUU,"2026-05-31 19:19:08",0.95452,6,stevenuu
296,15883267,"Ayush Shekhar","2026-05-31 22:53:40",0.95452,54,ayushshekhar56
297,16135589,avasis,"2026-05-31 20:52:41",0.95452,10,avasis
298,16136531,"YOUSSEF MOUHOU","2026-05-31 22:03:55",0.95452,6,youssefmouhou
299,15816314,turtle,"2026-05-25 09:48:32",0.95452,80,itasps
300,16053300,IEEM26_112034010,"2026-05-30 17:23:18",0.95452,11,ieem26112034010
301,15868791,JWuZhu,"2026-05-26 09:46:52",0.95452,68,jwuzhu
302,16084701,银龙今天读博了吗？,"2026-05-26 14:36:55",0.95452,1,boyanyanbo
303,15989410,"Nicolas Sergeev","2026-05-28 21:10:05",0.95452,62,nicolassergeev
304,15983650,서태혁asdad,"2026-05-26 08:04:54",0.95452,19,asdsd123
305,15928108,"Octavi Grau","2026-05-30 17:31:38",0.95452,14,octaviograu
306,16078772,firefox0331,"2026-05-31 08:58:28",0.95452,25,firefox0331
307,16091087,imaeakira,"2026-05-31 08:44:44",0.95452,42,imaeakira
308,16082757,coder738,"2026-05-27 12:25:21",0.95452,18,coder738
309,15926330,"Goal Triangle","2026-05-31 03:49:59",0.95452,23,"aplish,izzuek,ourving"
310,15879391,WBF_USA_NYC,"2026-05-27 04:42:26",0.95452,99,wbfranci
311,16057305,"David Pupăză","2026-05-31 16:55:59",0.95452,37,davidpupaza
312,15963661,IEEM26_112030032,"2026-05-29 14:50:27",0.95452,36,c112030032
313,15870797,"Rahul Poddar","2026-05-27 16:43:09",0.95452,10,rahulpoddar477
314,15979074,Ray,"2026-05-30 02:10:03",0.95452,92,ruihaokaggle
315,15984734,"Nithin maktha","2026-05-31 08:39:53",0.95452,34,makthanithin
316,15818213,"Sadettin Şamil Verdil","2026-05-31 11:16:36",0.95452,22,sadettinamilverdil
317,15817604,"Yusuf Murtaza","2026-05-30 06:38:07",0.95452,12,yusufmurtaza01
318,15975415,"HoaiPhong Nguyen","2026-05-29 01:06:49",0.95452,13,hoaiphongnguyen
319,15934385,"Rasulbek Qodomboyev","2026-05-23 19:36:30",0.95452,17,rasulbekqadamboyev
320,15984984,IEEM26_112034005,"2026-05-26 08:46:44",0.95452,25,lin112034005
321,15998450,CharlesChi_94,"2026-05-25 00:30:30",0.95452,17,charleschi94
322,15942160,Mohit,"2026-05-31 09:19:44",0.95452,4,mohit78241
323,15809806,"Woods Hole","2026-05-31 12:10:01",0.95452,57,woodshole
324,15826782,"Ömer Faruk Yüce","2026-05-31 18:17:08",0.95452,70,merfarukyce
325,15810854,"ADOLF FAUSTINE","2026-05-29 15:40:05",0.95452,47,adolffaustine
326,15804405,AnthonyTherrien,"2026-05-31 10:38:37",0.95452,49,anthonytherrien
327,15809187,"Samyakraj Bayar","2026-05-31 12:54:25",0.95452,69,samyakrajbayar
328,15836478,IEEM26_112034038,"2026-05-23 06:52:11",0.95452,5,s112034038
329,15817585,"Ruined Nikita Cat","2026-05-31 07:24:02",0.95452,4,afifalisaadman
330,15831011,IEEM26_112034052,"2026-05-30 19:58:43",0.95452,12,sylvie23
331,15803887,"Anim Samuel K.","2026-05-30 14:18:58",0.95452,24,animsamuelk
332,16032662,alvinaug110529,"2026-05-25 05:15:52",0.95452,15,alvinaug110529
333,15831800,"abdallah wael","2026-05-23 07:17:45",0.95452,3,"abdallahwael22,ahmedsamirafattah"
334,15892606,"Abhay Singh","2026-05-25 07:43:11",0.95452,8,battkeninza
335,16056302,sssssssssz,"2026-05-31 04:53:38",0.95452,25,linzssss
336,15941363,P3069,"2026-05-31 21:16:42",0.95452,2,pietrocol
337,15852277,"Neel Dipesh shah","2026-05-31 17:36:20",0.95452,19,neeldipeshshah
338,15996287,"David Sario","2026-05-24 23:49:24",0.95452,2,davidsario
339,15827363,"⸻AgentZZ ⸻","2026-05-30 13:00:00",0.95452,58,agentzz
340,15877043,IEEM26_112034028,"2026-05-27 09:14:37",0.95452,10,chiang7z
341,15847406,IEEM26_111021114,"2026-05-28 17:04:03",0.95452,4,acnologia1115
342,15976982,"Sunil Jagdish Sharma","2026-05-28 20:47:35",0.95452,3,suniljagdishsharma
343,16080098,IEEM26_112034014,"2026-05-30 14:18:07",0.95452,7,tsaohsuanyu
344,15996277,IEEM26_112034036,"2026-05-30 16:35:36",0.95452,10,hsinyu3436
345,16006281,MalithJ,"2026-05-30 23:45:00",0.95452,19,malithjaya
346,15836175,"Shubham Yadav","2026-05-31 15:00:29",0.95452,10,shubhamyadav2004
347,16119950,IEEM26_112034039,"2026-05-31 15:19:14",0.95452,6,truephone
348,15870458,Moksh,"2026-05-31 15:30:40",0.95452,6,moksh067
349,16134223,IEEM26_112030016,"2026-05-31 20:33:11",0.95452,5,hawayswei
350,15986138,DataRegressor,"2026-05-31 23:31:25",0.95452,38,azzamradman
351,15950529,"Tao Fang","2026-05-27 05:19:27",0.95452,11,taofang2026
352,16043690,Penguin,"2026-05-23 07:32:34",0.95452,24,penguin069
353,15853800,CodeMasters,"2026-05-30 07:33:35",0.95452,80,"beyzakucuk,demettal,filizesenkaya"
354,16068310,"Adnan Zaman","2026-05-26 05:02:05",0.95452,7,adnanzamanniloy
355,15852403,"Muhammad Usman Khan #2","2026-05-31 09:08:34",0.95452,50,muhammadusmankhan0
356,15818633,"Mitudru Dutta","2026-05-25 17:47:38",0.95452,12,mitudru
357,16076959,"Andrew Lee","2026-05-25 22:18:19",0.95452,1,andrewlee23023
358,15806378,"Bryson Ng","2026-05-26 02:14:11",0.95452,13,djsksbrbf
359,15810762,"Ruchir Kale","2026-05-26 03:32:03",0.95452,6,ruchirkale
360,15808962,"Jose M. Martinez","2026-05-26 05:59:03",0.95452,8,jmmrcp
361,15994889,Algorex,"2026-05-27 12:49:01",0.95452,5,daniellebagaforomeer
362,16080117,"HUANG HSUAN YA","2026-05-26 11:41:38",0.95452,10,huanghsuanya
363,16083246,"HUANG HSUAN Y","2026-05-26 11:54:02",0.95452,5,huanghsuany
364,16085090,"Ahmed Abrar Tahseen","2026-05-26 15:25:38",0.95452,1,ahmedabrartahseen
365,15980060,Kuhnkuhn,"2026-05-27 01:43:58",0.95452,3,kuhnkuhn
366,15972159,"Andrei Voinea","2026-05-31 12:52:35",0.95452,31,andreiv0
367,16030733,Amit393,"2026-05-29 02:34:41",0.95452,12,amit393
368,15812835,"Code by Nadiia","2026-05-27 16:40:26",0.95452,20,codebynadiia
369,16095041,"Jaideep Padhi","2026-05-28 20:10:30",0.95452,8,jaideepsaipadhi
370,16097529,yuka,"2026-05-28 05:09:58",0.95452,2,yuka32668
371,16098300,"Nafiul Islam","2026-05-28 07:32:19",0.95452,3,nafiulislam490
372,15896742,Midet,"2026-05-29 14:16:51",0.95452,13,yusuke0chiai
373,16101337,Kirderf,"2026-05-31 17:53:59",0.95452,22,kirderf
374,16076013,IEEM26_112034066,"2026-05-31 18:32:15",0.95452,13,ppp3333
375,16108115,biswajit,"2026-05-29 07:23:28",0.95452,1,biswajitnahak
376,15924062,noynkmr,"2026-05-29 08:37:35",0.95452,1,noynkmr
377,16112180,"Simon Rüba","2026-05-29 15:38:52",0.95452,4,simonrba
378,16113905,IEEM_112034051,"2026-05-31 11:21:28",0.95452,18,linshangyan
379,16083739,IEEM26_112034033,"2026-05-30 07:23:57",0.95452,8,s112034033
380,16117477,IEEM26_112034027,"2026-05-31 07:46:34",0.95452,8,claire62131
381,16117372,"Riddy Mazumder","2026-05-30 07:19:48",0.95452,1,riddymazumder
382,15908137,"SINGLE CATBOOST ONLY","2026-05-31 20:10:50",0.95452,80,obosrish
383,15812467,IEEM26_112034054,"2026-05-31 18:53:14",0.95452,16,s112034054
384,15915556,"Manav Trivedi","2026-05-30 13:15:37",0.95452,6,manavtrivedi
385,16110291,"Osamah Sarraj","2026-05-31 15:52:15",0.95452,17,osraj0
386,15915747,"Kushal Khemani","2026-05-30 16:16:47",0.95452,28,kushalkhemani09
387,16072192,"Mirza Milan Farabi","2026-05-31 15:58:23",0.95452,2,mirzamilanfarabi
388,16125589,lchijkk,"2026-05-30 19:27:23",0.95452,2,ronima
389,16017920,"Tasniem N. Alyahya","2026-05-30 20:53:38",0.95452,8,tasniemnasser
390,15878817,"Muhammad Ibrahim Qasmi","2026-05-30 22:40:26",0.95452,2,ibrahimqasimi
391,15955183,"Yaroslav Kalinin","2026-05-31 03:07:28",0.95452,2,yaroslavkalinin
392,16116408,hirosesesese,"2026-05-31 03:58:08",0.95452,14,hirosesesese
393,16120946,"Makar Rogovik","2026-05-31 05:35:22",0.95452,18,makarrogovik
394,16078332,Dr_F,"2026-05-31 07:20:04",0.95452,27,algebraictopology
395,15811631,"md farhaan akhtar","2026-05-31 18:24:26",0.95452,48,mdfarhaanakhtar
396,15862381,IEEM26_111030022,"2026-05-31 11:46:04",0.95452,29,quinterina
397,15893691,"Bhaskar Jha","2026-05-31 10:32:53",0.95452,22,bhaskarjha10
398,15805348,summer_coders,"2026-05-31 13:06:49",0.95452,7,"imrancoder786,muhammaddanyalmalik"
399,16133982,IEEM26_112034037,"2026-05-31 14:46:41",0.95452,2,dancskx
400,15949983,IEEM26_111034012,"2026-05-31 16:08:19",0.95452,27,a111034012
401,16057442,"maria nadeem","2026-05-31 17:30:46",0.95452,5,marianadeem755
402,16014653,IEEM26_112030010,"2026-05-31 19:13:22",0.95452,9,hectorchiu
403,16010870,IEEM26_112034035,"2026-05-31 18:29:35",0.95452,19,carryjason
404,15803761,"Lakhindar Pal","2026-05-31 19:22:58",0.95452,8,lakhindarpal
405,15807392,"Ilya Sevastyanov","2026-05-31 02:32:02",0.95452,26,sev1lya
406,16058982,A3110,"2026-05-25 08:39:11",0.95452,5,andradaparaczki
407,16004512,"Rabeya Noor","2026-05-24 14:45:13",0.95452,6,rabeya100x
408,15803929,"Pavlo Ivanin","2026-05-31 03:32:31",0.95452,14,pavloivanin
409,15903046,Elnubi,"2026-05-23 22:56:37",0.95452,16,abdullahnubi
410,15847118,kangaeru,"2026-05-27 12:17:32",0.95452,8,kangaeru
411,15857389,Shreyansh_Singh,"2026-05-31 05:46:31",0.95452,46,shreyanshsingh221
412,15947326,"Michael Y. Qiu","2026-05-31 15:09:48",0.95451,40,michaelqiu0606
413,15807166,"Aryan Kaisth","2026-05-31 18:45:44",0.95451,53,aryankaisth
414,15858013,Shelton,"2026-05-30 13:08:36",0.95451,41,wangxintong111
415,15831448,RuiFSPinto,"2026-05-31 06:34:30",0.95451,88,ruifspinto
416,16059202,"Ali Sobhi Zewiany","2026-05-25 09:19:27",0.95451,15,alizewiany
417,15816058,"Bulşah Keçici","2026-05-19 15:00:45",0.95451,120,bulsahkecici
418,15812691,"Maher el Ouahabi","2026-05-15 10:00:56",0.95451,69,maherelouahabi
419,15834782,IEEM26_112034023,"2026-05-31 19:41:50",0.95450,41,joypig
420,16057278,河瀬蒼央,"2026-05-31 13:21:09",0.95450,19,aomaru07
421,16059512,edisonmbli,"2026-05-30 15:20:03",0.95450,56,edisonmbli
422,15894823,"Xinghao Wang","2026-05-13 07:14:53",0.95450,19,wangxinghao0718
423,15934695,"Kushal Khemani #2","2026-05-13 12:14:00",0.95450,15,kushalkhemani
424,15811179,Ern711,"2026-05-31 07:36:12",0.95450,42,ern711
425,15841143,"Aditya Singh","2026-05-12 05:11:26",0.95450,7,adityasingh157735
426,15931914,"Damian Hill","2026-05-12 19:10:12",0.95450,10,hilldamian
427,15947221,Smii7y,"2026-05-13 18:43:32",0.95450,8,brainded46
428,15811278,"Arda Çiftçi","2026-05-10 08:34:55",0.95450,70,ardaciftci
429,15898436,"Payal Dhokane","2026-05-10 10:28:58",0.95450,6,payaldhokane
430,15873740,"Mahamad Sadiq Mujawar","2026-05-11 06:14:04",0.95450,11,mahamadsadiqmujawar
431,15937061,ShayanRez,"2026-05-17 17:16:25",0.95450,5,shayanrez
432,15877461,tuko_tanzwoo,"2026-05-17 16:52:28",0.95450,17,tukotanzwoo
433,15837487,"Ram Janam Yadav","2026-05-20 16:38:13",0.95450,20,ramjanamyadav
434,15946672,"Abhay Ishwarappa Nadagaddii","2026-05-13 09:09:26",0.95450,3,abhayn44
435,15820330,"Danil Kutsy","2026-05-13 10:32:04",0.95450,1,daniilkutsy
436,15812171,"Sairaj Adhav","2026-05-14 10:20:21",0.95450,61,sai10py
437,15807681,"Selim Halykov","2026-05-09 15:00:41",0.95450,3,selimhalykov
438,15860394,"Muhammad Atif","2026-05-21 14:01:48",0.95450,16,"atifkhan12,mumtazahmadmaitla"
439,15805761,bhaskar9221,"2026-05-12 00:36:14",0.95450,35,bhaskarkumar11
440,15858717,"Han Xiao","2026-05-10 06:14:34",0.95450,5,hanxiao8080
441,15814497,"Dávid Kolumber","2026-05-15 13:43:15",0.95450,5,davidkolumber
442,15921992,kylereid,"2026-05-11 19:59:23",0.95450,13,lordcorwinofamber
443,15928409,MPFPS,"2026-05-11 13:55:59",0.95450,10,manojmandal
444,15939521,"Vandana Shindhe","2026-05-12 14:21:36",0.95450,2,"kirthij,vandanashindhe"
445,15942673,"Ishan Bojja","2026-05-16 21:12:04",0.95450,6,ishanbojja
446,15944533,"Yanshu Patel","2026-05-13 04:26:32",0.95450,1,yanshupatel
447,15945333,"keerti pawar","2026-05-13 06:43:44",0.95450,1,"darshanjannu,keertipawar"
448,15929939,"Sukamal Bagui","2026-05-17 08:34:47",0.95450,4,sukamalbagui
449,15807892,"Umair Zia","2026-05-14 11:14:21",0.95450,5,stealthtechnologies
450,15844560,Hanashiro_Anzu,"2026-05-28 13:44:07",0.95449,47,hanashiroanzu
451,15892527,noahrolandd,"2026-05-10 20:00:14",0.95449,5,noahrolandd
452,15814861,(◡_◡),"2026-05-31 14:37:02",0.95448,53,nawfeelrahman1124444
453,15887347,nobuya,"2026-05-31 13:56:02",0.95448,78,kakiginobuya
454,15881436,Wolfram_Kxs,"2026-05-09 06:40:08",0.95447,16,wolframkxs
455,15903726,GluePickel,"2026-05-09 01:41:41",0.95447,7,gluepickel
456,16121761,"Kevin Petersburg","2026-05-31 02:19:15",0.95447,9,kevinpetersburg
457,15831649,"Dalia Mowafy","2026-05-30 20:42:36",0.95447,32,daliamowafy7
458,15889435,"seethelight luo","2026-05-31 03:07:57",0.95447,30,seethelightluo
459,15902089,"Arbaaz Khan115555","2026-05-11 09:33:07",0.95447,3,arbaazkhan115555
460,15871412,"KYUNGMIN SHIM","2026-05-12 21:16:57",0.95446,29,kyungminshim
461,15887704,"Jaime Souza","2026-05-08 09:07:49",0.95446,19,jaimenms
462,15996106,mariotrsn,"2026-05-31 11:51:19",0.95446,25,mariotrsn
463,16019498,yunseungmin0531,"2026-05-31 13:04:42",0.95445,79,yunseungmin0531
464,15865876,chezz,"2026-05-10 16:56:21",0.95444,18,chezeoff
465,15853260,Samarth3000000,"2026-05-08 03:38:51",0.95444,27,samarth3000000
466,15805615,たかゆき,"2026-05-31 00:33:16",0.95444,223,takayuki0127
467,15832850,"Gerald Schwartz","2026-05-27 17:39:08",0.95443,8,geraldschwartz
468,15824023,dsafdsaf132,"2026-05-10 08:34:23",0.95443,55,dsafdsaf132
469,15899894,"Master Teo","2026-05-08 19:01:38",0.95443,10,sirteo
470,15814339,Will,"2026-05-31 12:01:34",0.95443,30,wguesdon
471,15875911,"Mert Bayraktar","2026-05-13 23:20:40",0.95443,4,mertbayraktar
472,15839004,BlamerX,"2026-05-29 21:39:00",0.95443,29,blamerx
473,15875524,"Wosheng Deng","2026-05-07 14:46:16",0.95442,2,woshengdeng
474,15875977,"Mudit Chaturvedi","2026-05-06 14:16:09",0.95442,7,muchat007
475,15878229,charmy444,"2026-05-06 18:08:32",0.95442,1,charmy444
476,15857781,"Arkat Khassanov","2026-05-08 22:38:53",0.95442,6,arkatkhasanov
477,15827677,"Halo Kitty","2026-05-07 08:07:07",0.95442,14,liudalang
478,15886112,"Akshay Balaji","2026-05-12 09:02:36",0.95442,10,mrakshaybalaji
479,15883992,wuxi,"2026-05-11 02:57:54",0.95441,6,wuxi223
480,15900757,"Alper Ugurcan","2026-05-08 18:24:04",0.95441,1,alperugurca
481,15894385,lytCNAORevision2018,"2026-05-08 06:45:46",0.95441,2,lytcnaorevision2018
482,15877884,"Artem Shamshin","2026-05-06 17:50:02",0.95441,1,helaxxx
483,15880165,"Maguluri Naveen","2026-05-07 00:30:51",0.95441,1,magulurinaveen
484,15856234,"Aleesha Nadeem","2026-05-07 13:51:29",0.95441,2,nalisha
485,15818598,"Peter Staykov","2026-05-29 20:57:03",0.95441,11,peterstaykov
486,15891498,"Yash Sharma","2026-05-07 23:50:18",0.95441,1,yashsharma42
487,15811850,Sakayuya,"2026-05-08 02:19:33",0.95441,8,sakayuya
488,15899059,bouganvillea,"2026-05-08 14:23:58",0.95441,1,bouganvillea
489,15803922,"Abdulrahman Ragheb","2026-05-31 15:01:31",0.95441,38,abdulrahmanragheb
490,15937718,"Dahye Choi","2026-05-31 05:42:47",0.95441,59,dahyech
491,15831768,hipotures,"2026-05-31 00:24:25",0.95440,290,hipotures
492,15867598,jasonlin1222,"2026-05-31 22:45:55",0.95440,4,jasonlin1222
493,15810535,"carol christian poell","2026-05-06 22:36:18",0.95440,17,dxeeeee
494,15854349,nybbler,"2026-05-29 09:44:49",0.95438,42,nybbler
495,15839423,"Yusaku Muroya","2026-05-31 19:15:39",0.95438,24,ymuroya47
496,15837907,MakiMakiAi,"2026-05-06 06:33:19",0.95438,29,makimakiai
497,15831024,OverfitOracle,"2026-05-05 10:54:47",0.95437,2,alisalmanrana
498,15931104,RicardoLópez,"2026-05-31 18:01:55",0.95436,8,richi2489
499,16054890,"YUSUKE HIKIDERA","2026-05-24 14:55:42",0.95436,5,yusukehikidera
500,16067754,"saketh baddam","2026-05-30 04:01:42",0.95435,50,sakethbaddam
501,15836118,jingle2026,"2026-05-25 12:32:52",0.95435,46,jingle2026
502,15877320,Tien-Thinh,"2026-05-31 21:53:04",0.95435,24,tienthinh
503,16044329,QiuShi,"2026-05-24 07:28:48",0.95434,17,beaulo0
504,16002215,susutem,"2026-05-25 12:06:08",0.95434,7,susutem
505,15863618,nEO,"2026-05-31 17:31:47",0.95434,23,neoterics
506,15901623,JM,"2026-05-28 08:59:15",0.95434,78,julianmukaj
507,16124582,"Kanak Kokil","2026-05-31 17:33:56",0.95433,1,kanakkokil
508,16057799,"Mizuki Nakai","2026-05-31 23:40:42",0.95433,14,mizukinakaizuuu
509,16115389,PEROMAX44,"2026-05-31 07:23:25",0.95432,11,perorin
510,15803847,GyoGyoCat,"2026-05-21 02:00:45",0.95431,25,gyogyocat
511,15999259,"Alex Makuch","2026-05-17 06:49:54",0.95431,1,alexmakuch
512,16028968,"Shamanthak Reddy Mallu","2026-05-31 17:24:17",0.95429,32,shamanthakreddymallu
513,15850026,mlhoffmann,"2026-05-07 13:58:26",0.95429,18,mlhoffmannsouza
514,15895240,putiye,"2026-05-23 06:58:07",0.95429,19,putiye
515,15808896,s1rotan,"2026-05-30 15:51:10",0.95428,19,s1rotan
516,15905584,sycqbz,"2026-05-11 11:07:15",0.95428,6,sycqbz
517,16017131,Jayhawk1900,"2026-05-27 14:01:34",0.95428,22,jayhawk1900
518,15841350,"Pravin Takpire","2026-05-29 01:39:16",0.95428,34,pravintakpire
519,15973720,JordyDavel,"2026-05-30 22:23:31",0.95428,29,jordydavel
520,15839507,"Dhanush Sai","2026-05-21 07:22:02",0.95428,11,dhanushsai11
521,15895716,mcathala,"2026-05-30 08:17:38",0.95427,21,mcathala
522,15912999,HAMZA,"2026-05-23 14:34:25",0.95427,12,mhamza0810
523,16012232,rauminoodles,"2026-05-31 22:10:50",0.95426,7,rauminoodles
524,15805326,lbrownnash,"2026-05-31 16:54:50",0.95426,60,lbrownnash
525,15883932,"Bertan Pank","2026-05-31 16:31:03",0.95425,11,bertanpank
526,15997798,lchijkkk,"2026-05-31 19:42:04",0.95424,55,thisisroni
527,16086411,Pierrax,"2026-05-31 22:23:15",0.95423,14,pguillemin
528,15945455,Scio,"2026-05-26 05:16:50",0.95423,37,siamrahman29
529,15859739,"John Mitchell","2026-05-21 13:52:10",0.95423,12,jbomitchell
530,16132909,최정우,"2026-05-31 17:53:12",0.95422,10,choijungaaa
531,15803901,"Cristian Guzman Urrutia","2026-05-06 15:25:30",0.95422,24,cristianguzman
532,15803800,cigdembal,"2026-05-26 20:27:43",0.95421,35,cigdembaloglu
533,15888175,Chen,"2026-05-26 00:00:31",0.95419,27,nk7260ynpa
534,15828779,"Arjun Madaan","2026-05-05 02:03:34",0.95419,1,juniam
535,15856608,Yash,"2026-05-07 07:24:17",0.95419,2,yashdev01
536,16061349,xiaohaozheshi,"2026-05-24 08:02:36",0.95418,10,xiaohaozheshi
537,15824313,"Makoto Aimura","2026-05-10 01:03:04",0.95416,32,makotoaimura
538,16087286,bucw3at,"2026-05-31 14:50:00",0.95416,19,bucw3at
539,15841664,"Croft Adams","2026-05-31 08:36:40",0.95416,117,croftadams
540,16060604,"Evgeniy Molozhenko","2026-05-24 06:12:37",0.95415,2,molozhenko
541,15818354,"Baseer Shah","2026-05-06 12:38:00",0.95414,13,baseershah
542,15814417,"Ayush Gupta","2026-05-18 20:05:12",0.95414,13,ayush500
543,16020901,"Manish K Reddy","2026-05-31 13:28:42",0.95414,3,manishkreddy
544,15859609,"Farrukh Ismoilov","2026-05-26 12:32:46",0.95413,1,fismoilo
545,15881707,maronist,"2026-05-29 03:56:29",0.95412,6,emikonandate
546,16044058,Priyanshu_1Mittal,"2026-05-29 16:03:41",0.95412,19,priyanshu1mittal
547,16102837,r13721,"2026-05-31 17:54:51",0.95412,9,r13721
548,15904500,"Mohammad Ghafourian Nasiri","2026-05-11 18:32:24",0.95412,8,mghnasiri
549,16084587,楊子禾_112034044,"2026-05-28 18:11:41",0.95412,13,cartonyang
550,16112393,"Koyashiki Mao","2026-05-29 16:02:55",0.95412,1,koyashikimao
551,15940204,lryyyyyyy,"2026-05-15 03:03:47",0.95411,21,lryyyyyyy
552,15803789,Yui,"2026-05-26 23:19:21",0.95410,14,yui0729
553,16009949,"Anas Khan,pm[p","2026-05-18 08:55:37",0.95410,1,anaskhanpmp
554,15846340,"Zhou Di","2026-05-04 12:27:27",0.95409,10,judyyyyyy333
555,15814869,Gaoxingjian,"2026-05-05 01:51:29",0.95408,1,berdyansk
556,15809505,"Komil Parmar","2026-05-05 15:12:42",0.95408,47,komilparmar
557,16052497,JackGong,"2026-05-22 23:10:02",0.95407,4,jackgong
558,15824207,"Nidish SR","2026-05-14 17:28:54",0.95407,3,nidishsr
559,15892031,"SHO KANEKO","2026-05-21 02:20:08",0.95407,18,"aikawatetsuya,shokaneko"
560,15999797,"Who am I?","2026-05-19 04:24:55",0.95407,1,lopure
561,15942179,"Vaishnavi Dalal","2026-05-12 20:43:24",0.95407,10,sweetu11
562,15827074,"Gorakh Nath Singh","2026-05-25 11:48:59",0.95407,6,gorakhnathsingh
563,15826815,"[QWERTY] Roman Rozen","2026-05-03 21:26:09",0.95407,18,romanrozen
564,15950167,cccy0721,"2026-05-29 02:46:55",0.95407,10,"cccy0721,leeyoucai,lovec919somuch"
565,15810576,サポタン,"2026-05-29 04:01:20",0.95406,159,sapotan
566,15919383,Vcity_01,"2026-05-19 08:39:22",0.95405,38,vcity01
567,15838321,harsh@gurnani08,"2026-05-11 12:35:32",0.95405,13,harshgurnani08
568,15832144,"Andrei Paulavets","2026-05-09 20:01:28",0.95405,7,andreipaulavets
569,16048154,__ron1n97,"2026-05-23 12:18:28",0.95405,15,ron1n97
570,15839537,"Mengfei Li","2026-05-05 09:37:58",0.95405,20,meli19
571,16104862,"Gustavo Quevedo","2026-05-29 01:52:47",0.95405,2,gustavoquevedo94
572,15916358,"Hrishikesh Dhuri","2026-05-20 18:52:19",0.95404,1,hrishikeshdhuri19
573,16070035,KritiDoneria,"2026-05-25 12:26:58",0.95404,1,kritidoneria
574,15814938,SergeyN1942,"2026-05-27 16:14:49",0.95403,134,sergeyn1942
575,15812458,"Srikant Shubham","2026-05-16 11:47:59",0.95403,62,srikantshubham
576,15803764,"Дворкин Евгений Владимирович","2026-05-31 12:00:12",0.95402,82,evgendvorkin
577,15868579,Subaru486,"2026-05-07 06:37:44",0.95399,9,subaru486
578,15806632,kobby_,"2026-05-31 23:32:42",0.95399,9,sylvesterdalmeida
579,15804341,zantetsu,"2026-05-06 08:58:19",0.95397,13,zantetsu
580,15910603,gggggggdw,"2026-05-14 13:36:54",0.95395,7,gggggggdw
581,15814227,"Paweł Kauf","2026-05-29 19:51:04",0.95395,24,pawelkauf
582,15913519,Kagglegoose001,"2026-05-09 19:47:32",0.95394,1,kagglegoose001
583,15903857,"Shuheng(Andy) Cao","2026-05-10 16:26:44",0.95394,18,shuhengcao
584,15929862,Kabyik,"2026-05-17 09:43:53",0.95393,6,kabyik
585,16043734,チャン・タケ,"2026-05-22 17:06:35",0.95392,6,atsushitakeoka
586,15839772,"Nico Varas","2026-05-19 09:49:48",0.95391,23,nvaraschin
587,15932506,Goose,"2026-05-30 21:43:09",0.95391,2,missscarlett
588,15917369,lightning,"2026-05-10 09:18:47",0.95390,1,lightning001
589,15803930,"Monesh Satheeswaran","2026-05-31 22:59:00",0.95389,5,moneshsatheeswaran
590,15955298,小等等,"2026-05-29 03:03:54",0.95389,1,atwelve
591,15902512,lmao44,"2026-05-13 09:06:57",0.95389,20,lmao44
592,16056432,akmonymous,"2026-05-26 08:59:29",0.95388,9,anantamanoranjan
593,15824684,SpringDai,"2026-05-11 04:09:07",0.95388,28,springdai
594,15803762,Maxim,"2026-05-05 18:00:48",0.95388,8,ektarr
595,15859323,"Yataro Tamura","2026-05-05 10:05:47",0.95386,1,yatarotamura
596,15878863,_Kiruru,"2026-05-08 20:56:38",0.95385,2,kirurupoko
597,15820983,"youich wada","2026-05-10 21:29:06",0.95385,1,youichwada
598,15845962,"Tadahiro Asami","2026-05-13 13:08:48",0.95385,1,tadahiroasami
599,15806959,WanYunkai,"2026-05-13 05:36:37",0.95385,2,wanyunkai
600,15803814,Linter,"2026-05-05 18:45:57",0.95384,30,"monikakorzus,siemakpogrom"
601,15818600,"Huzaifa Mankda","2026-05-12 18:16:08",0.95384,32,huzaifa242
602,15854572,"LEVAN KANKADZE","2026-05-08 04:14:04",0.95384,12,synchrocyclotron
603,15986419,Herohito,"2026-05-29 22:20:53",0.95382,6,aangphurba
604,15817324,TboneBrown,"2026-05-03 10:41:02",0.95379,6,tbonebrown
605,15840708,UrsuSean,"2026-05-24 20:09:18",0.95378,69,seanvc
606,16002823,"Farhan Alam","2026-05-26 16:13:17",0.95378,30,frozen09
607,15803894,minoneko,"2026-05-03 09:12:39",0.95376,14,"catwangjl,liokin,lolitalop"
608,15809510,"Enis Teper","2026-05-05 16:32:13",0.95376,24,enisteper1
609,15811957,"Giovanni Marco Dall'Olio","2026-05-31 23:32:51",0.95374,36,dalloliogm
610,16063471,"Mihir Mathur","2026-05-25 06:55:50",0.95373,2,themihirmathur
611,16060232,"YuanChang Zhang","2026-05-25 02:30:41",0.95372,11,apricity1
612,15803751,"Pilkwang Kim","2026-05-28 12:12:26",0.95372,21,pilkwang
613,15842338,"Gajanan Barve","2026-05-04 13:25:57",0.95372,2,gajananbarve
614,16050622,Hanyuuuuu,"2026-05-26 00:41:32",0.95371,3,hanyuuuuu
615,15810002,"Adwait Tagalpallewar","2026-05-31 18:51:48",0.95369,9,adwaittagalpallewar
616,16058840,bsenst,"2026-05-23 20:32:01",0.95367,1,bnzn261029
617,16114044,"Dmitry Mazurov","2026-05-31 14:13:55",0.95365,7,dmitrymazurov
618,15808579,Funguscakehead,"2026-05-19 07:42:32",0.95365,7,funguscakehead
619,15812116,NatSwamin,"2026-05-28 00:23:20",0.95365,9,natswamin
620,15812016,"Mohamed Sadok Aissaoui","2026-05-02 11:35:38",0.95361,7,mohamedsadokaissaoui
621,15803790,CEM,"2026-05-02 19:12:29",0.95361,6,cemy01
622,15814750,"Rob Schieber","2026-05-06 18:31:32",0.95361,27,robschieber
623,15912367,Febin,"2026-05-17 06:29:16",0.95351,24,iamfebin
624,15839840,"Hongbin Guokaggle","2026-05-25 05:20:21",0.95350,69,hongbinguokaggle
625,15804484,Keisuke_kaggle,"2026-05-31 16:45:36",0.95349,109,keisukekaggle
626,15923623,"Ang, Ellison Matthew S.","2026-05-22 10:26:47",0.95347,8,ellisonmatthewang
627,15931159,"jasper pittam","2026-05-23 08:15:14",0.95345,22,jasperpittam
628,15803822,yunsuxiaozi,"2026-05-15 04:45:22",0.95345,2,yunsuxiaozi
629,15992857,tim.zph,"2026-05-16 14:31:51",0.95345,1,timzph
630,15810595,"Vasya E","2026-05-27 06:19:59",0.95343,41,vasiliie
631,15834709,Frank_LH,"2026-05-03 13:37:59",0.95341,8,franklh
632,15857485,a.rivero.d,"2026-05-05 07:17:14",0.95335,1,albertoriverod
633,15812122,Specter,"2026-05-29 11:01:12",0.95334,74,akwuiwuebube
634,15998594,"Water ground","2026-05-31 21:46:50",0.95333,68,kyumoto
635,15956146,yakitori55,"2026-05-20 05:35:24",0.95333,31,yakitori55
636,16098494,"Piotr Obiegły","2026-05-30 07:27:38",0.95328,17,piotrobiegly
637,15809865,golgo031,"2026-05-30 12:34:13",0.95328,19,golgo031
638,15888310,"Oguz Enver Uzan","2026-05-11 16:24:59",0.95326,2,oguzuzan
639,15989010,Mira_332,"2026-05-28 05:42:06",0.95325,24,ichiiohno
640,15813108,"Ivan Guschin","2026-05-31 13:50:29",0.95323,48,ivanguschin
641,15820343,Ole-Jakob,"2026-05-23 08:07:43",0.95322,146,olejakobrosenvold
642,15919758,"Lynn Pigott","2026-05-11 10:48:59",0.95320,17,lynnpigott
643,15933011,"yi g","2026-05-29 19:13:14",0.95317,22,eleverywfw
644,15953341,joinus,"2026-05-24 13:52:16",0.95310,1,joinus2003
645,16032249,Elwqnn,"2026-05-31 03:18:57",0.95309,26,"brieucmevel,elwqnn"
646,16001922,IEEM26_112034001,"2026-05-29 21:18:38",0.95307,2,ieem27112034001
647,15805444,kava1,"2026-05-28 02:51:29",0.95306,73,ichirohippo
648,16061934,xerkey,"2026-05-30 19:44:54",0.95304,29,xerkey
649,15804653,Sam,"2026-05-25 05:28:58",0.95301,25,beartrader
650,16056697,"Tannmay Yadav","2026-05-28 11:43:48",0.95301,27,fullmetal26
651,15808553,"varad vaste","2026-05-29 14:34:03",0.95301,54,varadvaste
652,15828335,"Viktor Pavidlov","2026-05-04 21:16:24",0.95299,5,viktorpavidlov
653,15819777,Learners,"2026-05-06 15:39:49",0.95299,43,"wiembr,zaouiyassine"
654,16072934,"Loai abdalslam","2026-05-31 00:43:03",0.95299,2,loaiabdalslam
655,15804505,raccoonForest,"2026-05-14 07:51:00",0.95299,24,gkanamoto
656,15879315,s0673468,"2026-05-16 19:33:57",0.95299,40,s0673468
657,15804151,Timme,"2026-05-28 05:55:06",0.95298,18,timmecom
658,15881110,"Baasil Pasha","2026-05-15 18:29:02",0.95297,1,baasilatron
659,15803825,Yoshitomo,"2026-05-31 12:43:31",0.95292,125,tomomikajiuchi
660,15977923,Mihome,"2026-05-23 03:21:07",0.95287,2,mihome
661,15812739,"Hua Li666666","2026-05-04 18:04:21",0.95285,21,huali666666
662,15894111,"Orion Racing","2026-05-23 16:05:55",0.95283,6,"krishang1goel,mritunjya,propar07"
663,15834520,"AE CS","2026-05-23 10:46:28",0.95281,12,"minhtr2401,phanhunhhng,tunlhunhanh"
664,15892311,moeuuu,"2026-05-15 19:23:50",0.95281,3,moeuuu
665,15804604,daoviet,"2026-05-07 16:02:00",0.95279,33,daoviet
666,15879376,"Vyacheslav Shen","2026-05-11 17:17:59",0.95278,3,vyacheslavshen
667,15891635,"m-toshi desu","2026-05-08 23:14:16",0.95277,3,mtoshidesu
668,16112357,gominsi,"2026-05-31 22:39:08",0.95275,12,gominsi
669,15803758,GurSimran,"2026-05-31 17:31:33",0.95274,24,gurseeon
670,15816112,K.Takahashi-1986,"2026-05-28 13:21:13",0.95273,52,ktakahashi1986
671,16125027,"AbdUlaziz Mohammed","2026-05-30 18:33:56",0.95272,1,i0nlyaziz
672,16004651,Vaibhav_486,"2026-05-31 12:51:39",0.95272,6,vaibhav486
673,16120211,"Aryan patel","2026-05-31 17:18:35",0.95272,10,aashadevi
674,15829128,"Tom Eto","2026-05-31 06:09:12",0.95270,38,tometo
675,16085032,Liiiiinvvv,"2026-05-27 15:13:35",0.95270,1,liiiiinvvv
676,15998319,"Preston Rozwood","2026-05-17 19:55:16",0.95267,10,"prozwood,rickyberto"
677,16032105,Kabali,"2026-05-26 18:43:40",0.95266,3,"kowshiksaravanan,rsathish05"
678,15805230,"Rohit Kumar","2026-05-06 15:25:23",0.95265,8,rohit8527kmr7518
679,15829394,"Vijay Takbhate","2026-05-27 14:27:58",0.95265,69,vijay20213
680,15803824,"Trish Cornelissen","2026-05-31 17:09:54",0.95264,141,tcspecialist
681,15903180,"Comunidad Ninja","2026-05-27 07:43:56",0.95259,21,dxfl42
682,15809110,viola81192,"2026-05-24 13:20:12",0.95258,41,viola81192
683,16092199,zeyan0823,"2026-05-29 08:53:11",0.95253,13,zeyan0823
684,16090639,ChrisXie,"2026-05-30 10:07:17",0.95253,7,chrisstan
685,15917720,"Gauresh Karwa","2026-05-18 14:29:44",0.95252,7,gaureshkarwa
686,15947287,"Gauri Aparajit","2026-05-18 14:33:26",0.95252,5,gauriaparajit
687,15882375,HamHyeok,"2026-05-29 05:00:29",0.95250,2,hamseunghyeok
688,15822072,masaakiwatanabe,"2026-05-10 13:06:08",0.95247,26,masaakiwatanabe
689,15811598,"Akafi hirsi","2026-05-31 22:41:19",0.95247,31,akafihirsi
690,16000557,"Andrea Bonomi","2026-05-26 08:08:53",0.95245,19,andreabonomi
691,15824695,@luke,"2026-05-23 15:10:36",0.95244,59,loukaspritsas
692,15958586,gougou1,"2026-05-28 07:09:49",0.95243,28,gougou1
693,15927288,"Jesús Sevilla Pérez","2026-05-31 21:10:59",0.95237,14,jesssevillaprez
694,15869676,"mouad bouaicha","2026-05-13 10:21:50",0.95235,9,mouadbouaicha
695,15833700,"jumping Stardust(JAX LIANG)","2026-05-03 03:11:13",0.95235,1,cba321
696,15810272,"Tudor Beloiu","2026-05-06 11:15:05",0.95234,26,tudorbeloiu
697,15938412,"peixuan guo","2026-05-26 06:32:22",0.95233,16,peixuanguo
698,16115323,"Dimitrije Adzic","2026-05-30 22:17:11",0.95232,4,omadon
699,15893124,Ninym06,"2026-05-11 00:17:08",0.95230,8,ninym06
700,15929865,"Debayan Khan","2026-05-14 11:04:01",0.95230,3,debayankhan
701,15807215,"Oscar Le","2026-05-28 15:08:20",0.95230,111,oscarletech
702,15826329,"Chidambara Raju G","2026-05-25 16:13:40",0.95227,14,rajugc
703,16019906,"David Chow","2026-05-23 07:55:11",0.95227,8,davidchow13
704,15831302,"nick g","2026-05-10 15:28:41",0.95223,8,nicholasgg
705,15817707,zlka,"2026-05-05 13:59:00",0.95222,12,z3lkahmet
706,16032062,Kaala,"2026-05-28 12:26:35",0.95221,13,"kevinfranklej15,sathiyaarumugam"
707,15837492,KingLong,"2026-05-30 08:41:55",0.95220,19,kinglong1
708,16037246,"Abdellah Kahlaoui","2026-05-25 11:36:02",0.95219,10,abdellahkahlaoui
709,15809512,arno,"2026-05-29 08:00:11",0.95219,15,arnogils
710,15812508,llorenzo,"2026-05-29 13:12:37",0.95217,22,llorenzok
711,15829998,"Stanislav Bochok","2026-05-28 10:20:55",0.95215,3,stanislavbochok
712,15824801,yukishida,"2026-05-18 03:47:20",0.95212,3,yukishidaa
713,15837293,"sahasri gundapuneedi","2026-05-22 06:47:50",0.95211,11,saha505
714,15863248,"Manav Modi","2026-05-07 17:15:07",0.95211,18,manavmodi4
715,15804810,mcotton,"2026-05-28 20:31:44",0.95211,29,mcotton
716,15923005,Ramestey,"2026-05-25 05:09:20",0.95209,42,"karina73828,ramestey"
717,15827595,"Şahin Alp Akosman","2026-05-27 17:34:36",0.95208,20,sahinalpakosman
718,15828045,zheshilin,"2026-05-08 10:04:30",0.95208,6,zheshilin
719,15804587,Goyomatsu,"2026-05-30 06:48:48",0.95206,9,hirokimori
720,15859196,"Zhou Xinhao11","2026-05-25 11:41:23",0.95204,10,zhouxinhao11
721,16042890,"Wu Qiaobin","2026-05-31 14:18:26",0.95203,10,wuqiaobin
722,15834881,Stolide_anseed,"2026-05-12 16:08:43",0.95203,30,stolideanseed
723,15854196,itxtxx,"2026-05-07 17:54:53",0.95203,13,itxtxx
724,16051044,fumi3333,"2026-05-23 14:15:01",0.95199,5,fumi3333
725,15805365,"Gaurav Dutta","2026-05-31 16:37:16",0.95198,49,gauravduttaiiitb
726,15823445,"Syed Mohaiminul Hoque","2026-05-02 05:27:57",0.95198,1,syedmohaiminulhoque
727,15819124,"Luke Stafford","2026-05-02 06:15:23",0.95197,8,luketstafford
728,16005136,"James Dent","2026-05-22 14:11:38",0.95196,16,dentjai
729,16121736,pomago,"2026-05-31 09:59:00",0.95195,10,pomago
730,15812202,"Sudarshan Khot","2026-05-01 20:54:52",0.95194,2,sudarshankhot
731,15915021,河西　正寛,"2026-05-10 15:04:47",0.95194,3,masapirika
732,16103704,"David Cohen ","2026-05-31 18:30:06",0.95194,12,davidco1
733,15825778,"Patrick M.","2026-05-24 16:55:41",0.95193,14,pigenesis75
734,15806542,"Tys TANA","2026-05-21 10:27:30",0.95193,19,tystana
735,15820165,"Kyung Je Jo","2026-05-02 22:25:32",0.95193,7,kyungjejo
736,15810664,"Jennie Wong","2026-05-01 14:53:37",0.95192,3,jenniewong23
737,15937653,"Muhammad Brian Subekti","2026-05-19 18:38:40",0.95191,2,muhammadbriansubekti
738,15809630,"Ákos Pintér","2026-05-22 07:21:20",0.95191,59,kospintr
739,15828407,"Ikrame Boubaker","2026-05-02 14:28:20",0.95191,3,ikrameboubaker
740,15952991,Hietan,"2026-05-27 12:59:19",0.95189,4,hietan
741,15950040,"SRI HARI VASAN","2026-05-30 06:57:52",0.95189,5,sriharivasan
742,15806090,"Roshan 1285","2026-05-13 11:54:45",0.95186,19,roshan1285
743,15820512,"Shiva Kintali","2026-05-04 22:24:46",0.95185,19,shivakintali
744,15835337,fleure,"2026-05-03 09:19:39",0.95185,1,nelnomial
745,15892358,GGGlou,"2026-05-21 06:40:06",0.95184,25,ggglou
746,15870648,"Sarthak T","2026-05-31 18:13:53",0.95184,19,lypeorge
747,15817951,SCRIPTCHEF,"2026-05-04 21:50:21",0.95182,9,noodl35
748,15848028,"Sergey Belov","2026-05-08 09:31:47",0.95179,9,exelero
749,16018108,Shige1968,"2026-05-31 04:36:20",0.95178,15,shige1968
750,15821780,"Aditya Pachpande","2026-05-08 03:32:07",0.95176,18,adityapachpande
751,15807620,Akahachi,"2026-05-31 05:32:34",0.95176,14,wordcards
752,15826734,"denis kashulin","2026-05-05 13:03:20",0.95175,18,deniskashulin
753,15895624,"Torgovec Alto","2026-05-19 10:56:58",0.95175,22,andreypriorov
754,15868963,"Ruide Yin","2026-05-15 15:39:46",0.95175,4,ruideyindzdz
755,15847404,"Tanvir Sheikh","2026-05-06 12:22:50",0.95175,20,tanvirsheikh02
756,15942219,NeuralNerd,"2026-05-12 22:40:36",0.95175,1,adhoppin
757,15820597,dukka,"2026-05-30 12:48:05",0.95173,20,onurozahioglu
758,15998467,samurAI,"2026-05-20 16:59:07",0.95173,13,sametyilmaztemel
759,16055998,midou0119,"2026-05-27 11:46:56",0.95172,12,midou0119
760,15816408,"vogts wu","2026-05-06 17:41:18",0.95172,11,vogtswu
761,15812336,"Chaman Agrawal","2026-05-01 17:10:20",0.95171,8,chamanag
762,15814707,"Georgios Nikolitsis","2026-05-25 15:35:57",0.95170,147,gnikolitsis
763,15829991,Fusahiko@555,"2026-05-31 14:18:38",0.95169,75,fusahuko555fusahiko
764,15970105,"adithya sauu","2026-05-15 11:28:46",0.95168,3,adithyasauu
765,15884611,"Qian Pang","2026-05-31 10:55:33",0.95168,17,qianpang
766,15813256,STST104,"2026-05-07 18:13:11",0.95167,12,stst104
767,16063367,furious_raptors,"2026-05-31 15:09:16",0.95166,12,"davinci990,samhithnadig"
768,15803757,"Emanuel Lázaro","2026-05-31 03:22:03",0.95165,9,emanuellcs
769,16048735,"kartik pandey","2026-05-24 17:36:05",0.95164,3,kartik3pandey
770,15877803,Joona,"2026-05-10 22:28:39",0.95163,4,joonalaunonen
771,15913609,"Pavel Koloyan","2026-05-09 22:26:23",0.95161,3,pavelkoloyan
772,15866812,"De Marchi Fabio","2026-05-31 21:13:50",0.95160,4,obiaf88
773,15919706,"Yuhei Enguchi","2026-05-13 22:40:34",0.95156,13,yuheienguchi
774,15810858,Evdilos_Ikaria,"2026-05-04 11:58:03",0.95155,12,georgem
775,15871590,Zz5029,"2026-05-31 16:14:44",0.95155,4,zz5029
776,15892987,"Rutang Patel","2026-05-25 07:24:36",0.95155,48,rutangpatel
777,15833794,squiffer9,"2026-05-09 04:52:33",0.95154,10,squiffer9
778,15870447,"Harsh Dhandha","2026-05-07 12:33:46",0.95154,2,dhandhaharsh
779,15825133,"Vasiliy Tyutvinov","2026-05-07 09:06:59",0.95154,8,gol0vachlena
780,15803939,"Keya Dobriyal","2026-05-18 05:50:24",0.95153,3,keyadobriyal
781,16067450,"Yoshinori Takada","2026-05-25 05:52:36",0.95152,2,is0263rf
782,16094973,"Takito Kobayashi","2026-05-31 22:18:11",0.95152,12,takitokobayashi
783,15933552,Rubel,"2026-05-26 16:13:43",0.95151,25,rubel01
784,16092302,"Lvcheng Wang Boher","2026-05-27 23:22:58",0.95151,4,lvchengwangboher
785,15819254,"Hunter Boles","2026-05-08 14:57:49",0.95151,3,hunterb9101
786,15846904,jps,"2026-05-25 15:38:00",0.95151,37,jahaziel
787,15829769,"Tamerlan Omralinov","2026-05-20 07:01:20",0.95151,30,tamerlanomralinov
788,15906021,etsuko,"2026-05-25 14:29:04",0.95150,17,etsukonaganawa
789,15814615,"Akmal Azzam o'g'li","2026-05-31 02:20:19",0.95149,6,akmalmir
790,16045531,"Trishanth Mellimi","2026-05-26 08:42:04",0.95148,29,trishanthmellimi
791,15811238,fuyo1622,"2026-05-25 05:55:01",0.95147,140,jack10519
792,15804869,"Ytachikawa ","2026-05-02 04:26:13",0.95146,18,ytachikawa
793,15844749,"Роман Суханов","2026-05-22 15:07:15",0.95146,22,rmkaaaa
794,16055504,Marco99mp,"2026-05-23 14:33:08",0.95144,5,marco99mp
795,16131553,"zo4j4 33 (さんさん)","2026-05-31 10:13:51",0.95143,7,zo4j433
796,16036501,"A RAGHU SREE NANDAN","2026-05-26 05:43:44",0.95143,11,araghusreenandan
797,15810316,"Luca Basanisi","2026-05-09 07:52:55",0.95142,20,lucabasa
798,15820627,"Saharsh Maddi","2026-05-13 01:24:33",0.95140,5,saharshmaddi
799,15843228,yjZhao,"2026-05-06 02:27:01",0.95140,6,yajiezhao1126
800,16037080,"Kaito Ikuma","2026-05-31 21:06:40",0.95138,6,kaitoikuma
801,15842966,Yoshi,"2026-05-09 12:50:48",0.95138,6,yoshinorisugita
802,16010775,newlevel463,"2026-05-28 20:49:46",0.95138,46,newlevel463
803,15936958,"Devansh Patil","2026-05-20 05:16:19",0.95138,14,devanshpatil22
804,15943853,giangnh123,"2026-05-13 06:03:13",0.95137,6,giangnh123
805,16096066,"Semih Marufoglu","2026-05-31 13:37:14",0.95137,19,asmarufoglu
806,16117037,balancedaction,"2026-05-31 18:14:52",0.95137,6,balancedaction
807,15811626,"Birathiban Thavarajah","2026-05-04 12:04:34",0.95135,22,birathibanthavarajah
808,15972768,natsu0529,"2026-05-27 09:47:48",0.95135,35,natsu0529
809,16056724,kosaki,"2026-05-24 05:09:48",0.95134,15,kosaki1
810,15951288,CelinaGS,"2026-05-29 19:55:17",0.95134,18,celinags
811,15924807,OKUKOK,"2026-05-29 16:17:13",0.95134,15,"okukok,zhidongzyr"
812,15883998,"Franklin Roosevelt","2026-05-19 09:33:41",0.95134,3,ddg529700
813,16068527,FourBytes,"2026-05-25 15:09:23",0.95133,1,fourbytes
814,15840455,"Hoang D. H.","2026-05-09 22:03:59",0.95132,5,louisrashi
815,15803983,Naoyas418,"2026-05-01 13:26:01",0.95132,1,naoyas418
816,15904567,nilochan,"2026-05-12 23:02:57",0.95132,6,nilochan
817,15811678,"Phạm Quốc Bình","2026-05-16 08:31:39",0.95127,6,tiesinger123
818,15996683,"Azizbek Xasanov","2026-05-26 17:08:10",0.95125,1,azizbekxasanov
819,15854122,ArnoldRosielle,"2026-05-14 20:43:02",0.95124,23,arosielle
820,15862867,moyue,"2026-05-06 06:56:18",0.95124,6,jiyueguo
821,16045460,QingShe,"2026-05-22 13:32:51",0.95124,3,qingshe
822,16001972,nlekinwala,"2026-05-17 15:01:02",0.95123,1,nlekinwala
823,16133890,IEEM26_112034032,"2026-05-31 16:38:53",0.95120,7,ieem26112034032
824,15813765,Александр,"2026-05-05 11:53:06",0.95119,6,alekcandrr
825,16060758,Mayank_Singh_Rathore06,"2026-05-27 17:12:04",0.95119,6,mayanksinghrathore06
826,15867597,chirayu816,"2026-05-06 12:10:00",0.95119,2,chirayu816
827,16006054,tsobel,"2026-05-24 19:01:19",0.95117,2,tsobel
828,16114512,ajxxcaptain,"2026-05-31 20:48:53",0.95117,11,ajxxcaptain
829,15803772,Chovy,"2026-05-31 04:30:43",0.95117,11,chovyxu
830,15807746,"Alibay Alili","2026-05-31 19:20:25",0.95116,7,alibay
831,15841250,theWayIAm,"2026-05-21 08:32:03",0.95116,37,thewayiam
832,16102520,"Roger Park","2026-05-29 15:02:46",0.95116,7,rogerpark
833,15807259,sayak2103,"2026-05-16 03:49:51",0.95116,25,sayak2103
834,15836487,百合かもめ,"2026-05-04 07:04:19",0.95115,6,yurikamome8160
835,16094366,nazeshinjite,"2026-05-28 21:31:45",0.95114,12,nazeshinjite
836,15818466,"KEERTHI LAZARUS","2026-05-20 03:58:00",0.95114,75,keerthilazarus
837,15834168,"Anton Dovzhenko","2026-05-09 10:35:00",0.95113,11,adovzhenko
838,15843331,gizmrkv,"2026-05-07 14:02:45",0.95113,22,gizmrkv
839,15816123,"Siddhesh Sathe","2026-05-17 18:06:24",0.95112,10,sidcodegg
840,15823932,"Young Blood","2026-05-24 19:05:50",0.95112,51,jaspreetsingh9652
841,15966487,"Lohith Mahesh","2026-05-15 21:59:23",0.95110,18,lohithmah
842,15926579,"DONGSHU LIU","2026-05-15 15:44:41",0.95110,13,dongshuliu
843,15830015,yalmawka,"2026-05-06 15:31:52",0.95109,30,yalmawka
844,15816454,"Kian Maghsoodi","2026-05-31 16:59:08",0.95108,13,kizmodo
845,15916805,"Syahwiza Dean","2026-05-26 03:27:59",0.95107,127,syahwizadean
846,15812859,"Panagiotis Katsakioris","2026-05-03 16:15:12",0.95106,9,panagiotiskat
847,15912726,etcnet,"2026-05-13 00:27:23",0.95106,18,shakilj
848,15873098,"Anila Bukhari","2026-05-23 09:51:26",0.95106,12,anilabukhari
849,15878488,"Abdullah Fasih","2026-05-07 10:48:28",0.95105,3,abdullahfasih
850,15818951,"Djenk Ivanov","2026-05-27 20:47:01",0.95105,7,djenkivanov
851,15838442,"La Huy Hoang","2026-05-03 15:33:59",0.95105,3,lahuyhoang
852,15997183,"Mike Karp (AIUS)","2026-05-26 14:20:10",0.95104,9,mikekarpaius
853,15880831,hzyz66,"2026-05-12 02:21:42",0.95103,10,hzyz66
854,16020692,lucasfcfj,"2026-05-20 09:10:24",0.95102,6,lucasfcfj
855,15857892,"Anirban Das","2026-05-31 05:33:01",0.95102,8,anirbandasbit
856,16070001,DestinyleSnowy,"2026-05-25 13:34:57",0.95102,5,destinylesnowy
857,15857145,"Simran Pun","2026-05-12 09:43:48",0.95102,9,simranpun
858,16002106,"Baijie Wang","2026-05-27 16:30:37",0.95102,6,baijiewang
859,15983189,"B Sharma_100101","2026-05-27 06:07:01",0.95101,9,bsharma100101
860,16088614,hadimaster,"2026-05-31 18:41:29",0.95101,26,hadimaster
861,15868526,duck3,"2026-05-31 23:44:44",0.95100,34,take0814
862,15803959,"Bryce Chambers","2026-05-04 07:27:02",0.95099,2,brycechambers
863,15844581,"Kushal S","2026-05-19 13:13:54",0.95099,6,kushals256
864,15827978,AlexandeWhite,"2026-05-07 14:12:11",0.95099,36,alexandewhite
865,16047593,sakuya1652,"2026-05-22 07:37:45",0.95098,3,sakuya1652
866,15834842,"Parth Sarnobat","2026-05-31 15:41:02",0.95097,22,parthsarnobat
867,16015962,"Mohammed arfan shafin","2026-05-31 20:54:39",0.95097,2,mohammedarfanshafin
868,15912040,"Amine MEKKI","2026-05-18 18:03:49",0.95097,24,aminemekki
869,16094326,GOATKD-35,"2026-05-29 11:47:13",0.95096,12,goatkd35
870,15811101,"Đào Minh Thuấn 🎖️","2026-05-02 16:29:24",0.95096,5,thuandao
871,15810008,Blumine,"2026-05-04 11:00:27",0.95095,5,blumine
872,16041555,"Pierre Biousse","2026-05-26 09:45:46",0.95094,13,pbcacao
873,15948184,sswatari,"2026-05-28 08:07:29",0.95094,12,sswatari
874,15809348,"Satkar sarvankar","2026-05-06 13:02:26",0.95094,10,satkar003
875,15933493,ZhangBohua1,"2026-05-12 06:50:24",0.95094,2,zhangbohua1
876,15934165,"Haruto Kuroda","2026-05-16 01:06:56",0.95093,6,harutokuroda
877,16012324,MrFishPL,"2026-05-19 16:30:51",0.95093,11,mrfishpl
878,16004439,chibarie,"2026-05-18 11:31:10",0.95092,2,chibarie
879,16083553,"Sopor Aeternus","2026-05-27 13:04:25",0.95092,9,soporaeternus
880,15868648,"Abhineet Kulkarni","2026-05-10 05:29:53",0.95091,32,arkulkarni
881,15838688,IEEM1110324102,"2026-05-28 06:47:31",0.95091,9,ieem1110324102
882,15810589,Sofia_Gilka,"2026-05-31 17:44:05",0.95091,98,sofiagilka
883,16050716,nori117,"2026-05-31 09:06:45",0.95089,18,nori117
884,15828838,jackson,"2026-05-08 04:46:57",0.95089,56,jackson653
885,15813006,"Lumy / ルミ","2026-05-01 21:28:34",0.95088,8,luminolous
886,15810753,"H. Berke Bankoglu","2026-05-25 17:31:41",0.95088,34,bankoglu
887,16097531,"Pramod Deore","2026-05-29 21:59:59",0.95088,9,pramoddeore
888,15952103,Zeusfail,"2026-05-14 22:07:36",0.95088,8,dylangallemard
889,16045877,iamy88,"2026-05-29 16:55:00",0.95088,14,iamy88
890,15808822,"Jack Shumway","2026-05-03 18:48:07",0.95087,17,jackshumway
891,16028745,"Samuel Patton","2026-05-30 21:20:52",0.95087,12,samuelpatton22
892,15943306,Maksonch1k,"2026-05-13 21:07:18",0.95087,10,maksonch1k
893,15821559,"Mohamed Radwan","2026-05-02 03:49:20",0.95086,5,mhmdrdwn
894,15830467,"Yinchen Hao","2026-05-29 17:15:16",0.95085,11,yinchenhao233
895,16032158,bran_89,"2026-05-29 22:26:23",0.95085,8,iwanan
896,15803881,"Yunus Şahin","2026-05-04 12:29:21",0.95084,14,ysahin1
897,15810552,DinCaus,"2026-05-31 10:39:04",0.95084,92,dincaus
898,16108212,JSunicorn,"2026-05-30 09:32:27",0.95084,12,jsunicorn
899,16058828,"Lazaro Hurtado","2026-05-25 07:32:34",0.95084,25,lazarohurtado
900,16006361,Quadruped,"2026-05-30 01:17:46",0.95083,47,jaclyndeem
901,15983091,eunyyda,"2026-05-31 12:11:10",0.95082,12,eunyyda
902,16048376,Erika,"2026-05-31 08:28:42",0.95082,71,erika3322
903,16031714,vansh850,"2026-05-30 15:23:00",0.95082,53,vansh850
904,15892094,"HYPEE SUN","2026-05-08 01:34:43",0.95082,1,hypeesun
905,15808284,Galza98,"2026-05-04 19:26:27",0.95081,15,galza98
906,15882142,Moonlight,"2026-05-13 02:29:58",0.95080,16,rajesh1joc
907,15986914,"Yash Sukhdeve","2026-05-19 13:16:59",0.95080,1,yashsukhdeve
908,15941212,Pit_Crew,"2026-05-18 17:30:19",0.95080,17,dhananjaypatkar0
909,16015053,"Dave Ranola","2026-05-18 18:59:38",0.95079,3,daveranola
910,15883863,"Yunshan Cai","2026-05-10 05:56:49",0.95079,4,yunshan1116
911,15825456,"Elusive Bob","2026-05-21 21:34:02",0.95078,38,danzthedeadly
912,16116489,Roman@Ahmed,"2026-05-30 07:14:12",0.95078,3,romanahmed2024
913,15916238,卢啦啦噜啦啦,"2026-05-30 08:16:55",0.95078,40,lmj342570
914,15922032,"Diego Lopes","2026-05-15 17:58:23",0.95078,43,datafromlopes
915,15816969,Tigerpiotta,"2026-05-31 19:58:09",0.95078,19,tigerpiotta
916,15806766,"Yuka,Ota","2026-05-01 10:48:13",0.95077,1,yukaika
917,16086124,"ِِAmer Ziad","2026-05-26 19:33:23",0.95077,3,amer2121
918,16100273,IEEM26_112034016,"2026-05-31 05:39:04",0.95077,21,linhengchien
919,15842037,"Ziad Roshdy","2026-05-28 21:06:46",0.95077,29,ziadzika
920,15917757,"Nirmal Patel","2026-05-25 14:18:13",0.95077,18,nirmalpatel02
921,15811768,"Aryan Chauhan","2026-05-02 15:56:18",0.95076,6,aryanchauhan97971234
922,15884958,RINGULARITY,"2026-05-08 18:00:54",0.95076,1,ringularity
923,15887801,"Erfan Amirfallah","2026-05-31 08:13:41",0.95076,32,erfanamirfallah
924,16112505,"Szymon Kłapiński","2026-05-31 08:13:40",0.95076,4,szymonkapiski
925,15811570,mok,"2026-05-07 14:51:48",0.95075,7,motensor
926,15806529,"Ts. B.","2026-05-15 04:13:45",0.95074,3,tsydenovbair
927,15844852,"Antoniya Atanasova","2026-05-07 18:27:18",0.95072,5,antoniyaatanasova
928,15822980,McQueen🏎️,"2026-05-02 18:14:21",0.95072,6,theonetheonly
929,15818809,"Nick Katsarelas","2026-05-25 21:49:56",0.95072,17,nickkatsarelas
930,15846502,"Nishant Dahal","2026-05-05 01:10:02",0.95071,2,nishantdahal
931,16092348,YitianLi1103,"2026-05-29 09:33:26",0.95071,30,yitianli1103
932,16001947,wangyuhan_why,"2026-05-24 14:21:23",0.95071,24,wangyuhanwhy
933,15822078,"Carson Cheng","2026-05-30 04:35:48",0.95071,7,carsoncheng
934,15803770,"Lance Casimiro","2026-05-09 02:27:46",0.95069,4,lancecasimiro
935,15809486,Star_xinglan,"2026-05-01 06:42:28",0.95069,1,starxinglan
936,15806281,"MD Ibrahim Khalilullah","2026-05-26 05:04:16",0.95069,33,ibrahimkhalilullah22
937,15841516,"Farouk Boukil","2026-05-10 17:56:39",0.95069,9,f4roukb
938,16008749,"Pratyush Arun","2026-05-30 08:41:01",0.95068,40,pratyusharun
939,15904495,PaulThangNguyen,"2026-05-18 02:02:42",0.95066,6,thangnguyen33
940,16125743,"Thiebaut Schirmer","2026-05-31 18:28:25",0.95066,3,thiebauts
941,15892919,yinfengliu,"2026-05-09 05:12:53",0.95066,11,yinfengliu
942,15816990,Vartika_7781,"2026-05-12 20:46:19",0.95066,16,"anirudhskumar,vartika7781"
943,15951905,ÇalıDora,"2026-05-26 16:45:48",0.95065,35,"blacksnowflake,enginakta"
944,15942573,"maxence laplane","2026-05-17 00:39:05",0.95065,24,maxencelaplane
945,16061977,"Osama Abo-Bakr Khalifa","2026-05-25 09:54:48",0.95065,8,osamaabobakr
946,15878501,"Stefan Glisic","2026-05-28 18:15:11",0.95064,16,glisicstefan
947,15984839,"Jan Ruijgrok","2026-05-30 07:45:57",0.95064,64,piyanit
948,15977383,"Roxd Km","2026-05-18 08:40:41",0.95063,15,roxdkm
949,15923184,schanitater,"2026-05-11 08:31:48",0.95063,1,schanitater
950,16048115,dragoshh1984,"2026-05-31 18:36:39",0.95063,31,dragoshh1984
951,15946464,"YURI HONG","2026-05-30 14:25:43",0.95061,33,glasshong
952,15804657,JibGaGoShibDa,"2026-05-13 14:00:04",0.95061,33,"hongjunghun,psy1009"
953,16072982,"Rafael Gallo","2026-05-25 20:30:30",0.95061,1,gallo33henrique
954,16030167,"Vivek Vajha","2026-05-20 06:28:49",0.95060,1,vivekvajha
955,16029027,"Jerome Vincent Tagaro","2026-05-31 13:05:06",0.95060,5,jeromevincenttagaro
956,15878644,"[RU] Nikita Kuznetsov","2026-05-25 09:18:55",0.95060,42,nikitakuznetsof
957,16019130,"Prajin Kannan Babu","2026-05-19 18:31:41",0.95060,1,prajinkannanbabu
958,15825230,"mw xie653","2026-05-08 11:31:36",0.95059,45,mwxie653
959,15910887,"kutay dogan","2026-05-13 06:40:25",0.95059,4,kutaydogann
960,15803771,oliver,"2026-05-29 16:27:07",0.95059,50,oliverlang
961,15921091,"Can Yilmaz","2026-05-12 09:36:35",0.95059,12,canyilmaz75
962,15837298,"Michihisa Ohara","2026-05-25 14:57:36",0.95058,47,michihisaohara
963,15837968,"Phong Khoi","2026-05-16 02:42:06",0.95058,10,phongkhoi
964,15811249,"cora zeng","2026-05-25 08:49:01",0.95058,10,corazeng
965,16039791,Diovolendo,"2026-05-26 08:22:44",0.95057,24,diovolendo
966,15812498,"Kuba Kościan","2026-05-02 23:58:36",0.95057,9,kubakocian
967,16047840,山田理功,"2026-05-31 14:31:31",0.95056,10,"mocaluna,r1ku169,watakote"
968,15869113,Watafari,"2026-05-31 11:27:15",0.95056,11,lailythuytien
969,15923731,KyleRees,"2026-05-15 02:58:06",0.95056,3,kylerees
970,15863313,"Den Pugovkin","2026-05-16 21:19:52",0.95055,4,denpugovkin
971,15808016,suyapoom.ch,"2026-05-31 22:08:12",0.95055,12,suyapoomch
972,16047060,HongTaeYang,"2026-05-26 03:39:16",0.95054,26,hongtaeyang
973,15813355,goichang,"2026-05-02 07:09:10",0.95054,4,goichang
974,15840109,"Nikita Grebenshchikov","2026-05-07 07:21:30",0.95054,1,nikitagrebenshchikov
975,15825708,notme,"2026-05-03 15:34:18",0.95052,8,ducknf
976,15871177,"Preetham Gouda","2026-05-11 12:05:49",0.95051,5,preethamgouda
977,15842827,"Ivan Arreola","2026-05-13 02:54:48",0.95051,1,ivanarreola
978,15811404,"Ali Hamza Peçenek","2026-05-26 06:12:02",0.95051,9,alihamzapeenek
979,15831122,Kawthar,"2026-05-29 01:09:32",0.95050,5,sakuno
980,16109951,"Sumit Praveen Miskin","2026-05-29 12:34:03",0.95050,4,"manjunath46,sumitmiskin275"
981,15913044,"F Team","2026-05-11 14:37:05",0.95049,4,"mdabusaif48,raduansm"
982,15942074,Samidullo,"2026-05-20 15:26:28",0.95049,9,karltonkxb
983,15904849,rRTZZZ,"2026-05-19 03:29:26",0.95049,12,rrtzzz
984,15810421,zzhhhh13,"2026-05-01 14:00:11",0.95048,5,zzhhhh13
985,15803832,shusk31,"2026-05-01 09:57:31",0.95048,4,shusk31
986,16039906,zwm_aaaaaa,"2026-05-26 09:23:01",0.95048,3,zwmaaaaaa
987,15819040,"Thabang Mphela","2026-05-26 16:48:36",0.95048,36,thabangmphela0401
988,15973850,"Aaron Isom","2026-05-15 19:09:01",0.95047,8,aaronisomaisom3
989,15908867,"Lvov Stanislav","2026-05-09 11:18:27",0.95047,1,tickflag
990,15818256,"Achal Jhawar","2026-05-07 12:44:33",0.95047,14,achaljhawar
991,16040001,"Guoxin Wang","2026-05-23 14:18:11",0.95047,21,wgx111111
992,15931940,islet,"2026-05-12 23:55:31",0.95046,1,kojimar
993,15917786,seckin,"2026-05-29 12:54:20",0.95046,4,seckinadali
994,15837456,"Viggo Kristensen","2026-05-31 19:20:49",0.95045,37,"viggokristensen,viksevik"
995,15874750,Figle,"2026-05-30 15:50:38",0.95045,8,"caitlin37,estebanfigueroa"
996,15881850,"CHARLES LEE","2026-05-11 23:42:57",0.95045,12,cwlee1124
997,16050634,kimikini,"2026-05-24 00:32:08",0.95045,13,"hanlingzheng,kimikini"
998,16101459,Eracado,"2026-05-29 10:10:05",0.95045,6,eracado
999,15926446,mahmudulmadu,"2026-05-23 06:32:02",0.95044,6,mahmudulmadu
1000,15822957,"vijay thurimella","2026-05-31 14:29:27",0.95044,179,vijaythurimella
1001,16047869,"Shone Kim","2026-05-26 13:36:44",0.95044,22,shonekim
1002,15804251,AidenSong123,"2026-05-02 00:05:52",0.95043,4,aidensong123
1003,16012912,xiaoguozi,"2026-05-30 14:02:30",0.95042,6,xiaoguozi
1004,15932819,liyanrong48,"2026-05-12 03:05:55",0.95042,1,liyanrong48
1005,15997708,youslam,"2026-05-17 23:30:19",0.95042,1,saloumafort
1006,15920219,Ahmed-Elgazar.1,"2026-05-15 17:56:57",0.95042,7,ahmedelgazar1
1007,16005343,"Matt Hods","2026-05-20 21:41:58",0.95041,5,matthods
1008,15807764,stpete_ishii,"2026-05-03 02:52:48",0.95041,12,stpeteishii
1009,15882554,"J Kartiwa @ G","2026-05-26 09:41:45",0.95041,3,jkartiwa
1010,15815365,juliencst,"2026-05-04 16:34:24",0.95041,4,juliencst
1011,15996164,"Tannushree Vaishnav","2026-05-17 07:26:29",0.95040,2,tannushreevaishnav
1012,16058088,"Evil Spirit05","2026-05-31 20:41:07",0.95040,20,evilspirit05
1013,16041376,りゆえす,"2026-05-30 04:17:53",0.95040,4,riyuesu
1014,15810524,"Raj Nikil","2026-05-01 18:07:32",0.95039,3,kargneq
1015,16037135,"lionel W509","2026-05-27 16:18:39",0.95039,17,lionelw509
1016,15913857,"Emil Pekkinen","2026-05-10 10:40:09",0.95037,2,emilpekkinen
1017,15910279,PrivatePieceRec,"2026-05-16 12:13:32",0.95037,17,privatepiecerec
1018,15804479,"Keval Shah","2026-05-01 07:19:52",0.95036,1,whokevalshah
1019,16135905,"Guilherme Couto Gomes","2026-05-31 23:39:14",0.95036,2,guilhermecoutogomes
1020,15917321,porply,"2026-05-10 12:08:38",0.95035,1,porply
1021,16098923,"Jay Lakhupota","2026-05-30 14:49:03",0.95035,9,jaylakhupota
1022,15846379,K.Nagase,"2026-05-27 00:16:03",0.95035,21,kntkjtr
1023,15832329,Zuri,"2026-05-22 23:04:10",0.95035,11,jairochanduviantonio
1024,15832000,Kizabgd,"2026-05-22 22:24:35",0.95033,36,kiza123123
1025,15879096,KacpiPL,"2026-05-07 09:10:17",0.95033,7,kacpipl
1026,15938553,"Mohamed Waseem21","2026-05-13 04:43:24",0.95032,14,mohamedwaseem21
1027,15803955,"Ali Shahi","2026-05-25 04:37:12",0.95031,45,k1shahi
1028,16072985,Pinkleton73,"2026-05-31 14:52:54",0.95031,24,pinkleton73
1029,16044442,aryan_soni1,"2026-05-22 12:22:39",0.95031,2,aryansoni1
1030,15866790,"Stephen Tarter","2026-05-12 15:46:45",0.95031,2,stephentarter
1031,16064915,"johnson Chiang 26","2026-05-25 16:28:17",0.95030,4,johnsonchiang26
1032,15826683,AlexandeWhite912,"2026-05-07 07:38:07",0.95029,39,alexandewhite912
1033,15991766,"Lingala Ganga Nithish Reddy","2026-05-16 09:55:58",0.95028,2,lnithishreddy
1034,16024790,"Chase Bonfiglio","2026-05-20 15:34:17",0.95028,8,chasebonfiglio
1035,15931774,"Jiahui Qu","2026-05-12 02:06:03",0.95028,6,qujiahui
1036,15907579,Mrsalty,"2026-05-26 13:21:49",0.95028,5,mrsaltyx
1037,15911362,leonxiix,"2026-05-10 02:43:41",0.95027,2,leonxiix
1038,16052513,"Hugo Ponce","2026-05-24 19:19:51",0.95027,4,hugoskn
1039,15847394,"Hariom Singh","2026-05-06 10:26:20",0.95026,7,hariomsingh06112001
1040,15911543,"Abdullah Ijaz","2026-05-09 18:28:11",0.95024,3,abdullahijaz128
1041,16003223,lli289.git,"2026-05-19 17:53:15",0.95024,7,lli289git
1042,15868552,"Lin Jianhang","2026-05-17 07:56:01",0.95023,29,linjianhang
1043,15805145,"vedant pol","2026-05-28 06:51:08",0.95023,22,vedantpol
1044,15849959,"moustafa Yuri","2026-05-09 13:29:57",0.95023,24,moustafayuri
1045,16104549,"Rudra Bedekar","2026-05-29 13:39:37",0.95023,3,rudrabedekar
1046,15814129,"julia lipka","2026-05-31 20:32:28",0.95023,19,julialipka
1047,15886948,heraoRH,"2026-05-10 08:47:53",0.95022,7,heraorh
1048,15812659,Rae,"2026-05-02 15:20:50",0.95021,6,raeventkaul
1049,15829100,yaehana_n,"2026-05-06 12:10:33",0.95020,15,yaehana
1050,16021810,"Yi Fanhan","2026-05-28 00:20:19",0.95018,1,jenniferwy
1051,15848395,umomuoi,"2026-05-06 22:54:42",0.95017,10,artemstalnoy
1052,15981135,"Nikolay #2","2026-05-28 11:19:07",0.95016,1,nikolaykrd
1053,16136317,ShubhSeth007,"2026-05-31 19:38:19",0.95016,6,shubhseth007
1054,16030837,"Kristian Anastasia","2026-05-31 13:51:13",0.95015,2,kristiananastasia
1055,16043046,"Deeraj Kumar","2026-05-24 09:12:24",0.95014,6,deerajkumarjjjj
1056,16054855,BlueFlame202,"2026-05-31 17:02:50",0.95014,37,aathreyakadambi
1057,15909764,NikuradzeDmitry,"2026-05-09 16:22:22",0.95013,6,nikuradzedmitry
1058,16063042,JJAnawat,"2026-05-25 16:12:43",0.95013,1,jjanawat
1059,15992185,Spdore,"2026-05-19 09:42:42",0.95012,7,spdore
1060,16061976,Ramen,"2026-05-29 03:53:57",0.95012,14,sadatch
1061,16044187,HkHk2Prod,"2026-05-31 19:10:14",0.95012,28,hkhk2prod
1062,16011341,ckaushik,"2026-05-27 10:52:48",0.95012,6,ckaushik
1063,16064437,Makeryyy,"2026-05-25 20:44:52",0.95012,14,makeryyy
1064,15814666,"SHUBH SETH","2026-05-31 19:03:51",0.95011,55,sethshubh
1065,15880576,Aki,"2026-05-26 04:11:42",0.95011,47,akihorikawa
1066,15820413,Satoshi,"2026-05-05 10:57:32",0.95011,13,satoshisumiriko
1067,16101002,"Hack Descent","2026-05-30 19:04:54",0.95010,21,"chrisgeorgeshibu,galimanishkumar,varunkarthikbalaji"
1068,15907900,"Mike Madani","2026-05-29 22:40:00",0.95010,4,mikemadani
1069,15829119,"CHARHBILI Moad","2026-05-09 06:31:26",0.95008,12,charhbilimoad
1070,15866736,"Rafael h. Rebelo","2026-05-29 21:01:17",0.95007,8,rafaelhrebelo
1071,16013766,"Aaditya Vardhan","2026-05-19 07:42:55",0.95006,3,aadityavardhan
1072,15826426,"Mubashir Ul Hassan","2026-05-02 14:05:46",0.95006,2,mubashirulhassan00
1073,15813129,"Szwajcar ","2026-05-29 11:28:27",0.95006,6,szwajcar
1074,15814576,Viginem,"2026-05-05 10:58:39",0.95005,11,vighneshpawaskar
1075,15894432,"Simon Vestvik (simonito)","2026-05-08 13:02:37",0.95005,2,simonvestviksimonito
1076,15812265,Markus.JM,"2026-05-16 15:43:46",0.95005,2,maiernator
1077,15807230,"Clébio Júnior","2026-05-30 01:03:27",0.95004,58,juniorcl
1078,16034064,"Filip Mihal","2026-05-29 17:57:44",0.95004,13,chobotnicka
1079,15811543,"Maram Ali","2026-05-02 11:47:11",0.95004,2,msama01
1080,15805246,fffxide,"2026-05-01 10:32:08",0.95004,5,fffxide
1081,15832572,Leander,"2026-05-05 22:37:28",0.95004,16,lenny2905
1082,15827853,"Alexey Ermolaev","2026-05-20 09:12:06",0.95003,17,alexeyermolaev
1083,16058777,brainwaveml,"2026-05-23 20:52:55",0.95003,2,brainwaveml
1084,15880086,"Klenn Dungaran","2026-05-28 02:22:09",0.95003,3,klekzee
1085,15948383,"ANJALI DOGRA","2026-05-16 12:37:04",0.95003,9,anjalidogra
1086,15829870,Valourman,"2026-05-03 12:07:28",0.95002,8,valourman
1087,15906621,"Saketh Sreeram","2026-05-10 05:38:49",0.95002,1,ramystic
1088,15920365,nenatalich,"2026-05-17 16:34:01",0.95001,4,nenatalich
1089,15987375,Arjun,"2026-05-18 15:01:18",0.95000,3,arjunchidambaram
1090,15817048,"Yousef Turk","2026-05-02 06:52:52",0.95000,2,yousefturk
1091,15838939,SkibidiUzbek,"2026-05-31 16:50:17",0.94998,7,dummkopf
1092,16079083,"Masaaki Nabeshima","2026-05-28 09:47:26",0.94998,3,masaakinabeshima
1093,15834810,"Yogesh Kardile","2026-05-19 06:53:54",0.94998,5,yogeshkardile
1094,16027104,TANSUN1,"2026-05-21 15:54:18",0.94997,6,tansun1
1095,16047354,chaehyeonneee,"2026-05-31 07:22:50",0.94997,5,chaehyeonneee
1096,15809197,"Prabhat Agnihotri","2026-05-27 16:35:42",0.94996,31,pls1999
1097,16029886,sampujya,"2026-05-21 06:12:02",0.94996,6,sampujya
1098,15843316,hoang001,"2026-05-26 04:02:21",0.94996,5,hoang001
1099,16021134,土田陸斗,"2026-05-30 09:21:16",0.94995,22,tsuchidarikuto
1100,15867700,"Andre Neil","2026-05-06 02:04:36",0.94995,3,andrenpc
1101,16014600,"Akhil Kosuri","2026-05-19 13:42:30",0.94995,10,akhil838
1102,15906344,ApexGP,"2026-05-11 07:39:02",0.94994,9,"duinyooou,yutaomou1"
1103,15851324,Zhenrui.Weng,"2026-05-29 04:06:27",0.94994,16,zhenruiweng
1104,16061433,"paolo testa","2026-05-25 10:10:16",0.94993,2,paolotesta0001
1105,15860584,ershan23,"2026-05-06 04:34:45",0.94993,6,ershan23
1106,15867133,"Andrade Claudio","2026-05-06 01:48:16",0.94992,5,andradeclaudio
1107,15947539,"Thomas Carpentier","2026-05-27 11:45:47",0.94992,7,thomascarpentierr
1108,15816651,AaravDeLegend,"2026-05-11 12:42:28",0.94992,27,aaravdelegend
1109,15894225,Harry,"2026-05-20 02:18:17",0.94992,13,harrytsjan
1110,15808309,"Not Real42","2026-05-06 07:45:56",0.94992,13,notreal42
1111,15892479,しょうげん,"2026-05-22 02:24:38",0.94991,3,shogen8192
1112,15920014,nemoirisgurl,"2026-05-14 07:14:21",0.94991,20,nemoirisgurl
1113,15819882,"Lucas Moraes","2026-05-22 20:25:26",0.94991,16,lucasmoraes001
1114,16095052,"Vraj Patel","2026-05-28 07:44:46",0.94990,7,mrstrange2903
1115,15813191,"Євген заремба","2026-05-04 06:09:50",0.94990,12,djoniblack
1116,16026454,aditya83743,"2026-05-19 19:43:22",0.94990,1,aditya83743
1117,15951826,Gigrise,"2026-05-14 14:54:51",0.94990,10,gigrais
1118,15820663,"Emirhan Kadan","2026-05-31 20:27:17",0.94990,42,emirhankadan
1119,16030776,"Foucault de Jerphanion","2026-05-27 11:42:13",0.94989,18,foucaultdejerphanion
1120,15816641,"Kawish Hassan","2026-05-03 11:14:03",0.94989,6,kawishhassan
1121,15914661,Br0k3nS0u1,"2026-05-20 19:03:17",0.94989,23,br0k3ns0u1
1122,16076621,"Praneeth Paikray","2026-05-28 13:27:06",0.94989,14,paiky1995
1123,16134108,www999,"2026-05-31 22:17:49",0.94989,4,www999
1124,15908906,"Ali Shaxn","2026-05-11 18:28:53",0.94989,4,alishaxn
1125,15883529,yuzz,"2026-05-29 13:47:48",0.94989,5,yuzz212
1126,15834539,"Katsuhisa Abe","2026-05-27 00:15:07",0.94988,13,abekatsu
1127,15833149,"Daniel Chang","2026-05-03 08:04:49",0.94988,5,danielchang01
1128,15908017,"Paulo Álvaro","2026-05-09 09:36:54",0.94988,6,pauloalvaro
1129,15892144,"Mitsuaki Inoue","2026-05-31 06:20:45",0.94987,35,mitsuakiinoue
1130,15816828,yalpha,"2026-05-02 16:10:09",0.94987,2,yusukeimura
1131,15906454,"TAI SHUO","2026-05-11 05:36:09",0.94987,8,taishuo
1132,15811782,haukesteffen,"2026-05-05 21:11:12",0.94986,6,haukesteffen
1133,15994776,"Mikhail Baryshev","2026-05-22 11:07:42",0.94986,6,mikhailbaryshev
1134,16115330,kolawole,"2026-05-30 11:58:30",0.94986,9,kolawole13303
1135,15806550,"Steve Sojan","2026-05-15 11:58:54",0.94985,22,stevesojan
1136,15841026,"Safak Atakan Celik","2026-05-26 10:13:44",0.94985,2,safakatakancelik
1137,15995931,"Micha den Heijer","2026-05-24 11:00:08",0.94985,27,michadenheijer
1138,15998561,TatsuPro23,"2026-05-31 21:21:09",0.94984,18,tatsuyaarai4444
1139,15853214,Alexdruso,"2026-05-09 11:48:34",0.94983,13,alessandrosanvito
1140,15931535,"Cameron Harris","2026-05-13 00:50:30",0.94983,9,cameronharriscloud
1141,15814255,"Jim Gruman","2026-05-09 22:29:44",0.94982,13,jimgruman
1142,15837437,Karan,"2026-05-30 20:16:37",0.94982,20,teamaker
1143,15978326,"Fares Rafat","2026-05-25 21:02:21",0.94982,25,faresrafat
1144,16007870,"Hao Men","2026-05-19 06:28:14",0.94981,3,haomen2
1145,16055459,"KENTA OGAWA","2026-05-30 14:05:24",0.94980,9,kentaogawa
1146,15855330,"krist pun","2026-05-24 06:19:17",0.94980,6,kristpun
1147,15913509,"Safal Singh","2026-05-10 18:08:41",0.94980,7,safalsingh
1148,15815994,"Gabriel Guzman","2026-05-12 23:00:03",0.94980,7,ggguzm
1149,15854356,SuryatejaDevarako,"2026-05-05 02:02:35",0.94979,2,suryatejadevarako
1150,16047850,N_ha,"2026-05-31 23:57:47",0.94978,12,nha1050
1151,15816329,"Ahmet Kağan Koral","2026-05-20 10:21:48",0.94977,26,kagankoral
1152,16084390,"lulu done","2026-05-28 12:38:51",0.94977,8,luludone
1153,16080152,WuWisdom,"2026-05-28 19:23:08",0.94977,4,wuwisdom
1154,16002681,"Adhiraj Jagtap","2026-05-21 18:21:54",0.94975,4,adhirajjagtap
1155,15830930,"Darko Androcec","2026-05-13 12:38:50",0.94974,30,dandrocec
1156,16039557,"McLovin It","2026-05-31 13:23:36",0.94973,18,"anmolchouksey,siddhantsamdariya"
1157,15857810,tuannm3812,"2026-05-24 00:21:05",0.94972,5,tuannm3812
1158,16045046,"Jose Lopez","2026-05-24 02:49:39",0.94972,11,joselopezx
1159,15817047,Gabiru,"2026-05-02 01:00:36",0.94971,7,gabrielott
1160,15913511,Pranay,"2026-05-25 06:26:48",0.94970,11,pranay9565
1161,15812232,rotation921,"2026-05-11 12:59:42",0.94969,18,rotation921
1162,15812113,hzr111,"2026-05-30 04:37:07",0.94969,24,hzr111
1163,15905229,chuyichen,"2026-05-23 11:25:11",0.94969,28,"chuyichen516,renj89"
1164,16011686,"Himanshu Singh","2026-05-27 17:53:28",0.94969,17,himanshusingh004
1165,15890610,"Mohamed Darwish","2026-05-10 14:18:09",0.94968,10,darwish1337
1166,15843200,"MAJJJ VINAY KUMAR","2026-05-11 06:16:03",0.94968,4,majjjvinaykumar
1167,15880042,SOONHANKWON,"2026-05-18 02:02:04",0.94968,80,soonabletv
1168,15915852,Hall4jm,"2026-05-13 00:20:40",0.94968,16,hall4jm
1169,15811301,"Kemal Musab Dayioglu","2026-05-24 08:37:21",0.94968,9,kemalmusabdayioglu
1170,16051415,"Thomas W","2026-05-31 00:42:15",0.94967,14,thomaswesthead
1171,15811186,"Gary Hess","2026-05-06 11:23:48",0.94967,23,garbo999
1172,15811744,carbodiamond,"2026-05-23 17:48:52",0.94967,22,carbodiamond
1173,15898861,Gianvito,"2026-05-21 13:46:40",0.94967,6,gianvitonesca9
1174,15983608,"Soumyadeep R12","2026-05-15 12:21:13",0.94967,1,soumyadeepr12
1175,15819389,"Keith Fernandes12","2026-05-05 01:38:47",0.94967,3,keithfernandes12
1176,15857992,"Patrice MAZEL","2026-05-06 10:35:47",0.94966,5,patricemazel
1177,15977897,"Dingwen Kong","2026-05-15 08:21:12",0.94966,5,dingwenkong
1178,15909758,"Dmitrii K","2026-05-31 08:00:21",0.94965,8,spacesurfer
1179,15920772,BOCHIDIGM,"2026-05-11 04:33:44",0.94965,4,bochidigm
1180,15981647,Sakura,"2026-05-18 07:59:31",0.94965,5,sakura134
1181,15856315,"احمد ڤقرول رادزي نوردين","2026-05-05 06:32:27",0.94964,1,pakerole1985
1182,15886561,pure1213,"2026-05-12 08:24:41",0.94964,6,pure1213
1183,16082946,"Amalio Gomez","2026-05-26 16:55:09",0.94964,2,amaliogomez
1184,16104584,"Egor Volokitin","2026-05-29 00:54:27",0.94964,1,egorvolokitin
1185,15991405,Lee-Sangmin,"2026-05-31 08:32:44",0.94963,6,ssangtuk2
1186,16044482,"Jason Liu","2026-05-30 02:32:28",0.94963,14,jason71995
1187,16120970,"Edgar Baobaoen Jr.","2026-05-31 18:18:42",0.94963,6,double0x2
1188,16121747,"Sumantra Prajapati","2026-05-31 17:42:48",0.94962,6,sumantraprajapati
1189,16047423,laijunyu,"2026-05-22 12:22:44",0.94962,6,laijuny
1190,15836601,HiroYas,"2026-05-10 02:38:36",0.94962,19,yashiro0
1191,15829500,Gaberli,"2026-05-03 05:42:54",0.94962,1,gaberli
1192,16038108,cccchensy,"2026-05-23 16:07:32",0.94962,3,catgirlprpr
1193,16132888,vantege,"2026-05-31 13:43:52",0.94962,3,vantege
1194,15822120,kroffske,"2026-05-05 00:09:36",0.94962,7,theraff
1195,15895526,"Somsubhro Metya","2026-05-16 15:39:20",0.94961,38,somsubhrometya
1196,15816332,"ham chicchi ","2026-05-02 08:15:12",0.94961,3,hamchicchi
1197,15817973,Marineeee,"2026-05-06 10:09:36",0.94960,32,marineeee
1198,15908646,"Aleksandr Makhov","2026-05-31 21:15:33",0.94960,38,aleksandrmakhov
1199,15872084,肖健峰嗯,"2026-05-15 14:11:41",0.94959,7,xiaojianfeng137
1200,15989863,"Yusuf Öztop","2026-05-17 17:00:03",0.94959,2,yusufztop
1201,15859365,civilien,"2026-05-05 10:37:22",0.94959,1,civilien
1202,15948724,Ryota_macho,"2026-05-17 09:53:06",0.94959,3,ryotamacho
1203,16110040,"YANG,JUN-HAN","2026-05-30 15:06:07",0.94958,5,jimyang1018
1204,15811636,simplecar,"2026-05-04 13:32:07",0.94958,2,simplecar
1205,16013113,"Tanco CC","2026-05-22 11:32:30",0.94958,6,tancocc
1206,16098041,IEEM26_111034046,"2026-05-28 08:06:26",0.94958,1,billyyuu
1207,16118246,Somni,"2026-05-30 14:18:58",0.94958,4,twilight057
1208,16117229,"Narmatha R","2026-05-30 16:23:41",0.94957,3,naru16
1209,16041810,Ibaina,"2026-05-23 19:24:18",0.94957,3,ibaina
1210,16126313,Güven,"2026-05-31 01:31:41",0.94956,2,gvnalaca
1211,15917963,poco34,"2026-05-27 14:59:59",0.94955,9,poco34
1212,16036460,WonderWomen2017,"2026-05-21 18:55:44",0.94955,3,wonderwomen2017
1213,15884223,"Dawoon Jung","2026-05-18 04:11:07",0.94954,5,noowad0418
1214,15954082,"suda nobuto","2026-05-26 07:41:44",0.94954,9,sudanobuto
1215,15846457,Hello39,"2026-05-17 05:21:52",0.94954,18,hello39
1216,15903685,parijit,"2026-05-28 22:16:17",0.94954,18,parijit
1217,16024185,"Yousef Zaghloul","2026-05-20 07:47:37",0.94954,5,yousefzaghloul
1218,16032431,IEEM26_112034007,"2026-05-29 18:58:17",0.94952,50,huangikai
1219,15843146,AidenKim98,"2026-05-07 05:48:50",0.94952,5,aidenkim98
1220,15852837,"Zihao Fan","2026-05-11 14:19:38",0.94952,26,fzh0919
1221,16036214,"Luciano Alves","2026-05-28 01:44:07",0.94952,5,lvieirace
1222,16060961,"Chica Chan","2026-05-26 16:41:31",0.94952,2,chicachan
1223,15840034,カオウカイ,"2026-05-03 16:51:38",0.94951,3,kevinocc
1224,15893154,"Jaival Chauhan","2026-05-12 15:40:58",0.94951,8,jaivalchauhan
1225,16030646,"Boris-Andrei Pavel","2026-05-20 08:36:02",0.94950,3,borisandreipavel
1226,15825944,bruhbruh,"2026-05-03 10:52:26",0.94949,14,nguyendinhbach69
1227,15811641,TieSinger,"2026-05-03 09:03:03",0.94949,6,tiesinger
1228,16054970,"Dhruv Bhadhotiya","2026-05-24 08:35:41",0.94949,4,dhruvbhadhotiya
1229,15885019,"Anant jain","2026-05-10 18:09:31",0.94949,1,anantjain159
1230,16076412,"David Zagorski","2026-05-26 14:44:44",0.94948,8,davidhexynator
1231,16017860,Esdodolian,"2026-05-25 13:39:13",0.94947,4,esdodolian
1232,15836450,"Abhyudai Tiwari","2026-05-08 05:57:31",0.94946,23,abhyudaitiwari
1233,15811990,"mariko f.","2026-05-31 10:15:55",0.94946,107,marikof
1234,15948615,SLpeaunt,"2026-05-15 05:00:11",0.94946,7,slpeaunt
1235,15815480,Dubnium,"2026-05-02 18:08:31",0.94946,4,ahmetyasin1
1236,15877248,GCarnovale,"2026-05-12 14:01:43",0.94946,5,gcarno
1237,15919241,HimanshuDSI,"2026-05-18 07:55:41",0.94945,18,himanshubhardwaj174
1238,15810193,"Emircan Güneş","2026-05-01 12:52:01",0.94945,1,emircansoftware
1239,15905838,Beets_007,"2026-05-17 14:33:41",0.94945,9,beets007
1240,16041556,井上悠馬,"2026-05-28 10:10:57",0.94944,8,starchild03523
1241,15936448,dimension2,"2026-05-25 16:56:36",0.94943,7,dimension2
1242,15964684,"Shah Muhmmad Fazle Rabbi","2026-05-20 08:44:40",0.94943,3,engineerfrabbi
1243,15933440,"Sampath kumar Ponduru","2026-05-17 05:23:06",0.94943,7,sampathkumarponduru
1244,16082107,"Hà Tùng 177","2026-05-28 10:20:37",0.94943,6,htng177
1245,15809907,"Mohamed Abdelhay","2026-05-19 15:35:10",0.94941,10,mohamedabdelha7
1246,15829893,"Emir Akdogan","2026-05-02 22:27:31",0.94941,3,ahmetemirakdogan
1247,15875161,bolobolome,"2026-05-08 12:01:04",0.94940,15,"bolobolome,liuzhien"
1248,15806266,J.,"2026-05-28 19:18:56",0.94940,24,xjoannax88
1249,16051799,"Jeff Butt","2026-05-29 21:28:48",0.94939,5,jeffbutt
1250,15885061,"Rishuv Gorka","2026-05-15 10:29:04",0.94939,6,rishuvgorka
1251,15812544,"Himanshu Saini","2026-05-09 17:20:15",0.94939,8,"gowthamsunny1617,himanshu6588"
1252,15985822,"Abdullah Shafi Bin Nahid","2026-05-30 11:42:48",0.94938,6,abshafi2021
1253,16011799,THe_vK,"2026-05-19 10:46:04",0.94938,2,thevk3
1254,15827797,"Sonal Shinde","2026-05-02 14:49:46",0.94937,3,sonalshinde123
1255,15910533,"Sahith kalisety","2026-05-09 16:11:46",0.94937,1,sahithkalisety
1256,16023329,_piaoxue_666,"2026-05-19 13:14:59",0.94936,4,piaoxue666
1257,16018871,"Weiya Wang","2026-05-30 15:41:47",0.94935,11,weiyawang31415926
1258,16045142,acyyl,"2026-05-22 14:29:45",0.94935,4,assil22
1259,15820848,"Douglas Marques","2026-05-12 18:06:52",0.94935,6,tatudoug
1260,15884021,"Mansi Chilkoti","2026-05-16 14:46:48",0.94935,35,mansichilkoti
1261,15875736,"HsinTing Wang","2026-05-10 13:04:48",0.94935,2,hsinting0704
1262,15931421,"Niels Peter Kroon","2026-05-14 13:41:47",0.94935,14,nielspeterkroon27
1263,16010343,"Viraj Bulugahapitiya","2026-05-25 10:58:38",0.94934,5,amanthaviraj
1264,16097462,20050318,"2026-05-28 11:23:25",0.94933,2,wujiaqi2005
1265,16071944,"Manjil Budhathoki","2026-05-25 10:57:53",0.94933,2,manjilbudhathoki
1266,15976470,fizzahabdullah,"2026-05-24 17:28:39",0.94932,1,fizzaha99
1267,15870960,"Haritha Sarode","2026-05-10 13:55:52",0.94932,2,harithasarode
1268,15885898,"Daman Deep","2026-05-09 06:59:50",0.94931,8,damn101
1269,15817711,"Ryan McGreevy","2026-05-16 16:14:12",0.94931,9,ryanmcgreevy
1270,16075771,"Harshita Shibe","2026-05-26 10:14:16",0.94931,2,harshitashibe24
1271,15926568,"Quyền Thịnh","2026-05-12 08:53:45",0.94931,3,quynthnh
1272,15929934,sotaya,"2026-05-18 10:57:58",0.94931,25,sotaya
1273,15841596,Merhiro,"2026-05-05 17:53:36",0.94931,2,merhiro
1274,15839121,yuefanchao,"2026-05-03 14:31:17",0.94930,1,yuefanchao
1275,15869039,dorosuke,"2026-05-13 04:35:37",0.94930,6,dorosuke
1276,15862000,"Rishii Kumar Singh","2026-05-06 08:14:03",0.94930,2,rishiikumarsingh
1277,15837589,kkiy,"2026-05-03 14:19:13",0.94929,2,kkiyyy
1278,15878409,"Fedor Chernyshev","2026-05-18 12:43:01",0.94929,3,fedorchernyshev
1279,15987682,"Tyler Peters","2026-05-30 14:29:01",0.94929,7,ripims
1280,15862533,"Jocelin Angela","2026-05-05 15:10:20",0.94929,1,jocelinangela
1281,15868329,"chen Jack12","2026-05-06 07:37:02",0.94929,10,"chenjack12,sylfilic"
1282,15832804,"Orlando Virginio Penha Junior","2026-05-31 19:52:29",0.94928,16,orlandovpjunior96
1283,15904050,"Mark Leonchik","2026-05-26 23:16:38",0.94927,4,jamescarlson121
1284,15922349,"Joseph Kharzo","2026-05-12 03:19:22",0.94927,15,jekojekojeko
1285,15850902,!2#4DaNgKhOa%6&8,"2026-05-05 07:12:07",0.94927,11,khoanguyenhoangdang
1286,15858466,"HOANG DANG KHOA NGUYEN","2026-05-05 07:22:57",0.94927,5,hoangdangkhoanguyen
1287,15928617,bebseee,"2026-05-11 16:51:42",0.94927,1,bebseee
1288,15875123,"EIAMIN HASSAN","2026-05-07 18:37:55",0.94927,4,eiaminhassan
1289,16134496,"Bishwas Pandey","2026-05-31 18:31:19",0.94927,2,bishwaspandey
1290,15813600,Pippone95,"2026-05-03 10:57:25",0.94927,10,pippone95
1291,16088580,dragon4396,"2026-05-27 14:10:25",0.94926,1,dragon4396
1292,16046276,"Kushagra Dev","2026-05-29 10:11:50",0.94926,11,kushagradev
1293,16051489,Sameerk,"2026-05-27 17:23:42",0.94926,4,sameerk2004
1294,15898713,SARANG,"2026-05-30 16:14:34",0.94925,17,vh10935cse20
1295,16065588,"Anis BENAICHA","2026-05-25 18:02:43",0.94925,15,anisaba79
1296,16004067,julienpepin,"2026-05-18 15:01:08",0.94925,2,julienpepin
1297,15822101,Rocky,"2026-05-04 07:05:22",0.94925,12,rockyt07
1298,15835725,amiakar,"2026-05-10 17:03:33",0.94924,10,amiakar
1299,15882983,Catadanna,"2026-05-14 15:14:53",0.94924,18,catadanna
1300,16103550,RodrigoAntunesA,"2026-05-31 20:21:06",0.94923,8,rodrigoantunesa
1301,16037177,"Jalen Lum","2026-05-31 21:53:57",0.94923,4,jalenlum
1302,16076030,"Preet Kumar","2026-05-28 18:10:27",0.94922,1,preetgujjar
1303,15804092,"Chani Leon","2026-05-31 06:04:12",0.94921,137,leonchani
1304,16006062,"Sean Pritchard","2026-05-27 23:04:45",0.94921,14,seanpritchard
1305,16000939,"Code Red","2026-05-18 11:05:41",0.94921,4,"hardikchanana,rhythmghai"
1306,15932914,HOOOUUUU,"2026-05-12 02:23:02",0.94920,4,hooouuuu
1307,15882431,ErrorMan,"2026-05-07 07:12:23",0.94920,3,jaygun84
1308,16037930,n1tishc,"2026-05-28 06:22:32",0.94920,15,n1tishc
1309,15905785,"Từ Đình Nguyên","2026-05-12 16:44:38",0.94919,13,bontaphoa
1310,16089071,"Pin wei Liao","2026-05-30 15:46:20",0.94919,18,pinweiliao
1311,16116924,Olegsabertoothed,"2026-05-30 15:05:01",0.94918,10,olegsabertoothed
1312,15993344,"Xiaofeng Meng","2026-05-27 02:20:21",0.94918,40,superamazing
1313,16073064,"Amit Kumar Anand","2026-05-31 12:42:58",0.94918,6,amitkumaranand
1314,15804513,"KOUSHIK KUMAR DINDA","2026-05-28 04:00:38",0.94918,7,koushikkumardinda
1315,15874035,MGKzzz,"2026-05-25 15:52:28",0.94917,22,mgkzzz
1316,15924348,멜론사냥꾼,"2026-05-27 09:08:02",0.94917,11,"choejungmin,saeramchun"
1317,16003904,"Hartej Sahni","2026-05-27 15:54:33",0.94917,18,hartejsahni
1318,15854805,Xoyuzu,"2026-05-05 01:56:39",0.94917,2,xoyuzu
1319,15843101,"Shunsuke Yagi","2026-05-04 13:51:41",0.94916,6,shunsukeyagi
1320,16106091,"Jed Hubert","2026-05-29 07:07:56",0.94915,1,jedhubert
1321,15808999,"QiBin Song","2026-05-06 01:39:51",0.94915,6,qibinsong
1322,15932621,"Sphesihle Mdlovu","2026-05-12 03:08:49",0.94915,5,sphesihlemdlovu
1323,16065372,"Ishaan Agarwal","2026-05-30 11:25:30",0.94915,34,ishaanagarwal03
1324,15875933,"Clark Kitchen","2026-05-06 19:53:32",0.94915,2,clarkkitchen
1325,16048770,PRanav_007082,"2026-05-28 11:25:15",0.94915,6,pranav007082
1326,15906763,"Qudsiya Siddique","2026-05-12 08:47:14",0.94914,5,qudsiyasiddique
1327,16133616,"fizool pann","2026-05-31 15:09:05",0.94914,1,fizoolpann
1328,15977864,AntonFJ95,"2026-05-18 23:04:15",0.94913,3,antonfj95
1329,16054847,"Priyadharshini M","2026-05-30 07:23:33",0.94913,12,riya96
1330,16069515,"Parvin Jumshudlu","2026-05-27 10:27:24",0.94913,8,parvinjumshudlu
1331,15828767,"Maciej Markowski","2026-05-03 12:13:00",0.94913,6,markowskim
1332,16076801,"Leonardo V.","2026-05-28 07:25:19",0.94913,27,lzsecurity
1333,16119364,"Anurag Nayak","2026-05-31 14:51:16",0.94913,4,anuragnayak07
1334,15854926,綾瀬レイ,"2026-05-31 08:08:22",0.94912,15,rainrain5
1335,15930895,"Azamat Sadikov","2026-05-13 10:40:08",0.94912,1,azamatsadikov
1336,16074624,BAImatubama,"2026-05-27 07:57:06",0.94911,14,baimatubama
1337,16061427,teamweever,"2026-05-25 00:51:05",0.94910,3,teamweever
1338,16084176,"Teamnext Weever","2026-05-26 13:20:39",0.94910,1,teamnextweever
1339,16087306,"Wafiq Razy38","2026-05-26 23:45:20",0.94910,1,wafiqrazy38
1340,16108368,"Divyanshu Somasekhar","2026-05-31 10:13:48",0.94910,3,divyanshusomasekhar
1341,16063847,"Amanot Ullah","2026-05-24 22:31:53",0.94910,10,amanotullah42
1342,16136869,crinjovik,"2026-05-31 21:38:29",0.94910,1,crinjovik42
1343,16022021,"Ivan Jung","2026-05-27 01:05:31",0.94909,10,ivanjung301
1344,16030241,"shandeng nan","2026-05-20 08:00:00",0.94909,4,shandengnan
1345,15841508,"Shunjun Gu","2026-05-06 13:12:36",0.94909,8,shunjungu
1346,15807422,"Aman Vishwakarma","2026-05-15 18:27:38",0.94909,9,amanvishwakarma01
1347,15828089,"Bhone Moe Naing","2026-05-30 08:04:08",0.94908,2,phonemoe
1348,16095104,J5t3313,"2026-05-28 00:38:11",0.94908,3,j5t3313
1349,15928925,"Abina Kukanova","2026-05-25 18:26:40",0.94908,6,abinakukanova15
1350,15945859,"Ziyang Zhou","2026-05-13 09:51:27",0.94908,1,ziyangzhou81
1351,16082972,ChiteshMarmat0091,"2026-05-29 09:09:21",0.94907,13,chiteshmarmat0091
1352,16046374,"prachi saha","2026-05-26 06:53:25",0.94906,5,prachisaha
1353,16062682,"Mbarki Souhail","2026-05-31 22:36:01",0.94906,23,mbarkisouhail
1354,16027251,"Rudrapratap Singh Ujjwal","2026-05-20 00:14:51",0.94906,2,rudrapratap001
1355,16065701,"Vaibhav Kubasad","2026-05-30 18:09:04",0.94905,9,"namanakalwadi,shraddhabs,vaibhavkubasad"
1356,15897966,Mayu,"2026-05-08 15:54:55",0.94905,2,mayueryu
1357,15810018,Koostik126,"2026-05-14 18:18:45",0.94904,9,kostya138
1358,15991198,COLD,"2026-05-30 02:30:16",0.94904,10,maulikgajera
1359,15813275,"Karan Tanshukh","2026-05-14 19:10:59",0.94904,3,karantanshukh
1360,16063191,AlexeyShkotov,"2026-05-24 21:05:24",0.94904,5,alexeyshkotov
1361,15811530,"OJO EMMANUEL","2026-05-15 19:27:09",0.94903,12,ojoemmanuelnifemi
1362,16021269,Jaime,"2026-05-23 09:46:25",0.94903,9,jaimepower
1363,15951054,bahia,"2026-05-23 14:46:48",0.94902,4,"kevely,zzzrafinha"
1364,15817346,"Daniyal Atta","2026-05-01 17:39:48",0.94902,2,daniyalatta
1365,15836760,"Charles Jia","2026-05-14 14:00:28",0.94902,14,charlesjiaxjtu
1366,15821280,yuki.aoki2024,"2026-05-02 18:59:05",0.94902,2,yukiaoki2024
1367,15870022,"Abhishek Gupta","2026-05-08 06:29:34",0.94902,7,abhishekgupta56447
1368,15937816,Satadal1,"2026-05-30 12:19:08",0.94900,1,ssdd09
1369,16120693,"qiheng lee","2026-05-30 20:17:02",0.94900,9,qihenglee2077
1370,16032784,yscho,"2026-05-30 07:10:09",0.94900,7,yeonseokcho
1371,15804650,miyu.k1aras@gmail.com,"2026-05-31 07:15:53",0.94899,62,miyuk1arasgmailcom
1372,15859376,sdssJ0,"2026-05-22 07:33:12",0.94899,6,sdssj0
1373,15913792,"Liyang Zhang","2026-05-24 23:05:42",0.94899,2,liyangzhang87
1374,16097530,"Fujisaki Hayato","2026-05-28 09:00:45",0.94899,10,fujisakihayato
1375,15890485,"Kaushik Sarav","2026-05-31 21:52:13",0.94899,2,kaushiksarav
1376,15804494,"Malco Qoo","2026-05-09 02:05:57",0.94898,11,malcoqoo
1377,15885393,"Mark G","2026-05-24 14:13:32",0.94898,4,markgul
1378,15905117,Apocania,"2026-05-21 02:36:38",0.94898,2,apocania
1379,15832400,"Meryem Kevser Keskin","2026-05-11 21:48:12",0.94898,24,meryemkevserkeskin
1380,15977986,LTCC01,"2026-05-15 17:05:00",0.94898,2,ltcc01
1381,16121968,Aditya,"2026-05-31 06:08:10",0.94898,3,adiace4u
1382,15999927,"Mohit Balachander","2026-05-17 15:27:37",0.94897,1,mohitbalachander
1383,16032255,旷慧娴7,"2026-05-21 07:21:17",0.94897,3,"kuang6,yellowoneday"
1384,16006950,"Chirapathleo Saelim","2026-05-26 06:45:56",0.94896,4,chirapathleosaelim
1385,16076158,"Eshaan Saha","2026-05-26 11:15:03",0.94895,5,eshaansaha
1386,15889740,captains_RGB,"2026-05-24 21:57:27",0.94895,16,"busekaraa,mustafaemreglm,rmeysakarda"
1387,15938035,gusi,"2026-05-18 18:14:58",0.94895,14,"jrvlaa,qber66"
1388,16046926,gktdgktd,"2026-05-22 08:37:47",0.94895,2,gktdgktd
1389,15828342,"Oscar Aguilar","2026-05-05 05:23:20",0.94894,4,oscarm524
1390,15810683,"Jayhan Oh","2026-05-04 13:36:28",0.94894,6,jayhanoh
1391,15840984,Dragogargo,"2026-05-03 18:28:31",0.94894,3,dragogargo
1392,15819095,Marius,"2026-05-21 03:49:08",0.94894,4,mariusborel
1393,15986788,k-void0,"2026-05-16 14:50:23",0.94894,3,kvoid0
1394,16076950,"Saicharan Emmadi","2026-05-27 01:27:49",0.94893,5,saicharanemmadi
1395,15895766,Roshan,"2026-05-31 21:15:25",0.94893,4,roshan0907
1396,15827394,"ML learner","2026-05-24 15:02:31",0.94893,14,usermaname1
1397,16032654,YusuffCakirr,"2026-05-22 13:20:31",0.94893,18,yusuffcakirr
1398,15946575,"Yağız Terzi","2026-05-13 09:19:37",0.94893,2,yazterzi
1399,16048471,"Abdul Mazid","2026-05-22 10:01:17",0.94892,1,abdulmazidkhan
1400,15818197,"Foid Qcold","2026-05-03 20:55:08",0.94892,12,mustardbator
1401,16068746,"Hitarth Pandey","2026-05-28 05:19:38",0.94892,6,hitarthpandey
1402,15823738,torrreeesss,"2026-05-05 23:12:25",0.94891,2,torrreeesss
1403,15873249,"Emre Hacıhasan","2026-05-24 20:34:41",0.94890,6,emrehachasan
1404,15930847,"Abdullah Musharaf","2026-05-11 19:46:55",0.94889,1,abdullahmusharaf1
1405,15813026,"Samruddhi Hirave","2026-05-28 10:35:44",0.94889,1,samruddhi76
1406,15847343,"shloak shetty","2026-05-30 09:19:48",0.94888,13,shloakshetty
1407,15897124,"Koki ANDO","2026-05-16 14:18:40",0.94887,11,kokiando
1408,15843551,"Rishabh Bhartiya","2026-05-04 05:11:06",0.94886,1,rishabhbhartiya
1409,16029287,koustubhk,"2026-05-31 04:23:47",0.94886,4,kkhandekar
1410,15926596,"Grace Eso","2026-05-11 13:43:32",0.94886,2,esograce
1411,15844230,"Suryansh Vatsaa Tripathi","2026-05-05 17:51:07",0.94886,9,suryanshvt
1412,15846607,menos1,"2026-05-06 00:10:40",0.94885,10,menos1
1413,15884321,"Barry ZhengXian","2026-05-07 10:54:14",0.94885,1,barryzhengxian
1414,15887529,"Èlia Campos Villaró","2026-05-10 12:41:24",0.94885,2,liacamposvillar
1415,15916963,"Naruto Uzumaki","2026-05-16 12:18:09",0.94885,7,narutohinata106
1416,15859903,"Mahima Dangi","2026-05-25 12:35:33",0.94885,4,"achyutpancholi04,bherumegh,mahimadangi"
1417,15914977,kazkod,"2026-05-16 04:20:07",0.94884,4,kazkod
1418,15806041,Punyak,"2026-05-25 18:16:11",0.94884,77,punyakdei
1419,16056197,Simon349,"2026-05-23 12:31:07",0.94884,3,simon349
1420,15824040,"Kota Inohara","2026-05-02 07:36:16",0.94884,2,kotainohara
1421,15805643,"Amit Behura","2026-05-10 19:12:16",0.94883,1,amitbehura2
1422,15968684,"Aarav Kumar Ranjan","2026-05-16 15:47:22",0.94883,1,aaravkumarranjan
1423,16086592,"Aditya Raj Singh","2026-05-31 23:30:50",0.94882,4,aditya9151
1424,15909940,"Shubham Vaish","2026-05-09 13:15:42",0.94882,1,shubhamkumarvaish
1425,16089417,tedtid,"2026-05-30 09:21:27",0.94882,13,tedtid
1426,15912043,"YASH PATEL","2026-05-14 14:46:02",0.94881,9,yashpatel2105
1427,16030261,"Sharanya Chakraborty","2026-05-22 07:25:05",0.94880,6,sharanyachakraborty
1428,16118626,"tedtid #2","2026-05-30 11:02:17",0.94880,3,tidted
1429,16044553,"Prakrity Choukade","2026-05-21 22:45:44",0.94879,3,prakrityc
1430,16131239,KK,"2026-05-31 11:10:47",0.94879,1,kk2909
1431,15920347,"Plinio Bicalho","2026-05-11 00:53:22",0.94879,2,pliniobicalho
1432,15803782,Akritas,"2026-05-01 17:57:56",0.94879,5,akritas
1433,16108065,"Lalith mani","2026-05-30 15:07:35",0.94878,8,lalithmani
1434,15803910,"Fernando Arizmendi","2026-05-05 20:08:24",0.94878,8,ferariz
1435,15919413,NumenDev,"2026-05-16 21:28:54",0.94878,12,numendev
1436,15888732,"Ahmet Emir Dundar","2026-05-10 16:03:51",0.94878,4,ahmetemirdundar
1437,15919579,"SHANMUKHA DATTA BODA","2026-05-10 16:11:03",0.94878,1,shanmukhadattaboda
1438,15894872,LoganB01503,"2026-05-19 10:20:24",0.94877,4,loganb01503
1439,15905510,YIKUOI,"2026-05-24 07:00:38",0.94877,35,"fanjunzh,yikuoi"
1440,15807029,Jisei_Asakura,"2026-05-15 05:15:23",0.94876,12,jiseiasakura
1441,15814533,"Will Coleman","2026-05-26 19:02:57",0.94876,14,willcoleman
1442,16006294,domcodes,"2026-05-17 23:32:40",0.94876,1,domcodes
1443,16084499,"Logos wei","2026-05-30 17:49:20",0.94876,6,logoswei
1444,16008416,"Kavya Dhyani","2026-05-19 07:29:04",0.94875,5,kavyadhyani
1445,15823933,Sravani,"2026-05-04 16:14:32",0.94875,6,ssravani8
1446,16059758,YaoXiaoming,"2026-05-24 13:10:23",0.94875,2,yaoxiaoming
1447,16032288,"Mikolaj Kulig","2026-05-27 07:19:03",0.94874,1,mikolajkulig
1448,15830598,Nishuxf,"2026-05-18 08:21:53",0.94874,1,nishu65
1449,15986405,"Emre Bektas","2026-05-25 11:23:15",0.94873,1,ebktas
1450,15839344,"Abdullah Zobayer","2026-05-05 12:35:50",0.94872,3,rickyponting1627
1451,16107385,dominyellow,"2026-05-31 13:00:13",0.94872,5,dominyellow
1452,16055915,S.S,"2026-05-24 14:11:28",0.94871,3,"sanjitjeevanand,shreshtagajula"
1453,15968937,Intern_grind,"2026-05-14 14:23:34",0.94871,9,shivyanshgarg
1454,15936034,Aditya2909rb,"2026-05-12 18:13:57",0.94871,5,aditya2909rb
1455,16037530,rsato0731,"2026-05-28 19:24:52",0.94870,11,rsato0731
1456,15813575,"Yuki Ino","2026-05-27 11:17:06",0.94870,11,yukiino
1457,15843259,WenXiaoxiao9421,"2026-05-05 03:26:38",0.94869,3,wenxiaoxiao911
1458,16055511,"Tomasz Toporowski","2026-05-31 13:54:04",0.94869,9,tomasztoporowski
1459,16081377,aditigarg23199,"2026-05-31 18:09:08",0.94869,5,aditigarg23199
1460,15806622,"nagi nagi (naginagi)","2026-05-01 12:44:43",0.94868,1,naginaginaginagi
1461,15920050,"Sadam Torres","2026-05-16 23:12:47",0.94868,5,sadamtorres
1462,15997969,tylerm70,"2026-05-18 04:22:25",0.94866,14,tylerm70
1463,15915078,Ozartsa,"2026-05-21 12:23:42",0.94866,10,ozartsa
1464,16056617,"Chong Xuan Ng","2026-05-24 16:21:27",0.94866,3,chongxuanng
1465,16049847,"Krishnendu Dutta","2026-05-25 11:40:35",0.94866,21,kdrd2812
1466,15874454,project4,"2026-05-13 14:07:11",0.94866,11,"afonsofernandescruz,lustlunio"
1467,16090973,dxjjjjjj,"2026-05-31 17:00:19",0.94865,6,dxjjjjjj
1468,15929634,"Pablo Chicharro Gómez","2026-05-12 17:17:11",0.94865,2,pcgomez13
1469,15851292,"Arun R.noa","2026-05-13 11:00:04",0.94865,7,zorornoa
1470,15826366,"Muhammed Furkan Savuci","2026-05-04 21:23:16",0.94865,5,muhammedfurkansavuci
1471,15999571,"sai sujitha nalajala","2026-05-25 23:47:31",0.94864,4,saisujithanalajala
1472,15840180,"Brian Shaw","2026-05-09 11:18:57",0.94864,4,shortpathfirst
1473,15841980,"Abdelouahed Zahid","2026-05-16 13:41:50",0.94864,2,abdelouahedzahid
1474,15833179,Mikey0075,"2026-05-15 16:09:34",0.94863,1,mikey0075
1475,16110187,Mahendra,"2026-05-29 20:47:11",0.94863,1,mm910747712ghn
1476,15858152,"weber wang","2026-05-09 14:57:39",0.94862,4,t8101349
1477,15894205,"y gyttt","2026-05-27 04:08:46",0.94861,6,ygyttt
1478,15977175,"Murad San","2026-05-18 20:04:54",0.94860,3,muradsan
1479,15943679,kangwooin,"2026-05-31 14:30:42",0.94860,10,kangwooin
1480,15846841,Michael888,"2026-05-07 03:10:39",0.94860,10,jake666
1481,15876136,Yuk!,"2026-05-30 09:49:09",0.94860,2,mitsuyukiokamura
1482,16026969,"Lino Vives","2026-05-19 20:03:17",0.94860,1,linovives
1483,16007287,"Felix Murray","2026-05-19 03:44:49",0.94860,5,felixmurray
1484,15850796,AT0641,"2026-05-08 00:50:20",0.94860,5,at0641
1485,15816563,Faraz,"2026-05-31 23:01:58",0.94860,3,syedfarazhussaini
1486,16040090,"Alejandro Morales","2026-05-22 21:07:49",0.94859,1,moralesgomez
1487,15920946,"Natanael Barboza","2026-05-31 03:34:55",0.94859,11,natanaelblima
1488,15809007,"Lv Haoda","2026-05-01 06:54:03",0.94858,1,bluelung
1489,15804126,AbdullahSafwan333,"2026-05-01 02:02:48",0.94858,1,abdullahsafwan333
1490,15950973,"Janani Soundara Rajan","2026-05-15 14:03:36",0.94857,4,jananisoundararajan
1491,16022460,keerthan,"2026-05-29 05:21:54",0.94857,2,keerthan27
1492,16031452,"Mariia Nahorna","2026-05-21 11:12:45",0.94856,7,mariianahorna
1493,16065408,Kirill_Lekomtcev,"2026-05-31 10:28:54",0.94856,18,kirilllekomtcev
1494,16088865,"Fengze Han","2026-05-27 11:20:54",0.94856,1,fengzehan
1495,15936308,"Arif Rudino","2026-05-16 07:53:59",0.94856,17,arifrudino
1496,16097950,"Geyanth Padmakar","2026-05-28 12:01:22",0.94856,1,geyanthpadmakar
1497,16048953,"Alexander Myagky","2026-05-31 20:17:18",0.94855,4,alexandermyagky
1498,15884290,"Anas Riaz","2026-05-24 15:54:06",0.94855,1,anasriaz
1499,15982701,"Hana Nabhan","2026-05-25 09:55:45",0.94854,3,hananabhan
1500,16120529,"LiShin Pan","2026-05-30 20:36:00",0.94852,3,lishinpan
1501,15822935,"Manish Swami","2026-05-02 07:35:01",0.94852,1,manish756
1502,16041568,IEEM_112034058,"2026-05-28 12:46:37",0.94851,15,jdijgkkn
1503,15983040,jiiiiiiiiiiiy,"2026-05-19 02:57:27",0.94851,1,jiiiiiiiiiiiy
1504,15815506,"Prajwal Dixit","2026-05-01 15:01:09",0.94851,6,prajjvval
1505,15888629,"Jui-Yang, Wang","2026-05-08 16:41:48",0.94851,4,leowang0204
1506,15810197,AndNov,"2026-05-06 04:37:25",0.94850,15,andnov
1507,15900160,"Ashwini Sharma","2026-05-09 17:16:08",0.94849,11,ashwinisharma0807
1508,15832996,"Ярослав Третьяк","2026-05-03 13:08:27",0.94849,2,berch123
1509,16053512,Emilyyy,"2026-05-23 08:33:13",0.94849,2,emilyy0809
1510,16060917,"y dszhywa","2026-05-24 17:14:53",0.94849,5,ydszhywa
1511,16100654,"Al Qasim","2026-05-28 17:55:49",0.94848,6,huzxjdjd112
1512,16102523,NeuroCipher,"2026-05-31 07:02:58",0.94848,2,neurocipher
1513,15853292,Başar,"2026-05-25 23:46:31",0.94848,13,"basharertorer,zeynepnazalbayrak"
1514,15938732,"Adir Golbar","2026-05-13 15:55:48",0.94848,2,adirgolbar
1515,15880066,"Aravilli  Atchuta Ram","2026-05-09 06:26:17",0.94848,2,aravilliatchutaram
1516,15885997,SachinRocco,"2026-05-14 16:43:35",0.94848,10,sachinrocco
1517,15872914,"Jatin Arutla","2026-05-13 00:12:53",0.94848,2,delhialli
1518,15907797,"Apex Predators","2026-05-16 09:11:57",0.94847,1,vasugoti07
1519,15905936,"vivek giri","2026-05-19 10:17:07",0.94847,5,vivek7557
1520,16035609,"Briant Paul","2026-05-22 22:57:52",0.94847,1,briantpaul
1521,15951119,"Punith Kumar2407","2026-05-25 13:16:29",0.94847,1,punithkumar2407
1522,16081625,"Nathan Liao","2026-05-26 14:11:08",0.94846,5,naaaaaathan
1523,15819761,"João Felix","2026-05-15 15:51:06",0.94846,23,joaosilvafelix
1524,15918943,"Simon Tang","2026-05-27 06:08:12",0.94846,16,simontang777
1525,16052936,devparmar1676,"2026-05-31 20:00:54",0.94846,16,devparmar1676
1526,15839608,Myrtea,"2026-05-04 17:20:17",0.94845,3,myrteaspv121
1527,15917376,Math_lover,"2026-05-11 12:49:22",0.94845,8,zzzznc
1528,15978279,swatis,"2026-05-27 01:18:46",0.94845,4,swati2691
1529,15847843,"Aleksandr Uspenskiy","2026-05-13 08:25:31",0.94844,2,aleksandruspenskiy
1530,15886619,"Platonov Vladislav","2026-05-07 20:36:38",0.94843,1,vlaxxxd
1531,15816806,"Mayukh Saha","2026-05-01 18:12:57",0.94843,4,subruhmaniam
1532,15819143,"Galkin Valentin","2026-05-02 10:12:58",0.94842,9,valek22
1533,16115851,"Kianoush Haratian","2026-05-30 14:15:53",0.94841,4,kianoushharatian
1534,15831844,"Ashish Ranjan","2026-05-27 21:28:50",0.94841,3,arju7542
1535,15865116,"James  N Robertson","2026-05-13 13:01:44",0.94840,8,jamesnrobertson
1536,15885483,"İbrahim Öztürk","2026-05-07 18:00:40",0.94839,3,brahimztrk15
1537,15873228,"SHREYASH CHAUGULE","2026-05-31 21:45:43",0.94839,1,shreyashchaugule
1538,16030831,Manuel_Buerki,"2026-05-20 10:46:24",0.94838,1,manuelbuerki
1539,15934466,IshizakiShota,"2026-05-12 07:37:05",0.94838,10,ishizakishota
1540,16128326,OIer_Cosmos,"2026-05-31 10:16:02",0.94837,7,oiercosmos
1541,16034272,Jyzzzzzzzzzz1,"2026-05-20 17:55:57",0.94837,1,jyzzzzzzzzzz1
1542,15949326,多保諄紀,"2026-05-13 14:44:21",0.94836,1,tabokin
1543,15824718,"Dad Tav","2026-05-19 10:44:18",0.94836,3,dadtav
1544,15838644,"Tamer Tokgöz","2026-05-04 17:04:01",0.94836,3,tamertokgz
1545,16061929,"MOHAMMED ANSAR","2026-05-24 10:36:53",0.94835,1,"akshith0x,mdansar20"
1546,15916594,mako,"2026-05-10 11:56:06",0.94835,5,makotokomizo
1547,16023898,Youssef,"2026-05-31 22:54:08",0.94835,23,youssefsalemishere
1548,15907621,Satya,"2026-05-31 10:47:14",0.94835,1,satyaprakashshukl
1549,16076618,"Aadil Sayed","2026-05-26 10:24:55",0.94835,7,aadilsayed
1550,15935877,Unknownxu20,"2026-05-13 10:39:28",0.94834,8,mscxuyizhou
1551,16054729,ᴊᴇʀʀʏ,"2026-05-25 09:33:09",0.94834,3,jerry097
1552,15925242,devrajsolankiii,"2026-05-14 18:12:25",0.94834,10,devrajsolankiii
1553,15933196,Chan,"2026-05-13 09:00:09",0.94834,3,seulchan
1554,16024611,"Farel Arden","2026-05-19 18:54:05",0.94834,3,farelarden
1555,16021939,"Mika Myrseth","2026-05-19 11:09:44",0.94833,1,mikamyrseth
1556,15852598,"Samriddhi Bhowmik","2026-05-04 19:46:16",0.94832,5,sammiee0123
1557,15844721,"Alexandr Atlanov","2026-05-20 06:02:43",0.94832,3,shkeela
1558,15988783,PeterSinka,"2026-05-21 20:08:29",0.94832,2,sinpe13
1559,15874288,"yiti luo","2026-05-25 04:23:39",0.94831,3,yitiluo
1560,15846843,"Sibusiso mahlangu","2026-05-29 13:55:07",0.94831,9,sibusisomahlangu
1561,16080201,"Valentin Bancel","2026-05-29 08:18:44",0.94830,6,valentinbancel
1562,15929220,"Mike D","2026-05-11 17:10:33",0.94829,3,miked173
1563,15913888,"Tuğçe Nur Karadeniz","2026-05-09 22:47:02",0.94829,1,tuenurkaradeniz
1564,16125933,"Migs Rocha","2026-05-31 00:27:51",0.94827,14,migsr22
1565,16061358,RYOTAaaaaa,"2026-05-24 10:23:41",0.94827,7,ryotaaaaaa
1566,16007437,"jinjiang xu","2026-05-24 09:17:38",0.94827,6,jinjiangxu
1567,15824051,harry_pro_data,"2026-05-12 07:25:17",0.94826,1,harryprodata
1568,15935903,Vato_24,"2026-05-12 08:41:11",0.94826,5,vato24
1569,15996794,"Oscar Yáñez Feijóo","2026-05-16 21:07:18",0.94826,2,oscaryezfeijo
1570,16041374,JJN8825,"2026-05-25 14:02:03",0.94826,7,jjn8825
1571,16055882,"Sh Gong","2026-05-31 14:10:57",0.94826,14,shgong
1572,16053392,"Muhammad Nadhif Nashrullah","2026-05-25 23:59:37",0.94825,13,muhammadnadhifn
1573,16094413,"Parth Shewale","2026-05-31 07:13:36",0.94824,7,techparth
1574,16002422,"Aryan Sisodiya ","2026-05-22 16:06:27",0.94823,1,aryansisodiyainf09
1575,15992293,Yearcakes,"2026-05-23 13:05:42",0.94822,9,yearcakes
1576,15810374,Barbagrande007,"2026-05-22 15:12:41",0.94822,6,barbagrande007
1577,15874353,"Chirel Chi","2026-05-07 08:43:28",0.94822,6,chirelchi
1578,16114731,"Dan Nguyen","2026-05-30 00:01:33",0.94822,2,dantngn
1579,15916614,"Sanat Kulkarni","2026-05-27 18:10:01",0.94822,2,sanatkulkarni
1580,15868188,"Roman Gvaramadze","2026-05-11 07:30:34",0.94822,17,madmanre
1581,16047008,Kevarl,"2026-05-23 08:12:01",0.94821,3,kevarl
1582,15818742,"Priyanshu Lohar","2026-05-05 10:28:00",0.94821,4,priyanshulohar
1583,15920156,"Dembe Zouma","2026-05-11 10:41:09",0.94821,4,dembezouma
1584,15941611,md01,"2026-05-20 12:03:10",0.94820,9,mode01
1585,15918662,"deepankur lohiya","2026-05-30 16:57:39",0.94820,4,deepankurlohiya
1586,15816386,pieego,"2026-05-04 19:56:14",0.94819,11,pieego
1587,16062940,Yuqzii,"2026-05-24 14:21:56",0.94819,3,julianberglarsen
1588,15811104,"kritik gianta","2026-05-01 09:43:08",0.94819,2,kritikgianta
1589,15940289,pokabu1104,"2026-05-17 14:00:36",0.94818,18,pokabu1104
1590,16017667,"Ruisheng Xu","2026-05-19 00:15:19",0.94818,3,ruishengxu
1591,15830002,"Bui Minh Thanh","2026-05-09 08:53:10",0.94818,7,buiminhthanh
1592,16129333,LINNNAGAIN,"2026-05-31 08:25:30",0.94818,2,linnnagain
1593,16125733,"Shantanu Chopra","2026-05-31 18:36:55",0.94816,1,shanchp
1594,15828508,"Sayan Mandal","2026-05-02 14:54:54",0.94816,4,sayanhmv
1595,16036774,"Francesco Pilosio","2026-05-31 23:50:35",0.94816,3,cicciopilosio
1596,15860769,"German Kek","2026-05-07 16:56:52",0.94816,3,germankek
1597,16067971,"yzh zh","2026-05-26 02:00:00",0.94816,11,yzhzh710
1598,15967776,"Muhammad Hammad","2026-05-19 11:31:09",0.94815,6,hammad3110
1599,16095740,"Rudra Pratap","2026-05-27 23:56:35",0.94814,1,rudrapr1609
1600,16002144,Jznica,"2026-05-17 18:13:36",0.94814,3,jznica
1601,15928608,"Siddharth Khatod","2026-05-16 11:36:58",0.94813,18,siddharthkhatod
1602,15832789,"Keshav Joshi","2026-05-02 23:37:25",0.94813,1,keshavjoshi22
1603,16049973,"Hiruka Devendra","2026-05-25 16:15:12",0.94812,12,hirukadevendra
1604,15949282,"Yuvanshu Dadhich","2026-05-15 15:57:40",0.94812,6,yuvanshudadhich
1605,15947453,YangZekai06,"2026-05-16 15:49:07",0.94812,1,yangzekai06
1606,15860496,"Abhishek Kubasad","2026-05-31 19:48:14",0.94812,17,"abhishekkubasad,niyasnadaf,satvikpc"
1607,15803835,JeffFosterUK,"2026-05-01 17:54:54",0.94812,4,jefffosteruk
1608,15985228,Detecller,"2026-05-16 06:24:08",0.94811,2,detecller
1609,15828904,"Shovan Ghorai","2026-05-31 03:15:37",0.94811,13,shovanghorai
1610,16081462,何东骏211,"2026-05-26 13:27:06",0.94811,7,hdjjd211
1611,16031740,Joseph,"2026-05-30 19:36:32",0.94809,6,josephbenofficial
1612,15813585,"christopher obuchere","2026-05-24 22:13:17",0.94809,16,owls0711
1613,16019757,kimMinJeongggggg,"2026-05-31 09:08:21",0.94808,3,kimminjeonggggggg
1614,15806827,"Karthikeyan A","2026-05-30 11:15:45",0.94808,12,karthi1048a
1615,15814597,Rick,"2026-05-31 11:03:03",0.94807,3,rickko
1616,16014899,Quinniboi10,"2026-05-22 15:16:35",0.94806,6,quinniboi10
1617,15973125,"Tejas Kharade","2026-05-14 17:01:44",0.94806,5,tejaskharade
1618,15844273,"Pranav Uniyal","2026-05-28 11:47:34",0.94806,40,fall2fire
1619,16035501,"Karina Mendoza Aguado","2026-05-20 20:10:06",0.94806,2,karinamendozaaguado
1620,16050255,"Leonel Azangue","2026-05-31 15:16:36",0.94805,4,leonelazangue
1621,15863469,elephantastic,"2026-05-05 22:24:23",0.94805,3,chris89
1622,15873849,Shivam,"2026-05-20 07:56:26",0.94805,31,sg0007
1623,16114067,Efehan0,"2026-05-29 21:31:18",0.94805,6,efehan0
1624,15999772,"JayDeeKayG KNAI","2026-05-18 05:29:32",0.94803,12,jaydeekayg
1625,16109748,Cold_Chair,"2026-05-29 12:13:47",0.94802,2,coldchair
1626,16051161,"Vadim Burik","2026-05-25 14:52:22",0.94802,4,vadimburik
1627,15812112,SKYER138,"2026-05-11 01:14:45",0.94802,14,skyer138
1628,15850721,"Mohamed Marrouki","2026-05-08 16:13:36",0.94801,6,mohamedmarrouki
1629,15862468,"Konstantinos Katsantouris","2026-05-15 11:11:32",0.94801,10,kostask200
1630,16025128,NicoJG,"2026-05-21 16:02:01",0.94800,2,nicojg
1631,15949033,xianyu3,"2026-05-14 12:50:35",0.94799,5,xianyu3
1632,15882709,"senthil kumaran T","2026-05-08 12:24:25",0.94799,16,senthilkvggbn
1633,16094158,Altheaaaa,"2026-05-29 08:18:37",0.94797,16,altheaaaa
1634,15924663,"Alibi Anarbekuly","2026-05-13 14:29:56",0.94795,5,alibianarbekuly
1635,16061786,mjang545,"2026-05-27 07:22:44",0.94794,1,mjang545
1636,15944305,jojuhyeon,"2026-05-31 14:57:52",0.94794,1,jojuhyeon
1637,15895972,wuzz38,"2026-05-08 10:16:01",0.94794,1,wuzz38
1638,15871252,"Łukasz Wodniakowski","2026-05-08 04:16:10",0.94794,9,lwolwo
1639,15877877,Ogre_maga,"2026-05-09 08:09:56",0.94794,23,prostocheloveklox
1640,15903208,"Brian Nieto","2026-05-30 04:23:36",0.94794,11,briannieto
1641,16118119,"Timofey X","2026-05-31 21:21:45",0.94794,10,cjvth2012
1642,16044712,"Yoav Kovar (Kovar1)","2026-05-28 23:06:43",0.94793,7,yoavkovarkovar1
1643,15895459,"Omar Faruq","2026-05-30 13:20:25",0.94793,10,stellaromar
1644,15936259,"koushik upadhyay","2026-05-12 12:23:15",0.94793,4,koushikupadhyay
1645,15872349,"Anaj Pravin","2026-05-12 15:37:15",0.94793,9,anajpravin
1646,15812204,"Rugved Bane","2026-05-09 08:52:53",0.94793,8,rugvedbane
1647,15869185,wangkaikainksut,"2026-05-06 03:38:21",0.94792,2,wangkaikainksut
1648,16134800,"Alexandru Nuta","2026-05-31 19:30:34",0.94792,2,alexandrunuta
1649,15816401,"Pius Dutta","2026-05-25 07:42:42",0.94792,6,piusdutta
1650,15925899,SaiSathvik,"2026-05-27 07:23:57",0.94792,2,saisathvik6
1651,16036271,divye.mahajan03,"2026-05-20 20:30:31",0.94790,4,divyemahajan03
1652,15899109,"Abhishek Ranjan","2026-05-09 15:53:17",0.94790,8,abhishekrnjn
1653,16011339,"Jyotsna Raghunath","2026-05-31 14:34:44",0.94789,10,jyotsnaraghunath
1654,15871462,"Tracy Porter","2026-05-06 09:26:30",0.94789,1,tracyporter
1655,15954800,"Kartik Bhangale","2026-05-20 07:40:26",0.94789,4,kartikbhangale
1656,16050073,"Camila Grilletti","2026-05-26 14:19:04",0.94789,7,camilagrilletti
1657,15938186,snnipe,"2026-05-19 07:36:05",0.94788,5,snnipe
1658,16007445,600944_ธนวัฒน์,"2026-05-18 05:09:28",0.94787,2,tanawatrun
1659,15909324,"Arjeet Singh","2026-05-27 11:24:33",0.94785,17,pan23r
1660,16016218,HeiFruit,"2026-05-19 12:24:46",0.94785,3,heifruit
1661,15841082,Pyiner,"2026-05-04 09:22:05",0.94785,3,pyiner
1662,15910229,amolwani2,"2026-05-28 19:51:10",0.94785,14,amolwani2
1663,15904790,Hai2311,"2026-05-13 13:43:17",0.94784,5,hai2311
1664,16003474,chaholee,"2026-05-31 20:01:10",0.94784,10,chaholee
1665,15821870,"Rattan Singh","2026-05-12 07:22:08",0.94784,7,rattans
1666,15858723,"Laol Laol","2026-05-08 10:22:08",0.94783,4,laollaol
1667,15828299,IEEM26_112034055,"2026-05-03 02:51:42",0.94783,1,s112034055yihsuan
1668,16086130,"Pavel Ivanov","2026-05-27 14:12:43",0.94782,4,pavel77ivanov
1669,16006214,TanTommy,"2026-05-31 23:57:49",0.94782,5,tantommy
1670,16114550,"Aditto Ahosan Kabbo","2026-05-29 23:03:37",0.94781,7,adittoahosankabbo
1671,15882104,"Ebabekir Şahin","2026-05-18 14:22:37",0.94780,5,ebabekirahin
1672,16108702,"gabriele banchio","2026-05-29 16:08:38",0.94780,4,gabrielebanchio
1673,15814155,mmasato,"2026-05-06 10:42:06",0.94779,2,mizogakimasato
1674,16031383,Keevin16,"2026-05-20 15:47:55",0.94779,1,keevin16
1675,15896618,"Joseph Joseph","2026-05-12 05:36:38",0.94779,16,bytejoseph
1676,15902784,"Pankhil Prajapati","2026-05-09 12:07:12",0.94778,1,pankhilprajapati
1677,15855044,Chiyo,"2026-05-25 06:51:03",0.94777,8,chiyochan
1678,15850335,Theerawit,"2026-05-05 18:00:44",0.94776,11,theerawitplukmontol
1679,15830725,"Eli Haciyev","2026-05-02 18:46:11",0.94775,4,elihaciyev
1680,15923029,"Carlos Tong","2026-05-26 19:47:57",0.94775,5,carlostong
1681,15818307,marco_mars,"2026-05-04 16:38:36",0.94774,6,marcomars
1682,15939655,"Chuah Jong Sik","2026-05-29 17:50:13",0.94773,37,cjosik
1683,15868441,Beast114514,"2026-05-07 06:33:33",0.94773,9,shironek0
1684,15833195,Wheatley1901,"2026-05-04 07:08:14",0.94773,16,wheatley1901
1685,16062871,"Daniel Mineev","2026-05-25 08:28:28",0.94772,12,nilpotent1
1686,15878471,"Shamimul Islam Sunny","2026-05-07 11:00:48",0.94772,6,shamimulislamsunny
1687,15992119,"Lokesh M","2026-05-31 05:14:55",0.94771,1,lokeshpuma
1688,16024721,agentsofearth,"2026-05-20 16:24:35",0.94770,11,agentsofearth
1689,16062140,"Aldrian Firmansyah Putranto","2026-05-24 13:19:38",0.94770,3,aldrianfirmansyahp
1690,15887012,"Lisha Chaudhari","2026-05-31 13:47:56",0.94768,8,lishachaudhari
1691,15839732,adawang___1210,"2026-05-03 17:24:18",0.94768,1,adawang1210
1692,15882475,"Yash Pandey Kag","2026-05-20 06:47:29",0.94768,1,yashpandeykag
1693,16010693,赤いBeri,"2026-05-27 08:23:25",0.94766,5,beri3e
1694,15919198,"Kudzayi Allan Mabuto","2026-05-10 16:51:55",0.94765,3,buto007
1695,15998002,"Sebastian David Mestre Rodriguez","2026-05-17 00:13:21",0.94764,3,sebastianmestreomg
1696,16052795,l00tus,"2026-05-23 02:31:53",0.94764,3,l00tus
1697,15815353,"Clement COUCHEVELLOU","2026-05-02 02:36:03",0.94763,10,clementcouchevellou
1698,15852621,"Karib Kazi Rafid","2026-05-04 20:42:39",0.94763,1,karibkazirafid
1699,16074043,"Joao Felipe Guedes","2026-05-29 01:57:13",0.94762,42,guedesjoaofelipe
1700,16112138,"Swaroop Kolasani","2026-05-30 01:19:27",0.94762,3,swaroopkolasani
1701,16031391,UnderBladee,"2026-05-29 20:25:58",0.94762,3,athillazaidan
1702,15842471,"Nguyen Phuoc Nguyen","2026-05-18 04:14:40",0.94762,1,nguyenphuocnguyen
1703,15996832,"Tarun Pahade","2026-05-16 17:57:05",0.94761,1,tarunpahade
1704,15947266,"Amrit Kumar Gorai","2026-05-15 15:39:57",0.94761,6,amritkumargorai
1705,16068738,kotarokuroda,"2026-05-26 00:38:07",0.94761,3,kotarokuroda
1706,16055379,"Kwak ji eon","2026-05-25 09:34:21",0.94759,2,jiginna
1707,15809868,"Nguyen Duc Manh vy","2026-05-04 05:09:07",0.94757,4,nguyenducmanhvy
1708,15985997,hirarukobayashi,"2026-05-28 15:10:13",0.94756,4,hirarukobayashi
1709,15810461,schwarz,"2026-05-31 00:47:49",0.94756,7,schwarzfulls
1710,16097621,"ANSHUL KHAIRE","2026-05-28 07:20:39",0.94756,2,anshulkhaire
1711,15865509,"Sakshi Thombe","2026-05-06 09:35:19",0.94755,1,sakshithombe
1712,16005094,"Taha Chadli","2026-05-18 08:44:56",0.94755,1,tahachadli
1713,15816717,"Claudio Sturaro","2026-05-03 17:37:49",0.94754,6,sturarods
1714,15819512,"Bertrand Pigeon","2026-05-27 12:44:09",0.94754,11,bertrandpigeon
1715,16087886,RichardMan,"2026-05-31 04:13:10",0.94753,1,richard020
1716,15872247,simony234,"2026-05-16 08:46:11",0.94753,11,simony234
1717,16021734,"Shalma Muji","2026-05-19 10:16:44",0.94752,1,shalmamuji
1718,16024570,"Amey Malpurkar","2026-05-20 09:14:11",0.94751,3,ameymalpurkar
1719,16104220,"Divyam Srivastava","2026-05-28 23:41:31",0.94751,1,lightyagami45
1720,15923214,"Zachary Cosenza","2026-05-13 02:31:32",0.94750,6,zacharycosenza
1721,16110368,"Shuchih Negi","2026-05-30 17:01:16",0.94750,1,shuchihn
1722,15900052,NikMkson,"2026-05-08 20:12:43",0.94750,3,nikmkson
1723,16041670,"Julien Laxenaire","2026-05-31 21:08:42",0.94750,5,julienlaxenaire
1724,15889339,"Hardik Kumar","2026-05-08 19:10:14",0.94749,1,hardikxi11
1725,15863880,"Karansingh Thakor2","2026-05-25 15:36:40",0.94749,1,karansinghthakor2
1726,16053340,"Dharun Suryaa","2026-05-25 21:12:45",0.94748,1,dharun4772
1727,15961220,"Константин Витковский","2026-05-16 14:20:35",0.94748,3,swwwqqt
1728,16008968,"Sharifah Sha'ista","2026-05-18 11:22:33",0.94747,3,sharifahshaista
1729,16006367,"Renan Braga","2026-05-27 12:47:40",0.94747,6,renanbragac
1730,16097646,SuyashJay,"2026-05-31 17:37:21",0.94747,7,suyashjay
1731,15848047,"Yan Bodnya","2026-05-05 09:02:10",0.94747,3,yanbodnya
1732,15998897,shash20124,"2026-05-17 05:01:05",0.94746,1,shash20124
1733,15821125,a3amaT02,"2026-05-29 22:50:24",0.94745,32,a3amat02
1734,16025588,"Vijay Kumar","2026-05-31 10:04:36",0.94745,5,iamvijay7
1735,15840480,"Sahilpreet Singh Vohra","2026-05-30 16:00:25",0.94745,1,sahilpreetsinghvohra
1736,15838282,"Lei Tianle","2026-05-03 12:56:53",0.94744,2,leitianle
1737,16076117,Capeie,"2026-05-26 22:33:39",0.94744,5,krishnaprasadbhat
1738,15816005,"Yuniwo Wilson","2026-05-01 17:55:54",0.94744,2,yuniwowilson
1739,15922018,"Ali A. Mahani","2026-05-11 03:29:37",0.94743,5,aliamahani
1740,16071871,hongyang67,"2026-05-26 06:41:55",0.94743,8,hongyang67
1741,15908339,"Srijan Upadhyay","2026-05-10 14:01:38",0.94742,4,"saadmallebhari,srijan1upadhyay"
1742,16074070,jangswan,"2026-05-30 03:41:58",0.94742,6,jangswan
1743,15850017,wesley,"2026-05-26 12:22:29",0.94742,5,wesleyhuan
1744,15857739,"shalini s","2026-05-05 16:43:30",0.94741,2,shashart
1745,15986258,___K___,"2026-05-16 08:38:45",0.94740,7,kkkkkk88888ert
1746,15950643,"Andrew B","2026-05-28 19:54:05",0.94740,18,andrewtb08
1747,15878154,adon345,"2026-05-29 08:57:35",0.94739,16,"adon345,mohdtabishjamal0"
1748,15936862,baijuyi2333,"2026-05-12 10:25:03",0.94739,2,baijuyi2333
1749,16124892,"Ashish Nair","2026-05-31 11:30:14",0.94739,5,theashishnair
1750,15913275,"Rayk Kretzschmar","2026-05-31 18:54:50",0.94739,3,raykkretzschmar
1751,15830423,Joe,"2026-05-12 20:06:28",0.94739,11,josephnehrenz
1752,15864858,"Kosuke Harada","2026-05-09 18:07:11",0.94738,7,magurodataanalysis
1753,16013010,Wang1749716369,"2026-05-24 12:20:17",0.94738,25,wang1749716369
1754,15843305,"Trần Minh Hiếu","2026-05-04 09:33:18",0.94738,2,tminhhieu
1755,15997904,"Pavni R","2026-05-31 19:28:27",0.94737,1,pavnir
1756,15821486,3as6Bl,"2026-05-02 04:38:04",0.94736,1,segusegu
1757,16021854,"Kevin Kuriakose","2026-05-31 20:34:01",0.94736,5,kevink0805
1758,16088616,Pratss,"2026-05-30 12:08:55",0.94736,3,pratsai
1759,16010096,"Utkarsh Raj","2026-05-18 10:07:04",0.94736,3,utakrshraj11
1760,15880245,"Jeremy A.R Samosir","2026-05-07 03:29:36",0.94735,1,jeremysamosir
1761,16088354,"Shravan Yoagentharan","2026-05-28 16:40:26",0.94734,11,shravanyoagentharan
1762,16071107,iwase,"2026-05-26 06:05:18",0.94734,2,iwaseharuki
1763,15903508,"Iai T","2026-05-10 10:11:14",0.94734,3,toruiai
1764,16088479,"Devmin Senevirathna","2026-05-27 10:08:36",0.94734,2,devminsenevirathna
1765,15888840,"Jefferson David Rodriguez Gonzalez","2026-05-25 17:30:36",0.94732,7,jedaro0422
1766,15929030,"mary aksa2026","2026-05-12 08:19:06",0.94732,4,maryaksa2026
1767,16133699,AdityaSingh0175,"2026-05-31 19:47:45",0.94732,3,adityasingh0175
1768,15975071,Fabiiii23,"2026-05-17 10:51:06",0.94730,14,fabiiii23
1769,16116870,"Zoe Fang124","2026-05-30 08:30:42",0.94729,5,zoefang124
1770,15834334,NhnNguyn,"2026-05-04 02:03:31",0.94729,11,nhnnguydfsdf
1771,16080609,"alfonso j perez","2026-05-29 12:19:50",0.94729,19,alfonsojperez
1772,16028154,"Ivan Padilla","2026-05-28 08:12:20",0.94728,5,beamohh
1773,16059012,"Muhammad Hassan Azad","2026-05-23 21:56:10",0.94727,7,muhammadhassanazad
1774,15859381,"Eroze Barua","2026-05-20 12:31:34",0.94726,2,erozebarua
1775,15808238,"Arash Darakhsh","2026-05-29 21:59:54",0.94725,17,arashdarakhsh
1776,16065486,"Nora Holmes","2026-05-25 03:26:55",0.94725,2,noraholmes
1777,16098769,"Hung Hao Chen","2026-05-30 15:42:08",0.94725,1,hunghaochen
1778,16016911,"Arin Tripathi","2026-05-31 14:55:08",0.94724,1,arintripathi
1779,16119567,WAATAA,"2026-05-30 15:04:05",0.94724,3,waataa
1780,16116158,"Prashanna Subedi","2026-05-30 06:41:54",0.94723,2,prashanna006
1781,16117381,"Syeda Anoosha","2026-05-30 09:10:09",0.94723,3,syedaanoosha
1782,16009071,titans,"2026-05-18 08:26:39",0.94723,1,vanshajrawat
1783,16097707,"Akash Joshi","2026-05-31 03:33:35",0.94723,9,aakashjoshi123
1784,15823657,"Jaren Figueiredo","2026-05-03 20:44:59",0.94722,3,jarenfigueiredo
1785,16135418,"ISHRAT ZAMAN","2026-05-31 18:08:25",0.94722,2,ishratzaman
1786,16055279,mrausch91,"2026-05-23 20:59:23",0.94721,7,mrausch91
1787,15805892,"Matthew Chua","2026-05-03 09:00:15",0.94721,5,snake87
1788,15906390,"kazuaki abe","2026-05-31 15:02:14",0.94721,9,kazuakiabe
1789,15941029,"Ayush Raj #2","2026-05-26 05:55:15",0.94719,4,ayushraj00925
1790,16063028,"Petar Bulovic","2026-05-25 15:19:52",0.94718,11,petarbulovic
1791,15839630,zhuyahui,"2026-05-15 11:15:38",0.94717,3,zhuyahui
1792,15901251,kyoto9,"2026-05-08 20:28:22",0.94716,1,kyoto9
1793,16072303,"Shivam Dubey","2026-05-31 20:21:34",0.94716,22,shivamdubey005
1794,15992521,"kevin Sunnn","2026-05-21 05:41:54",0.94713,9,kevinsunnn
1795,15804078,Shailesh,"2026-05-25 10:50:38",0.94713,3,shailesh5430
1796,15862196,"Vladimir Belonin","2026-05-06 11:49:53",0.94713,8,vladimirbelonin
1797,15836471,"Rishab Duhan","2026-05-16 19:27:01",0.94712,7,rishabduhan
1798,15818750,zima,"2026-05-01 17:40:07",0.94712,1,zimakaka
1799,16008643,"siddarth reddy katika","2026-05-24 12:20:54",0.94711,1,siddarthreddykatika
1800,15980221,LVBU0612,"2026-05-15 10:02:28",0.94710,7,lvbu0612
1801,15831354,"Md Sani28","2026-05-10 17:03:30",0.94710,5,mdsani28
1802,16085216,"liang kai fai  kelvin","2026-05-31 08:33:21",0.94709,14,liangkaifaikelvin
1803,16032682,Atul0110,"2026-05-31 20:41:05",0.94708,10,atul0110
1804,16100770,"Blendi Ajdari","2026-05-31 18:41:02",0.94708,23,blendiajdari
1805,15998277,"Mink Triet","2026-05-17 04:30:00",0.94706,1,minktrit
1806,15816966,ManasviJoshi,"2026-05-01 16:14:17",0.94706,1,man005
1807,16018721,"Jorge Luis Muñoz","2026-05-21 04:49:14",0.94705,1,jorgemunozm
1808,15809239,"Haokun Li7","2026-05-02 12:00:30",0.94705,7,haokunli7
1809,15808358,"Md. Tareq Aziz","2026-05-19 07:21:19",0.94705,4,mdtareqaziz
1810,16132409,TwangyGarlic449,"2026-05-31 21:11:59",0.94705,6,twangygarlic449
1811,15959282,"Jimit Patel","2026-05-14 11:51:56",0.94705,5,jimitpatel07
1812,16088487,"Error 404","2026-05-28 15:22:04",0.94704,2,dheekshikas
1813,15816046,sardinetrawler,"2026-05-31 13:59:35",0.94701,5,sardinetrawler
1814,16112208,"Jaiyash Godani","2026-05-30 03:44:47",0.94700,6,jaiyashgodani
1815,15812909,DannyDog1227,"2026-05-08 12:36:32",0.94700,11,dannydog1227
1816,15898378,"The Shammi","2026-05-08 13:44:02",0.94700,1,theshammi
1817,16110447,数学なう,"2026-05-30 08:46:17",0.94700,1,proteand
1818,15879893,BrentL,"2026-05-29 04:16:02",0.94699,42,brentl
1819,15819453,"Khushi Gupta","2026-05-03 07:49:45",0.94699,3,khushigupta456
1820,15840835,"Swathy Ramakrishnan","2026-05-03 19:43:33",0.94699,1,swas06
1821,15991769,"Ujjwal Kumar","2026-05-26 19:33:43",0.94699,4,ujjwalkumar26rke
1822,15874905,Rocedg,"2026-05-31 21:32:46",0.94697,2,rocedg
1823,15844120,wkdal1433,"2026-05-13 01:56:08",0.94697,35,wkdal1433
1824,16068673,RequieMa,"2026-05-30 10:18:19",0.94697,12,u1604521
1825,15931138,KevinWangStats,"2026-05-31 10:18:14",0.94696,28,kevinwangstats
1826,16108746,"Antonio Venturini","2026-05-29 14:22:43",0.94695,8,antonioventurini
1827,15924303,멜론,"2026-05-31 10:08:38",0.94693,4,"melon0325,mminkk"
1828,16113089,"Aaradhya Nikam","2026-05-30 16:28:20",0.94692,7,aaradhyanikam
1829,15984107,"Wojciech Bos","2026-05-15 12:11:18",0.94692,1,wojciechbos
1830,16054735,himmelmin,"2026-05-23 08:39:36",0.94692,3,himmelmin
1831,15816208,masahiro,"2026-05-06 23:16:49",0.94692,2,masakane
1832,16003143,Bharat_Choudhary_0069,"2026-05-19 11:37:09",0.94691,6,bharatchoudhary0069
1833,15937506,"saad Mohamed","2026-05-13 17:46:24",0.94691,1,saadmohamed99
1834,16055786,BloodCode,"2026-05-26 01:59:11",0.94690,8,mdhabibullamisba
1835,15818624,"Brandon Arbour","2026-05-01 18:51:18",0.94690,8,brandonarbour
1836,15995206,"Stan Szulc","2026-05-29 08:44:15",0.94690,6,stanszulc
1837,15929066,om_i_code10,"2026-05-21 09:26:09",0.94690,22,omng2315
1838,15835108,"Hamza Nazim Siddiqui","2026-05-26 10:34:07",0.94690,22,"dakshmenaria,dtdoww"
1839,15937549,"Luisa Fernanda Angel Henao","2026-05-28 02:26:07",0.94689,9,luferangel
1840,16054287,KCaesar0,"2026-05-26 12:05:35",0.94689,7,kcaesar0
1841,16007189,NTHU_111000226,"2026-05-31 19:38:38",0.94689,7,nthu111000226
1842,16041280,"Dinara Go","2026-05-27 10:20:43",0.94689,22,dinarago
1843,15993224,Artalmaz31,"2026-05-16 13:48:49",0.94688,2,artalmaz31
1844,15812717,"Bilal Shabbir1","2026-05-23 07:16:05",0.94688,25,bilalshabbir1
1845,16030495,"Bryan Pamungkas Prahara","2026-05-30 05:48:43",0.94687,6,brynpamungkas
1846,16084342,"ismail alshofi","2026-05-28 06:59:15",0.94685,2,ismailalshofi
1847,16041497,"himanshu chandela","2026-05-22 07:58:55",0.94684,6,himanshuchandela
1848,15931433,"Furkan Gazi Dinler","2026-05-12 15:24:39",0.94683,6,furkangazidinler
1849,16001973,Pushkraj,"2026-05-17 13:37:06",0.94682,3,tonystark426490
1850,15847641,MathisLAURENT,"2026-05-05 09:35:48",0.94680,2,mathislaurent
1851,16031571,Ecl!p53,"2026-05-28 10:43:28",0.94680,10,ayushbairwa
1852,15846573,GHOST_575,"2026-05-21 19:15:51",0.94680,2,ghost575
1853,16012689,"samuel aaron","2026-05-18 13:30:26",0.94680,1,samuelaaron
1854,15938077,ym-kang,"2026-05-12 12:15:57",0.94679,1,ymkang
1855,15861987,switchblxde,"2026-05-05 14:06:08",0.94679,2,npsleepmember
1856,16111634,IEEM26_111030027,"2026-05-31 02:51:01",0.94679,12,chengssuyu
1857,15830605,"Jay Prakash","2026-05-25 11:49:35",0.94678,9,godofoutcasts
1858,15905894,"Salik Hussaini","2026-05-25 20:18:10",0.94677,25,salikhussaini49
1859,15972690,casati8,"2026-05-30 12:24:14",0.94676,28,casati8
1860,16118442,"Abdel-Rahman Ehab","2026-05-30 20:03:16",0.94675,1,abdelrahmaneng
1861,16043272,ito_koneko,"2026-05-31 08:30:26",0.94673,1,itokoneko
1862,16043600,"Nivesh Dhirwal","2026-05-27 08:20:11",0.94673,3,niveshkumardhirwal
1863,15981573,"Rob Hz","2026-05-15 07:28:32",0.94673,1,bobbyrus
1864,15919122,"Arudra Vihar Bommana","2026-05-25 12:14:10",0.94672,5,arudraviharbommana
1865,15868686,"nosherwan babar","2026-05-07 02:37:26",0.94672,6,nosherwanbabar
1866,15831930,"Khanh Huynh","2026-05-03 16:34:39",0.94672,1,dizzykhanh
1867,16063941,Prakash,"2026-05-31 20:06:57",0.94671,8,mlkash
1868,15902351,taedubb,"2026-05-10 00:14:15",0.94670,4,taedubb
1869,16051981,"Alexis Pospelov","2026-05-24 00:24:59",0.94670,11,alexispospelov
1870,15975163,Jaiswalarjit7,"2026-05-15 04:42:45",0.94670,1,jaiswalarjit7
1871,15922241,AbhishekNandy,"2026-05-31 20:36:36",0.94670,2,abhicloudstalk
1872,15980978,mithramadhu03,"2026-05-15 07:42:58",0.94669,1,mithramadhu03
1873,16042539,Shirin21st,"2026-05-26 05:53:00",0.94669,15,shirin21st
1874,15853579,"Daniel Arcanjo","2026-05-04 22:56:42",0.94669,1,noisebop
1875,15997661,AmrMohamedEid0,"2026-05-17 21:08:29",0.94667,2,amrmohamedeid0
1876,15917605,"Niklas P-Fox","2026-05-13 10:13:25",0.94666,27,niklasfox23
1877,15809459,Fe7777,"2026-05-02 14:03:50",0.94665,3,fe7777
1878,15918934,"kinder chocolate6","2026-05-11 02:36:57",0.94665,9,kinderchocolate6
1879,16111618,"Michael H.","2026-05-31 23:44:37",0.94665,5,mbhznc
1880,15935692,Shiva22btcse0007,"2026-05-14 06:05:46",0.94665,3,shiva22btcse0007
1881,15975347,Chrispathway,"2026-05-14 18:53:51",0.94664,1,chrispathway
1882,16101201,Pacifista,"2026-05-28 14:39:43",0.94662,2,ruma3ruma3
1883,15928905,"Kalp Vora","2026-05-11 14:50:15",0.94662,1,kalpvora
1884,15881053,absmkns,"2026-05-09 06:10:24",0.94661,1,absmkns
1885,16010755,"YAJAT PAWAR","2026-05-25 09:53:48",0.94661,27,yajatpawar
1886,16003031,"ADVAIT CHAVAN","2026-05-18 08:12:15",0.94660,7,advaitchavan
1887,16131548,"Abhishek Tripathi","2026-05-31 16:20:17",0.94659,6,abhtri2009
1888,15877779,HimWim,"2026-05-07 15:01:16",0.94658,2,himwim
1889,16059516,"Jai Vasanth1","2026-05-24 06:10:55",0.94658,10,jaivasanth1
1890,15939404,"Vlad Kapitsa","2026-05-12 19:22:39",0.94657,10,vladkapitsa
1891,15899790,LeoStaz,"2026-05-25 22:43:09",0.94657,1,les1781
1892,15809652,saijo123,"2026-05-01 08:25:06",0.94656,2,saijo123
1893,15975607,"deepak bahuguna","2026-05-14 18:26:53",0.94656,2,batman1997
1894,16002892,Karthikeyan2910,"2026-05-22 17:09:52",0.94655,15,karthikeyan2910
1895,15976134,"João Antônio Astolfi Gonçalves","2026-05-15 18:17:01",0.94655,7,jooantnioastolfi
1896,15806203,SkyFPS,"2026-05-28 15:10:39",0.94655,36,shivamgravity
1897,15805931,"Lalit sonawane","2026-05-08 12:30:50",0.94654,2,lalit7881
1898,16059908,GauravChawla007,"2026-05-24 03:03:34",0.94654,3,gauravchawla007
1899,15994704,"Zachary Harpaz","2026-05-16 13:46:36",0.94653,1,zacharyharpaz
1900,16079857,CommonGardeniaM,"2026-05-30 02:55:52",0.94651,6,commongardeniam
1901,15838187,"Thanh Toan","2026-05-18 08:20:46",0.94651,3,tonnglthnh
1902,15989153,Kodai,"2026-05-21 01:09:47",0.94651,3,oootitiu
1903,15952346,"yousef Elshahat","2026-05-14 03:37:58",0.94648,2,yousefelshahat2
1904,15966383,"Harmeet Kaur","2026-05-19 11:01:21",0.94648,13,harmeetkaur24
1905,16124854,SatyamSrivastava00,"2026-05-31 10:29:53",0.94648,1,satyamsrivastava00
1906,15931745,"Jorge Laing","2026-05-23 10:45:17",0.94647,5,laingg
1907,16003663,CJK,"2026-05-22 09:50:15",0.94647,12,cjkang
1908,15810456,"Civic Type R","2026-05-31 17:55:21",0.94647,3,"sakthisanthosh010303,sugan0tech,thunder7"
1909,16025027,"Arif Miah","2026-05-20 16:42:46",0.94647,2,miadul
1910,16099138,YL1233,"2026-05-28 13:09:14",0.94646,2,yl1233
1911,15812591,Matts6591,"2026-05-11 04:50:48",0.94644,5,mathwithmatt
1912,16000269,"wqe wang","2026-05-22 04:50:40",0.94644,2,"kimiyuh,wqewang"
1913,15809876,Alberto,"2026-05-09 07:08:47",0.94644,2,albone
1914,15862322,jiayangchua97,"2026-05-06 03:10:14",0.94643,2,jiayangchua97
1915,15853768,"Josh Duffy","2026-05-05 04:44:38",0.94641,1,joshduffy
1916,16027259,"Luis Velez","2026-05-21 17:59:46",0.94640,3,luisvelco
1917,15821075,"Csaba Kecskemeti","2026-05-25 01:32:41",0.94640,8,csabakecskemeti
1918,15959577,"Gautam Gottipati","2026-05-19 05:10:34",0.94639,5,gautamgottipati
1919,15915094,"Iswar Patra","2026-05-31 16:27:14",0.94639,12,iswarpatra
1920,16089663,"xinni goh","2026-05-28 09:22:05",0.94637,4,xinnigoh00
1921,15972190,dameeniks,"2026-05-15 00:52:35",0.94637,2,nicolofabila
1922,15858966,"Adit Sharma","2026-05-05 10:20:48",0.94637,2,adit5689
1923,16036499,Ameyyy,"2026-05-20 23:30:36",0.94636,1,ameyvichave01
1924,15839091,"Yusuf Ömer Erem","2026-05-03 18:02:13",0.94636,2,yusuferem
1925,15876952,"Kartik Enumula","2026-05-07 13:54:05",0.94636,2,kartikenumula
1926,15807116,shion,"2026-05-05 08:42:30",0.94635,10,shion55
1927,15955644,ethereal102410,"2026-05-14 05:11:16",0.94634,3,ethereal102410
1928,15860119,"Vladislav R","2026-05-06 09:56:45",0.94634,2,vladislavrz
1929,15867389,KirikITi,"2026-05-18 09:41:03",0.94634,3,kirikiti
1930,15860342,Lokesh,"2026-05-06 08:05:17",0.94633,5,lokeshvns
1931,15842304,"Nicollette Espinosa2","2026-05-04 20:48:43",0.94633,3,nicolletteespinosa2
1932,15906569,"aarav shah500","2026-05-15 06:48:22",0.94632,4,aaravshah500
1933,15918585,Hesitate_P,"2026-05-10 14:32:15",0.94631,10,hesitatep
1934,15916237,wjy6666,"2026-05-10 08:10:23",0.94631,1,wjy6666
1935,15893058,zhizong,"2026-05-08 05:17:23",0.94630,2,zhizong
1936,15824174,"Mrunalini Pachpute","2026-05-06 18:19:54",0.94630,5,mrunalinipachpute
1937,15810107,"Corentin Jay","2026-05-25 14:24:31",0.94628,10,corentinjay
1938,15997865,So_Good_Person,"2026-05-19 05:22:39",0.94627,9,deep262003
1939,15968081,캐글리언,"2026-05-22 15:14:54",0.94626,2,kaglerian
1940,15926775,Semen,"2026-05-12 10:31:49",0.94625,4,fiktus
1941,16057220,"ANURAG ANAND","2026-05-24 19:06:49",0.94625,4,grizzly25564
1942,15807471,"Kuber Chaurasiya","2026-05-01 11:04:03",0.94624,3,kuberiitb
1943,15888161,"Debraj Dey","2026-05-31 20:28:11",0.94623,9,debrajdey01
1944,15894851,임혜워느,"2026-05-10 11:00:03",0.94623,1,hyewon1478
1945,15878285,"Ashish Kuru","2026-05-07 05:37:20",0.94622,1,ashishkuru
1946,16129137,"Mahesh Munnuru","2026-05-31 07:17:22",0.94620,1,maheshmunnuru
1947,15919073,"Hafiz Muneeb Ahmad","2026-05-24 11:14:28",0.94619,6,hafizmuneebahmad
1948,16010083,KEVIN.P,"2026-05-28 16:42:56",0.94619,5,jcheolpark
1949,16125215,tcoyne,"2026-05-31 19:24:47",0.94616,6,tcoyne1729
1950,15868356,"SK N@J","2026-05-13 00:06:57",0.94612,10,shaikhnajiba
1951,16109994,Anshurkl05,"2026-05-31 05:55:21",0.94612,9,anshurkl05
1952,15955451,"Daniel Bandy","2026-05-27 03:34:15",0.94611,35,goddangitboby
1953,15941137,dfnhrig,"2026-05-26 12:53:17",0.94610,16,dfnhrig
1954,15889007,McLaren,"2026-05-29 12:57:12",0.94610,12,"danielatatiana,sergiocastiblanco,silviaalejandras"
1955,16070130,혜원이에요,"2026-05-25 08:14:39",0.94609,2,hwjwluv
1956,15938210,"Swastik Mohanty","2026-05-12 12:50:41",0.94609,1,swastikmohanty
1957,15889889,"Krish Sharma","2026-05-11 20:57:31",0.94608,5,krishsharma4321
1958,15809191,"Arun Kumar Oraon","2026-05-10 14:52:23",0.94607,5,arunkumaroraon
1959,15971384,wusuisui,"2026-05-17 12:45:15",0.94607,3,wusuisui06
1960,15817759,SAM50_50,"2026-05-14 14:51:37",0.94605,3,sam5050
1961,16098414,"Navnita Krishnan","2026-05-31 12:37:41",0.94604,23,navnitakrishnan
1962,16063805,"Hessa Khalfan","2026-05-25 19:01:12",0.94604,7,hessakhalfan
1963,15803777,"Mr Li","2026-05-02 03:49:23",0.94603,1,mrli55
1964,15806561,"Onur Koç","2026-05-13 20:56:43",0.94603,5,onurkoc92
1965,15825611,SavaCan,"2026-05-28 05:23:58",0.94601,27,yuheihirose
1966,15811698,Jackofall718,"2026-05-01 12:22:36",0.94601,2,jackofall718
1967,15970634,"Kaviya Asai","2026-05-19 12:44:45",0.94601,4,kaviyaasai
1968,15821857,psychoTKC,"2026-05-09 04:16:28",0.94601,1,psychotkc
1969,15894917,"Sushant Yerkade","2026-05-08 09:53:16",0.94600,2,sushantyerkade
1970,16077548,yuu0252,"2026-05-31 01:13:18",0.94599,9,yuu0252
1971,15950935,GowthamanM,"2026-05-13 19:18:31",0.94599,2,gowthaman23
1972,15838951,Koteyka,"2026-05-04 01:36:43",0.94598,4,danilborisenko
1973,15887753,somagni,"2026-05-30 02:17:04",0.94596,1,somagni
1974,15804840,y.hasebe,"2026-05-29 08:44:48",0.94594,18,yhasebe
1975,16100285,mahirchops,"2026-05-30 14:35:13",0.94594,7,"mahiralit,niyathipramod"
1976,16096723,Chin,"2026-05-28 09:47:07",0.94592,2,qinyukun
1977,15903230,"Kutsi Tusuz","2026-05-23 03:07:27",0.94591,6,kutsitusuz
1978,16056839,"Sai Nihar Kunala","2026-05-25 17:03:06",0.94591,1,sainihar1024
1979,16099720,"Steve Chepaykin","2026-05-29 18:53:20",0.94591,3,stevechepaykin
1980,15860614,"Laureano Arcanio","2026-05-05 14:30:02",0.94590,1,laureanoarcanio
1981,16090902,Miredili,"2026-05-27 09:29:33",0.94590,1,miredili
1982,15869154,"Mathe Matics2","2026-05-30 02:58:50",0.94590,9,mathematics2
1983,15807678,Neuroick,"2026-05-02 13:42:02",0.94589,1,kagick
1984,15902350,Mad,"2026-05-25 04:08:19",0.94587,4,madhuri313
1985,15887539,"Albert Asatryan","2026-05-09 15:29:00",0.94587,4,albertasatryan
1986,15838460,"Phan Thái Thành","2026-05-03 16:39:41",0.94585,2,phanthithnh
1987,15812017,"Ahmet Türkmen","2026-05-11 23:15:30",0.94584,2,bit104
1988,15810288,Ankit19473,"2026-05-03 11:36:23",0.94584,2,greenarrow2345
1989,16135736,dlasruddk,"2026-05-31 20:20:16",0.94584,10,dlasruddk
1990,16109024,D1426100石易,"2026-05-29 10:11:48",0.94583,1,d1426100
1991,16048476,"Shlok Doshi","2026-05-23 10:38:38",0.94583,3,asfdsfafdsadsf
1992,16096800,"JiaQiang Ran","2026-05-29 03:14:51",0.94580,8,jiaqiangran
1993,16022753,chenyiran222,"2026-05-21 01:29:39",0.94580,1,chenyiran222
1994,15875378,Isha,"2026-05-14 19:41:56",0.94580,2,aarohi20
1995,15826745,PasMarino13,"2026-05-16 14:09:45",0.94580,4,pasmarino13
1996,15914835,"Abdullah Kazimov","2026-05-10 05:53:08",0.94579,4,abdullahkazimov8
1997,15930170,"Angel igl","2026-05-12 17:32:17",0.94579,3,angeligl
1998,16134008,"Kushami Neko","2026-05-31 16:52:21",0.94578,2,kushamineko
1999,16020052,"Rayhan Fairuz Aqram","2026-05-19 10:06:47",0.94577,3,rayhanfairuz
2000,15919981,daniel,"2026-05-11 01:47:36",0.94577,7,loyuheng
2001,15999168,"Xiaochuan Ding","2026-05-30 08:21:02",0.94577,1,xiaochuanding
2002,15812707,"Rohan Sardar","2026-05-08 15:22:38",0.94576,2,rohansardar
2003,16099891,"Pranav Jain","2026-05-28 16:51:15",0.94576,1,pranavj02050802
2004,16031911,Yunioshi,"2026-05-20 12:15:23",0.94575,2,yunioshi
2005,15925671,Ardiardi29,"2026-05-22 15:58:07",0.94574,1,ardiardi29
2006,15878559,AniketSrivastava14,"2026-05-11 05:24:10",0.94572,3,aniketsrivastava14
2007,15882855,"CJ ROCKBALL","2026-05-31 05:02:49",0.94572,1,cjrockball
2008,16114015,"Santo Paul","2026-05-29 21:17:30",0.94571,4,santopaul
2009,16072599,"Ayman _Khan","2026-05-25 16:16:03",0.94571,2,aymankhan555
2010,16088405,Rcc142,"2026-05-27 04:13:36",0.94571,2,rcc142
2011,16051160,"Ikeda Teresa-chan Desu~","2026-05-22 19:38:56",0.94571,3,teresazaka46
2012,15847253,Justin,"2026-05-04 19:54:54",0.94570,4,justinseby1998
2013,15901265,Stratmann,"2026-05-09 21:11:06",0.94570,15,stratmann
2014,15942584,GwhE,"2026-05-31 18:07:43",0.94566,36,gwhenap
2015,15863473,mondmann,"2026-05-05 16:24:57",0.94564,1,moondman
2016,16097754,"Duck Alston","2026-05-29 20:28:06",0.94564,4,duckalston
2017,15855156,"Abdul Kadir Syahab","2026-05-12 05:04:50",0.94563,10,abdulkadirsyahab
2018,16075385,ajayvenkat1947,"2026-05-29 08:16:43",0.94562,3,ajayvenkat1947
2019,15942616,V_data,"2026-05-14 23:03:16",0.94562,3,waraira
2020,15885883,"Philemon Chan","2026-05-09 03:52:47",0.94562,2,uduntu
2021,15993679,"Rishi Jain","2026-05-22 07:55:58",0.94561,8,rishijain07
2022,15940600,"Артём Шалатонов","2026-05-12 16:53:37",0.94561,2,tyomaagg
2023,16075544,Mihai_I,"2026-05-25 19:00:40",0.94559,2,bigorange18
2024,15950563,"RADOT WAHANDA PUTRA TAMBUNAN 411222006","2026-05-13 17:24:40",0.94556,1,radotwahanda
2025,15997288,s100083473,"2026-05-17 11:12:07",0.94555,2,s100083473
2026,16124804,HorseSheepGoGo,"2026-05-30 18:18:11",0.94555,2,horsesheepgogo
2027,16032417,"Aryan Arya01","2026-05-20 13:06:38",0.94555,3,aryanarya01
2028,16008248,Leviathan47,"2026-05-22 19:08:24",0.94553,9,leviathan47
2029,15874642,"Avik Das","2026-05-12 12:29:23",0.94553,2,avikdas567
2030,15840961,Akıner,"2026-05-29 20:44:49",0.94553,2,akiner
2031,15972177,"Robit Al Hazmi","2026-05-15 15:32:15",0.94552,4,robitalhazmi
2032,15810178,"Basak Tamer","2026-05-01 10:33:24",0.94552,1,basaktamer
2033,16003930,"Bhaskar Mulik","2026-05-24 12:58:13",0.94552,1,bhaskarmulik
2034,15971937,"Jeffery Mei","2026-05-14 16:11:57",0.94551,1,callmejeffery
2035,15883708,"Sheryar Tanoli","2026-05-21 06:46:49",0.94551,13,sheryartanoli
2036,15836833,WinSentTY,"2026-05-15 08:58:50",0.94550,9,winsentty
2037,15896174,"Alperen Özdemir","2026-05-28 12:09:46",0.94550,8,alpyoz
2038,15818501,ElijahLewis123,"2026-05-01 19:27:46",0.94549,3,elijahlewis123
2039,15940507,"Doroshenko Dima","2026-05-22 14:27:40",0.94549,2,doroshenkodima
2040,15824616,happytreehugger,"2026-05-16 09:03:12",0.94548,5,naomixia
2041,16079471,Nishant,"2026-05-26 06:02:41",0.94548,1,nishantroy449
2042,15827635,"Batuhan Yolver","2026-05-03 12:14:14",0.94548,3,batuhanyolver
2043,16060792,"T Okano","2026-05-24 20:18:06",0.94547,4,tokano
2044,15931723,jonattanrv,"2026-05-26 02:52:06",0.94547,4,jonattanrv
2045,15942089,"Vasilevykh Pavel","2026-05-28 18:53:19",0.94546,2,vasilevykhpavel
2046,15990504,changtaining,"2026-05-18 02:37:11",0.94544,1,changtaining
2047,16136130,GPA16,"2026-05-31 23:50:09",0.94541,1,ammaarahmadkhan
2048,16032261,Aoba.K,"2026-05-28 10:44:42",0.94541,1,ailover21
2049,16047310,SUGI,"2026-05-25 08:07:44",0.94541,8,sugivision
2050,15847520,"Francesc Oliveras","2026-05-06 11:14:41",0.94541,1,francescoliveras
2051,16111760,Luigiscal07,"2026-05-29 15:28:50",0.94540,4,luigiscal07
2052,16108674,michaelbagnoli99,"2026-05-29 16:19:20",0.94537,4,michaelbagnoli99
2053,16056539,"Emre Zorlu","2026-05-23 14:14:56",0.94537,7,emrezorlu1239
2054,15989395,"Joseph Dominguez","2026-05-16 15:44:26",0.94537,2,josephdominguez1
2055,15899207,"Esteban Dieguez","2026-05-25 19:49:10",0.94535,13,estebandieguez
2056,15874615,"Baha Enes Ören","2026-05-13 18:45:19",0.94535,9,bahaenesren
2057,15970367,BirdBird,"2026-05-25 15:57:52",0.94535,4,jiayuanfoo
2058,16133724,"Josh P.","2026-05-31 16:31:43",0.94534,8,davidjosh
2059,15830491,"Yogendra Singh Shekhawat","2026-05-31 07:19:48",0.94533,1,yogendrabs
2060,15871665,IrpanM,"2026-05-10 23:42:31",0.94530,3,irpanm
2061,15828561,"Tenter Hooks","2026-05-03 18:46:00",0.94530,2,tenterhooks
2062,16085863,"Monish Singhal","2026-05-29 16:56:18",0.94529,1,monish0110
2063,15947413,FlameBoY01,"2026-05-15 13:19:31",0.94527,4,flameboy01
2064,16025229,"Sheetal Lodhi","2026-05-30 03:39:13",0.94527,2,sheetallodhi
2065,15921541,"Lefteris Tsimplekas","2026-05-20 17:49:08",0.94527,6,lefteristsimplekas
2066,15976340,"Animesh Wani","2026-05-31 09:57:49",0.94526,3,wanimesh
2067,15809507,Seeeky,"2026-05-10 11:47:06",0.94525,7,seeeky
2068,15810022,"Hitesh Bharadwaj","2026-05-15 05:47:09",0.94525,3,hitvempi
2069,15908377,"Bismillah Wisjul","2026-05-09 16:22:48",0.94522,3,"hananfitras,kasupiru"
2070,16033412,Codegg,"2026-05-20 14:54:07",0.94522,1,codeegg
2071,15838027,"Yi Zhu","2026-05-05 06:26:20",0.94522,1,iamkellythankyou
2072,15822699,Glitch,"2026-05-02 08:24:15",0.94519,3,devanathravi
2073,15816650,"George Bender","2026-05-21 08:56:14",0.94517,6,georgebender
2074,15841574,"Fares Alawneh","2026-05-03 19:41:32",0.94517,1,farresss
2075,15899056,Jia,"2026-05-08 15:49:38",0.94516,2,yeheyeeuhe
2076,15826110,"Max Verstappen","2026-05-02 11:27:13",0.94516,4,dhruvpaidukle
2077,15854774,MattRP,"2026-05-31 22:48:00",0.94516,6,mattrp
2078,16031806,tt,"2026-05-21 05:49:52",0.94516,4,takagitoshimitsu
2079,16052438,"Penguin Tux","2026-05-26 18:21:32",0.94514,1,amrugg
2080,15888638,"Anuj Saha","2026-05-10 18:29:06",0.94514,6,anujsaha0123456789
2081,16005060,Babel_Xu,"2026-05-27 03:26:40",0.94513,3,babelxu
2082,16088178,"Sharad Jhanwar","2026-05-27 05:44:01",0.94512,2,sharadjhanwar121
2083,16134418,#SFO,"2026-05-31 18:27:32",0.94512,5,hirokiizumi
2084,15948869,"Harsh Sharma","2026-05-30 17:29:57",0.94510,2,harshsharma2704
2085,15840105,"Ram Jas","2026-05-09 16:56:25",0.94506,2,ramjasmaurya
2086,15889652,shadow-sama,"2026-05-07 21:11:28",0.94506,5,dhruvrankoti
2087,16012892,"Mirjam Reino","2026-05-31 14:31:19",0.94504,19,mirjamreino
2088,15893381,"Amogh Kondiparthy","2026-05-13 17:38:44",0.94503,3,amoghkondiparthy
2089,16108675,"Diego Vespa","2026-05-29 16:14:24",0.94503,6,diegovespa
2090,15808693,shinchisaito,"2026-05-22 04:56:53",0.94501,16,shinchisaito
2091,16077804,MUYI,"2026-05-26 05:14:56",0.94500,2,muyiyouyouning
2092,15813667,"Erwin Huizenga","2026-05-30 16:40:41",0.94496,29,erwinh
2093,15872019,Sananda,"2026-05-06 08:59:27",0.94496,5,sananda34
2094,15810630,NatalTiger26,"2026-05-31 20:39:17",0.94495,4,nataltiger26
2095,15867522,光風嵐気,"2026-05-08 07:14:18",0.94494,1,farhankbar
2096,16037432,"Zikai Chen","2026-05-21 03:24:27",0.94494,1,kyrie1102kai
2097,15938185,"Mycroft Kang","2026-05-18 04:57:55",0.94493,1,mycroftkang
2098,15995444,long1973m,"2026-05-31 12:57:02",0.94493,10,long1973m
2099,15831060,"Siri Purighalla","2026-05-03 17:13:18",0.94491,6,siripurighalla
2100,16090467,Fe1ixxxx,"2026-05-29 10:51:09",0.94491,1,fe1ixxxx
2101,16018659,"IVan Da Vodka","2026-05-19 03:14:35",0.94491,3,ivandavodka
2102,16105315,"Haruki Tsunekawa","2026-05-29 02:37:43",0.94490,1,harukitsunekawa
2103,16069410,Sunset,"2026-05-26 10:50:31",0.94486,1,dtd1232
2104,15995402,"Futa Sho","2026-05-17 13:31:18",0.94486,7,futasho
2105,15996444,xcoast,"2026-05-23 18:27:09",0.94485,1,xcoast
2106,15984638,"Luis Modesto","2026-05-15 14:09:51",0.94485,1,luismod63
2107,15907262,"Filamatra Mirindra","2026-05-26 16:16:21",0.94485,7,filamatramirindra
2108,16063043,shivam,"2026-05-30 09:32:42",0.94484,6,eshivam
2109,16045904,"Ivan Silinsky","2026-05-22 20:25:45",0.94484,4,ivansilinsky
2110,15868252,"Ahmad Montaser","2026-05-07 02:32:32",0.94484,5,ahmadmontaser
2111,15997481,"Евгений Горин","2026-05-17 08:31:58",0.94483,4,jojo2698
2112,16096443,mediumGuy,"2026-05-28 15:24:06",0.94483,8,mediumguy
2113,15967160,"Usama Jabar","2026-05-14 09:42:09",0.94482,1,usamajabar
2114,15816363,Pebble,"2026-05-23 14:43:01",0.94482,1,waishingl
2115,15896355,"ARUNAGIRINATHAN K","2026-05-10 04:00:51",0.94481,6,arunsworkspace
2116,15891653,"Alessandro Giovannelli","2026-05-08 12:08:39",0.94480,4,aleprt
2117,15813537,Kota,"2026-05-12 02:24:51",0.94480,3,kotafuchiwaki
2118,16057015,arbuzikkk,"2026-05-23 14:33:30",0.94480,2,arbuzikkk
2119,15897612,"Yogesh Baral","2026-05-10 16:43:25",0.94480,3,yogeshbaral
2120,15827806,"Mete Oğuz","2026-05-26 19:27:17",0.94479,16,meteouz
2121,15890551,"Jose A Rubiales","2026-05-14 13:44:12",0.94478,7,jadrubiales
2122,15810902,marylka,"2026-05-01 20:10:25",0.94476,1,marylka
2123,16021784,"Sai deep 22","2026-05-19 09:04:43",0.94476,1,saideep22
2124,16044683,"mukesh p22","2026-05-21 21:10:13",0.94475,1,mukeshp22
2125,15805003,rabaa28,"2026-05-01 03:45:26",0.94474,3,rabaa28
2126,16136430,puffiGu,"2026-05-31 21:02:38",0.94474,4,gush4a
2127,15875934,"Ankit Jha","2026-05-06 15:14:57",0.94474,1,ankitjha006
2128,15873463,maiHydrogen,"2026-05-23 10:53:19",0.94473,1,maihydrogen
2129,15834884,Soham_Deshpande,"2026-05-11 04:58:50",0.94472,3,sohamdeshpande11
2130,15882420,"Nida Amir","2026-05-13 06:01:24",0.94471,3,nidaamir
2131,15845819,Srishti,"2026-05-31 07:24:22",0.94470,2,srishtigauraha
2132,15847706,"Liu Zichen","2026-05-04 11:30:47",0.94470,1,liuzichen06461
2133,15823011,"Muhammad Hamim Islam","2026-05-13 05:35:31",0.94469,10,odvut1
2134,15818442,victor,"2026-05-20 16:49:28",0.94469,10,vicmcorrea
2135,15950553,"Luo Xuxuan","2026-05-14 05:54:06",0.94468,1,luoxuxuan
2136,16118885,RayNi322,"2026-05-30 17:34:10",0.94467,2,rayni322
2137,15881136,"Christopher Dale","2026-05-14 20:16:59",0.94465,6,christopherdale
2138,16060314,karasu1982,"2026-05-26 13:35:50",0.94463,3,karasu1982
2139,15842593,nururu,"2026-05-28 14:36:46",0.94463,13,nururu
2140,16072720,"Joaquin Fernandez","2026-05-28 14:21:54",0.94462,2,joaquinfdez
2141,15871225,"HARI GOVIND J","2026-05-30 06:01:09",0.94461,1,harigovindj3
2142,15803842,"Gandharv Kulkarni","2026-05-13 02:34:03",0.94457,20,gandharvk422
2143,16008047,"Gunin Midha","2026-05-18 06:19:42",0.94456,1,guninmidha
2144,15890759,Kuriboh,"2026-05-08 09:44:32",0.94452,1,cauchyeix
2145,16053697,JasonRay,"2026-05-23 11:07:33",0.94452,6,jasonray15136
2146,15969983,Jei_dev25,"2026-05-17 15:02:21",0.94448,25,jeidev25
2147,15814406,kageeeeee,"2026-05-09 01:20:24",0.94446,4,kageeeeee
2148,16000102,YongyvChen,"2026-05-27 12:17:41",0.94445,23,yongyvchen
2149,15895726,galb,"2026-05-08 15:08:26",0.94445,1,galbre
2150,16005354,"Sahrul Adicandra","2026-05-29 16:27:16",0.94445,2,sahruladicandra
2151,16091856,"_o ItzMarco","2026-05-29 16:40:30",0.94441,5,oitzmarco
2152,15819638,x5or6,"2026-05-30 17:24:52",0.94441,7,wuzimu
2153,15827397,COLIONY,"2026-05-02 14:17:21",0.94441,1,coliony
2154,15861676,"Mohamed Akram","2026-05-05 14:32:01",0.94437,2,mohamedakramzidan
2155,15997039,"Roman Santalov","2026-05-18 18:25:42",0.94437,2,romasanta
2156,16115382,"Ayush Mukherjee","2026-05-30 01:31:20",0.94434,2,mukherjeeayush
2157,16068949,"Quang Học","2026-05-26 15:16:23",0.94433,3,quanghoc
2158,15819068,"Alan Joy538","2026-05-01 19:43:42",0.94432,7,"alanjoy538,raghvv"
2159,15840243,"Pavan Sai.D","2026-05-10 17:08:46",0.94432,2,pavansaid
2160,15943567,asdfdasg,"2026-05-29 04:54:16",0.94428,4,asdfdasg
2161,15948479,"Misaki Ikema","2026-05-31 17:04:09",0.94428,5,misakiikema
2162,15973421,"Miguel Guimarães","2026-05-30 09:46:32",0.94428,15,miguelaguimares
2163,16112963,"Akshay J Kulkarni","2026-05-30 16:21:55",0.94426,4,akshayjkulkarni
2164,15820110,"Анатолий Шадрин","2026-05-03 20:44:31",0.94423,3,onotoleshhh
2165,15894698,PhalacrocoraxCarbo,"2026-05-08 10:51:51",0.94421,4,phalacrocoraxcarbo
2166,15874361,MEIYBO,"2026-05-27 07:47:30",0.94419,3,meiybo
2167,16030280,Jerome-IMS,"2026-05-20 08:27:50",0.94415,2,jeromeims
2168,15921556,"Zachary Ginsburg","2026-05-10 19:54:37",0.94414,2,zacharyginsburg
2169,15936199,CharlesPoon,"2026-05-12 08:58:38",0.94414,1,charlespoon
2170,15995317,"jjdd allen","2026-05-29 15:11:17",0.94412,7,jjddallen
2171,15988032,dineshprit,"2026-05-15 20:24:04",0.94412,3,dineshprit
2172,15817631,rail2478,"2026-05-31 19:08:51",0.94410,5,rail2478
2173,15865793,"Udit Ghai","2026-05-05 20:10:01",0.94410,7,uditghai
2174,16085808,helloromiro,"2026-05-26 18:53:48",0.94409,4,helloromiro
2175,16016498,"Hugo Queniat","2026-05-20 10:30:56",0.94408,6,hugoqueniat
2176,15808093,ats23,"2026-05-06 03:31:36",0.94407,2,ainsley20
2177,15909761,"Sarp Ünsal","2026-05-20 18:29:37",0.94407,4,sarpunsalytu
2178,15830846,Jemin,"2026-05-16 13:28:09",0.94406,5,jeminm
2179,15942591,"Pranay Aggarwal","2026-05-18 15:03:14",0.94402,1,pranay0226
2180,15945284,"Naimul Hasan Shadesh","2026-05-13 06:35:30",0.94401,1,shadesh
2181,16058848,amanda4957,"2026-05-27 23:55:49",0.94400,3,amanda4957
2182,16050978,"Kirill Gubkin","2026-05-24 11:17:52",0.94399,3,kirillgubkin
2183,16096552,GoingWheat,"2026-05-28 02:41:35",0.94397,1,goingwheat
2184,16040452,"Vedant Kadam","2026-05-23 11:19:15",0.94397,5,killua88
2185,16074321,Shirin2105,"2026-05-25 16:04:08",0.94397,2,shirin2105
2186,15904521,"mason CHo","2026-05-11 10:26:00",0.94393,2,helioux
2187,15844332,Ramadhanigb19,"2026-05-11 09:20:41",0.94393,1,ramadhanigb19
2188,16063551,jkj7042,"2026-05-30 13:05:33",0.94392,7,jkj7042
2189,15928121,"Johan Setiawan","2026-05-11 13:13:55",0.94390,2,johansetiawan17
2190,16003045,yimjune,"2026-05-31 08:18:26",0.94390,4,yimjune
2191,16002189,chlguddn,"2026-05-31 12:19:00",0.94390,4,chlguddn
2192,15874946,Vlad,"2026-05-18 11:05:57",0.94388,1,vladstud716373618
2193,15996784,ARTHYAL,"2026-05-28 14:40:10",0.94388,5,"arthyal,suyashpatil09"
2194,15926080,"Maroof Abdullah","2026-05-11 13:06:12",0.94388,1,maroofabdullah
2195,15895318,"David Guillamet","2026-05-08 08:52:18",0.94385,1,davidguillamet
2196,16096768,Abhijit,"2026-05-28 05:17:07",0.94384,1,chyungmyung
2197,16033085,joaenxie,"2026-05-31 14:37:26",0.94384,1,joaenxie
2198,16002784,"Esther Chai","2026-05-31 09:15:17",0.94383,3,"deronfooyijia,estherchai,meiqiii3"
2199,16053314,iichiko,"2026-05-23 04:46:30",0.94383,1,iichiko0908
2200,15936209,"Varun Vardhan","2026-05-12 08:02:22",0.94383,1,varunvardhana
2201,15929787,"Zhordan Ravi Paleva","2026-05-11 17:26:54",0.94382,2,zhordanravipaleva
2202,16052719,"Jeremy H","2026-05-23 01:15:00",0.94381,1,jeremyhaakenson
2203,16069935,DragonFly314,"2026-05-25 14:39:58",0.94381,1,dragonfly314
2204,16052082,"Josh Moore","2026-05-28 22:40:34",0.94381,6,joshmoore0
2205,15812893,Koikoiiinami,"2026-05-24 05:39:17",0.94381,3,koikoiiinami
2206,15985791,"RISHAB KUMAR","2026-05-17 07:12:33",0.94380,2,rishabkumar27
2207,16070210,ToSa29,"2026-05-25 09:05:16",0.94380,1,tosa29
2208,15852393,"Nkosana Chirokoto","2026-05-18 05:48:20",0.94380,11,nkosanachirokoto
2209,15804990,calico,"2026-05-03 14:50:09",0.94375,4,nna777
2210,15809905,kansyo,"2026-05-06 09:32:21",0.94375,2,kansyo
2211,16026318,"Parth Goel","2026-05-22 11:53:57",0.94375,10,parthg2007
2212,15881715,"Logan Wright","2026-05-18 00:12:03",0.94373,7,loganwright92
2213,15806129,"Aum Patel 131","2026-05-03 06:20:15",0.94371,1,aumpatel131
2214,16014236,jiangyifu017027,"2026-05-19 06:56:07",0.94370,3,jiangyifu017027ustc
2215,16053272,"Goated Prerit","2026-05-23 03:42:43",0.94366,2,goatedprerit
2216,15893449,Macoo68,"2026-05-22 06:17:19",0.94366,2,macoo68
2217,15827167,"Vinicius Serra Vianna","2026-05-13 16:51:32",0.94363,6,viniciusserravianna
2218,15815826,sparsh712,"2026-05-05 21:04:02",0.94363,1,sparsh712
2219,15815696,"Arun Surendranath","2026-05-04 03:30:19",0.94362,1,nat011
2220,16002595,W_coder_hu,"2026-05-20 08:26:36",0.94362,1,wcoderhu
2221,15865450,"Mr. TD","2026-05-06 17:01:04",0.94361,2,dharmiktrivedi
2222,15916579,eshika,"2026-05-10 12:33:28",0.94361,3,eshika233886208vcet
2223,15813230,"Manasi Pandit","2026-05-06 15:57:17",0.94360,2,manasi197
2224,16093357,Shoe_maker,"2026-05-27 14:59:36",0.94359,1,shoemaker70969
2225,15879906,"Felipe Moreira","2026-05-07 23:30:52",0.94359,1,felipe0365
2226,16035721,"Hannes Malcha","2026-05-22 05:25:48",0.94358,4,hannesmalcha
2227,15973963,"Gourav Jaiswal","2026-05-14 16:01:14",0.94357,1,gouravkjaiswal
2228,15820490,Leon,"2026-05-29 16:37:33",0.94357,2,alunji
2229,16074403,"Esra Çetinkaya","2026-05-27 17:53:23",0.94355,9,esragcetinkaya
2230,15820559,"David Kaplan","2026-05-01 22:29:32",0.94354,5,davidkaplan13
2231,15837855,"vaibhav solanke","2026-05-06 20:37:04",0.94354,11,vaibhavsolanke
2232,15945327,Claw,"2026-05-28 21:13:13",0.94351,1,arxclaw
2233,15825862,"Edosuyi Enosakhare","2026-05-03 10:00:21",0.94349,9,edosuyienosakhare
2234,16098910,"Smriti Khanal","2026-05-28 10:40:04",0.94348,2,smritikhanal
2235,15976616,MK_team,"2026-05-15 19:33:53",0.94346,1,marcelktel
2236,16052548,"Christine Ong","2026-05-23 03:32:46",0.94345,4,christineong
2237,16092396,train112,"2026-05-28 14:33:26",0.94343,1,train112
2238,16055694,Singh.Avinash,"2026-05-31 10:59:47",0.94340,25,singhavinash1987
2239,15830680,"Yohann Roux","2026-05-05 00:17:07",0.94340,1,yohannroux
2240,15817455,rabianms2000,"2026-05-31 07:27:49",0.94338,1,rabianms2000
2241,15853319,Monfo_00,"2026-05-24 13:42:27",0.94335,7,monfo00
2242,15906377,"tsh forecast","2026-05-10 22:07:44",0.94334,6,tshforecast
2243,15827328,"Kira Gottschalk","2026-05-08 11:58:15",0.94334,28,kiragottschalk
2244,15914585,"Zachary Collazo","2026-05-12 22:17:14",0.94332,1,ztcollazo
2245,15937910,Roy_Wang925,"2026-05-12 11:04:54",0.94331,1,roywang925
2246,15875579,"Tabish Siddiqui","2026-05-07 06:26:22",0.94328,1,tabishsiddiqui321
2247,15831072,"Claire de Badts","2026-05-26 19:20:29",0.94325,24,clairedebadts
2248,16101500,Daiki_aa,"2026-05-28 14:28:49",0.94325,1,daikiaa
2249,15947215,YaoJie11,"2026-05-31 11:19:31",0.94323,8,yaojie11
2250,15808296,María,"2026-05-05 19:10:51",0.94319,1,mariaenc
2251,15923942,"Valerius Astoria","2026-05-13 04:28:57",0.94315,6,valeriusastoria
2252,15898561,Ramsunthar,"2026-05-10 13:36:11",0.94314,11,ramsunthar
2253,16119914,strayca7,"2026-05-30 13:44:56",0.94309,1,strayca7
2254,16058409,diegolaio,"2026-05-23 18:37:38",0.94308,1,diegolaio
2255,15880700,XinSwan,"2026-05-07 03:36:43",0.94308,5,"huxinya,wenxiaonan"
2256,15879884,sunset756,"2026-05-31 06:42:23",0.94308,1,sunset756
2257,16000455,Seventh717,"2026-05-26 18:03:33",0.94305,4,seventh717
2258,15941345,YouKnowJP,"2026-05-14 02:04:55",0.94304,2,youknowjp
2259,16063801,Debajit,"2026-05-24 15:59:16",0.94303,2,barondebajit
2260,15995343,lucaasleal,"2026-05-17 22:43:15",0.94302,6,lucaasleal
2261,15866488,"Bohr Dan","2026-05-06 09:59:30",0.94299,6,bohrdan
2262,15921777,SWAM,"2026-05-14 19:45:58",0.94297,5,alexmaude
2263,15937341,"Tara Van Mierlo","2026-05-12 13:47:12",0.94297,2,taravmierlo
2264,16078391,Lasasarah,"2026-05-31 13:10:44",0.94296,9,lasasarah
2265,15984925,"Nnamdi John","2026-05-18 05:42:04",0.94292,3,nnamdijohn
2266,16116844,"Abhinav A","2026-05-30 09:09:43",0.94287,5,mavis04
2267,16023797,RAMIRO_CICERO_01,"2026-05-19 18:54:46",0.94285,4,ramirocicero01
2268,16107576,yooks0303,"2026-05-29 06:50:09",0.94284,2,yooks0303
2269,16058431,"Harshith achar","2026-05-24 09:30:09",0.94280,4,harshithachar1
2270,15841402,Lysapala,"2026-05-26 11:37:47",0.94278,1,lysapala
2271,16060365,"Sanjana Adhikari","2026-05-24 05:06:31",0.94277,2,adhikarisanjana
2272,15906146,Mukund,"2026-05-09 10:12:07",0.94272,4,mukund23
2273,15924282,"Ayush Singh","2026-05-19 13:58:17",0.94271,8,ayushsingh200411
2274,16095870,Max.sm.yc,"2026-05-27 23:09:04",0.94269,1,maxsmyc
2275,15918846,danbural,"2026-05-10 14:15:50",0.94269,4,danbural
2276,15807589,SophieB,"2026-05-13 00:24:59",0.94269,2,sophieb
2277,15872772,IEEM26_111034062,"2026-05-06 15:44:08",0.94268,7,ieem26111034062
2278,15970514,"Côme Labroye","2026-05-14 14:16:53",0.94263,9,cmelabroye
2279,15847218,kasuuuu,"2026-05-11 12:06:52",0.94260,22,kasuuuu
2280,15903164,"Patrikas Gabrielius Modulevas","2026-05-10 10:05:31",0.94259,11,idk2me
2281,16018058,"Bijay Syangtan","2026-05-25 01:46:45",0.94258,4,bijaysyangtan
2282,15827064,coolngr8,"2026-05-03 18:10:01",0.94257,4,coolngr8
2283,15845101,truen,"2026-05-04 07:16:34",0.94255,2,truecode
2284,16119341,"David Turner","2026-05-31 20:07:10",0.94255,7,davidgturner
2285,15811572,architsh007,"2026-05-06 14:09:58",0.94250,3,architsh007
2286,15869981,Psm0511,"2026-05-15 22:38:57",0.94249,1,psm0511
2287,15907754,anakin_sungsoo,"2026-05-16 08:43:36",0.94246,1,anakinsungsoo
2288,15824524,Ameya,"2026-05-02 07:19:20",0.94246,1,ameyasr1308
2289,16093287,"H MD Sahed","2026-05-28 14:32:17",0.94245,2,hmdsahed
2290,16022449,Jeb9487,"2026-05-27 05:21:12",0.94244,2,jeb9487
2291,15886879,"RiccardoB Lavoro","2026-05-15 16:09:16",0.94241,5,riccardoblavoro
2292,15994898,kt,"2026-05-30 08:26:58",0.94239,2,"akshayanvishaal,siddhu2727"
2293,15956252,SkYnet,"2026-05-24 21:01:28",0.94237,4,"upamap1,zombie97"
2294,15972840,"Victor Chege","2026-05-15 05:40:08",0.94237,2,victorchege0
2295,16090452,D1467578吳艾庭,"2026-05-29 14:18:29",0.94236,3,d1467578
2296,15930425,Fusion321,"2026-05-11 18:18:06",0.94233,3,fusion321
2297,16118410,Apollo199999999,"2026-05-30 11:03:02",0.94232,2,apollo199999999
2298,15803861,"Khoi Tuan Nguyen","2026-05-04 13:04:02",0.94231,14,khoingt
2299,15896017,"Tanush Badonia","2026-05-15 19:56:58",0.94230,5,tanushbadonia
2300,16030340,"zhuo wamg","2026-05-20 15:24:10",0.94227,2,zhuowamg
2301,15859960,"Grace Ganyilo","2026-05-28 18:39:41",0.94227,11,graceganyilo
2302,16031563,Ningaloo,"2026-05-30 09:09:42",0.94225,3,ningaloo
2303,15993602,"Shadow Yan","2026-05-19 13:36:44",0.94222,6,shadowyan
2304,15914793,"Muh Amri Sidiq","2026-05-10 03:14:05",0.94221,1,amri11
2305,15864485,"Mohamed Drabo","2026-05-05 18:17:07",0.94217,2,mohameddrabo
2306,15822097,"Coen Howerter","2026-05-03 22:42:48",0.94217,5,coenhowerter
2307,15871718,niniyu,"2026-05-06 08:39:14",0.94216,2,niniyu0123
2308,15806291,"Aditya Majumdar","2026-05-04 06:14:17",0.94214,2,adityano1
2309,16004389,"dohyeon kim","2026-05-28 08:18:48",0.94214,1,dohyeon076
2310,15814102,"Jared Chang","2026-05-02 00:39:37",0.94212,6,jaredchang
2311,15942329,PACESETTER55,"2026-05-12 21:49:09",0.94211,1,pacesetter55
2312,15985023,"SADRA zarei","2026-05-30 13:41:28",0.94210,7,sadrazarei
2313,15972192,"Manu Kashyap","2026-05-16 03:15:14",0.94207,1,manukashyap01
2314,15819043,"Kodai Fukuda","2026-05-09 09:57:59",0.94205,3,kodaifukuda0311
2315,15950796,"abdurhman elgrm","2026-05-13 19:23:06",0.94203,1,abdurhmanelgrm
2316,16136242,"Nurcan Yılmaz","2026-05-31 19:51:56",0.94202,2,nurcanylmaz
2317,15858589,Amirithm,"2026-05-05 13:22:33",0.94201,3,amirdejesusamado
2318,15982025,"Learning By Doing","2026-05-15 14:47:57",0.94200,3,"xslooo,zequanbear"
2319,15877446,"Dilan Sanjaya Perera","2026-05-06 17:24:14",0.94200,1,dilansanjayaperera
2320,16079309,shumpeace,"2026-05-26 05:17:05",0.94200,1,shumpeace
2321,15914243,"Warren Chu","2026-05-10 01:30:00",0.94197,1,worldtraveller678
2322,15943723,"Fatemeh Taherifard","2026-05-22 00:32:24",0.94196,20,fatemehtaherifard
2323,16030688,NK,"2026-05-20 08:38:58",0.94188,1,knonthawat
2324,15812423,"Traiko Dinev","2026-05-01 10:39:33",0.94185,1,include4eto
2325,16059031,"Atharva Naik","2026-05-24 17:07:42",0.94184,1,atharvanaik2024
2326,15806819,"Kaysan Islam","2026-05-15 16:12:43",0.94183,1,kaysanislam
2327,15828198,"Крымов Валерий","2026-05-02 16:49:31",0.94179,1,crumbobly
2328,16058036,"Rutvik Mendpara","2026-05-23 17:34:18",0.94179,3,rutvikmendpara
2329,15856573,"yf D","2026-05-05 04:36:26",0.94178,1,dengvitruviano
2330,15939188,"Enoch Tan Jeng Sen","2026-05-29 11:43:15",0.94178,1,"elliotk03,enochtanjengsen"
2331,15885829,reheartalk,"2026-05-07 12:46:43",0.94178,1,reheartalk
2332,15805990,Tom8710,"2026-05-25 20:42:13",0.94175,36,tomactlog
2333,15892484,Duckknight_7,"2026-05-08 05:20:49",0.94173,1,duckknight7
2334,15817066,"Aleksandrov Andrey Alekseevich","2026-05-01 18:11:07",0.94173,1,abbeleve
2335,15872440,"Jinil Prajapati_11","2026-05-11 05:04:41",0.94171,1,jinilprajapati11
2336,15804576,shimodas,"2026-05-25 14:17:43",0.94170,3,shimodas
2337,16018434,AliceQoQ,"2026-05-19 08:15:24",0.94168,1,minsungkimhits
2338,15881528,"Harshavardhana Naganagoudar","2026-05-08 09:08:40",0.94167,1,nharshavardhana
2339,16001113,"fumiya utsuno","2026-05-18 03:02:08",0.94166,2,fumiya326
2340,15811910,Subhendu,"2026-05-10 06:06:16",0.94165,5,subhendu
2341,15853047,"Soumya Thakur","2026-05-06 17:26:11",0.94165,2,sovmya
2342,16023768,"Quentin Raynaud","2026-05-20 18:18:19",0.94165,8,quentinraynaud
2343,15846282,"RYUYA KAWASAKI","2026-05-04 09:00:42",0.94161,3,ryuyakawasaki
2344,15824786,"Max Mak","2026-05-02 21:12:48",0.94160,1,maxyy543
2345,15814194,"Himanshu Dhiman","2026-05-01 12:43:13",0.94159,1,hmnshudhmn24
2346,16057167,"Debora Giovanni","2026-05-26 13:38:16",0.94159,1,deboragiovanni
2347,15841080,"Paul Menke","2026-05-04 09:40:09",0.94157,2,paulmenke
2348,15930687,bob232324,"2026-05-11 19:08:09",0.94153,1,bob232324
2349,15917081,"Rounak Seal","2026-05-10 12:00:10",0.94153,1,rounakseal
2350,16053971,"Abhishek Maurya","2026-05-23 16:09:30",0.94152,1,abhishek123maurya
2351,15946892,"Muhammad Bin Nadeem","2026-05-15 20:23:22",0.94148,2,muhammadbinnadeem
2352,15993848,OrwellNow,"2026-05-17 10:21:14",0.94144,2,orwellnow
2353,16038476,zhangjianrui,"2026-05-21 05:54:52",0.94144,1,zhangjianrui
2354,15812511,darksols,"2026-05-18 05:23:32",0.94143,30,darksols
2355,16118176,cbc_9320,"2026-05-30 17:46:22",0.94142,2,cbc9320
2356,15991321,naogon,"2026-05-26 14:07:44",0.94140,1,naogon
2357,15862871,"Codemaster Vansh","2026-05-31 17:51:55",0.94139,5,codemastervansh
2358,16068863,"LIU jia rui","2026-05-30 14:31:52",0.94134,4,s114021103
2359,15990064,"Nicholas MacKinnon","2026-05-16 04:38:01",0.94132,2,nicholasmackinnon1
2360,16018122,"Philip Abakah","2026-05-29 17:39:23",0.94131,2,philipabakah
2361,16120132,yoru10129,"2026-05-30 14:49:24",0.94130,1,yoru10129
2362,15867744,"Rifqi Hafizuddin","2026-05-24 12:31:40",0.94129,1,rifqihafizuddin
2363,15984680,Melihdrl,"2026-05-24 13:10:06",0.94128,1,melihdrl
2364,15806713,kaele,"2026-05-16 04:50:15",0.94127,4,jjejevvsu
2365,15943789,eden_hierarch,"2026-05-13 04:10:19",0.94126,1,edenhierarch
2366,15902465,"Liam Cody","2026-05-10 15:42:50",0.94125,2,liamcody
2367,15900219,"Anvar Mukumov","2026-05-30 16:27:07",0.94123,2,anvarmukumov
2368,16061940,"Sarthak #2","2026-05-26 18:48:24",0.94118,1,sarthakkkkk167
2369,16050086,zhuyuelei,"2026-05-23 06:13:32",0.94117,2,zhuyuelei
2370,15862515,昏睡考拉,"2026-05-06 14:11:03",0.94113,4,bigsleepykoala
2371,15913828,Nayeemul_Islam909,"2026-05-09 22:01:35",0.94111,2,nayeemulislam909
2372,15996404,"Maan Baria-10","2026-05-17 11:11:30",0.94111,1,maanbaria10
2373,15967148,"Anushka Kumari","2026-05-21 09:46:27",0.94108,1,kumarianushka02
2374,15917275,"Akash Das","2026-05-23 15:33:12",0.94108,3,akashdasad
2375,15811902,"furio paolo menotti ","2026-05-05 14:29:08",0.94106,15,furiopaolomenotti
2376,16059757,yesnewpie,"2026-05-28 01:33:33",0.94102,7,yesnewpie
2377,15846572,Carsten,"2026-05-20 12:25:55",0.94102,1,carstenborwieck
2378,15884115,大卫·戴,"2026-05-13 14:12:06",0.94102,1,"kleinleonardmoretti,wanghy114514"
2379,15818718,"Ayesha Siddiqua","2026-05-18 17:57:27",0.94102,7,coddy1803
2380,15875070,ルート_8,"2026-05-08 09:24:44",0.94101,1,rutoruto8
2381,16023047,Meghshanth,"2026-05-30 12:51:25",0.94100,2,meghshanth
2382,15894605,"Sattam Das","2026-05-17 16:33:04",0.94096,1,sattamdas
2383,15941730,Mikhail123321,"2026-05-12 18:59:31",0.94095,1,mikhail123321
2384,16091105,"Guangyu Xing","2026-05-31 13:41:04",0.94095,7,russellxing
2385,15841612,"Advait Gupta","2026-05-03 21:54:30",0.94095,2,iambatpool
2386,16108744,"Luigi Scalisi","2026-05-29 12:22:28",0.94094,10,luigiscalisi
2387,15853658,WatSonw999,"2026-05-05 16:34:31",0.94094,2,phuongtheson
2388,16026047,"Jesse CL","2026-05-20 23:37:16",0.94092,1,jessecampionloth
2389,15871610,Muschuang123,"2026-05-06 09:31:07",0.94086,4,muschuang123
2390,16063962,bamboo,"2026-05-24 15:08:04",0.94083,1,gitbamboo42
2391,15916179,"LAKSHMINATH BANDI","2026-05-17 06:12:18",0.94081,1,lakshminathbandi
2392,15820686,"Caine Merrick","2026-05-08 23:02:04",0.94080,6,cainemerrick
2393,15931882,aordaz3,"2026-05-14 22:23:27",0.94079,1,aordaz3
2394,15915120,"Robert Wlaźlak","2026-05-12 05:04:10",0.94079,12,robertwlalak
2395,15894580,Takuya,"2026-05-08 09:19:02",0.94079,1,jhfkans1823
2396,16136096,"Tanishq Mandowara","2026-05-31 23:25:04",0.94074,5,tanishqmandowara
2397,15868148,PaulLeong,"2026-05-06 04:16:01",0.94068,1,paull71
2398,15930038,"KARIMEDDINE ANWAR","2026-05-21 14:36:31",0.94047,18,karimeddineanwar
2399,16081407,jesusvivo,"2026-05-31 23:25:38",0.94042,18,jesusvivo
2400,15943862,kjh8258916,"2026-05-23 18:37:16",0.94039,6,kjh8258916
2401,15844293,"Neer SG","2026-05-05 06:37:11",0.94028,5,neersg
2402,16010527,Rohith,"2026-05-18 12:47:21",0.94026,1,alpha077
2403,16114570,"Urad Konstantin","2026-05-30 14:11:42",0.94025,14,uradkonstantin
2404,15986199,Lukas,"2026-05-19 14:16:49",0.94018,1,lukab25
2405,15810295,Obzngs,"2026-05-22 11:48:59",0.94016,3,obzngs
2406,15980113,dookada,"2026-05-15 06:39:41",0.94012,1,dookada
2407,16093682,winnie,"2026-05-30 08:19:15",0.94010,2,einniw4201
2408,15864111,rnr,"2026-05-05 17:40:33",0.94002,1,millka
2409,15919176,"Goutam sharma","2026-05-10 14:02:53",0.93998,1,goutamsharma12
2410,16111857,Shimanyakko,"2026-05-30 23:53:19",0.93992,1,shimanyakko
2411,16117744,"Nguyễn Hoàng Việt 2005","2026-05-30 10:22:03",0.93991,1,nguynhongvit2005
2412,16090981,"Tamanna Bal","2026-05-31 15:59:08",0.93991,1,tamannabal
2413,15825122,"Vedant Pawale11","2026-05-02 16:13:52",0.93983,1,vedantpawale11
2414,16097169,SimonLoYU,"2026-05-28 04:22:12",0.93981,2,simonloyu
2415,15829852,"Jeremiah Adebayo","2026-05-08 14:26:06",0.93959,3,codehashira
2416,16077710,"Ateeb Rashid","2026-05-29 05:17:34",0.93956,3,ateebrashid
2417,15875711,LuckyC,"2026-05-07 14:32:57",0.93955,2,wellheykaggle
2418,16085837,SIHYUNMOON,"2026-05-26 18:35:06",0.93955,3,sihyunmoon
2419,15994430,Богдан,"2026-05-22 05:37:17",0.93952,1,rottencucumberr
2420,15936919,"Aditya Manake","2026-05-30 19:39:23",0.93952,1,adityamanake
2421,15837314,"Muhammad Usman Khan","2026-05-13 11:09:58",0.93951,1,usmankhandilzak
2422,15962678,"Junghwan Park","2026-05-14 07:15:10",0.93950,1,captainpark90
2423,16001176,"Youssef Elebiary","2026-05-17 18:08:12",0.93943,1,youssefelebiary
2424,15811538,"Milan Nagy","2026-05-12 16:21:39",0.93939,9,milannagy
2425,15958674,"Vaishakh Vipin","2026-05-15 08:53:53",0.93936,9,vaishakhvipin
2426,15808899,palpawan12,"2026-05-08 17:23:06",0.93929,4,palpawan12
2427,15908402,"Ben Ameur Amin","2026-05-09 14:28:15",0.93927,1,benameuramin
2428,16047350,"Ajin P Joseph","2026-05-27 18:50:20",0.93926,3,ajinpjoseph
2429,16050738,"Sarvesh Dhond","2026-05-30 21:56:14",0.93916,14,sarveshdhond
2430,16100922,"Gustav Pråmell","2026-05-28 13:46:11",0.93915,1,gustavprmell
2431,15819492,ozzy97,"2026-05-01 23:28:10",0.93904,5,ozzy97
2432,15833056,"Taichi Uemura","2026-05-03 01:16:37",0.93898,1,taichiuemura
2433,15933303,Edward2026,"2026-05-31 13:34:46",0.93891,1,edward2026
2434,16007003,mayankrai00300,"2026-05-19 03:11:10",0.93887,3,mayankrai00300
2435,15921803,lohith23116108,"2026-05-17 04:55:24",0.93879,4,lohith23116108
2436,15813569,"Ali Sarp SUNAY","2026-05-17 20:20:37",0.93877,3,alisarpsunay
2437,15844154,"Zulpadli Syarif","2026-05-27 10:04:59",0.93875,3,zulpadlisyarif
2438,16056611,"Nicholas Tedesco","2026-05-26 14:55:48",0.93875,3,nicholastedesco
2439,15930000,"Shivansh Uppal","2026-05-11 19:05:47",0.93872,8,shivanshuppal
2440,16058074,"Muhammed Koca","2026-05-25 18:17:27",0.93858,2,muhammedkoca
2441,16016804,"Yashas Kapoor","2026-05-27 20:38:12",0.93855,3,"gauriii09,yashaskapoor"
2442,15823997,Bob,"2026-05-02 06:07:05",0.93854,1,robertpatchin
2443,16126291,"Вета Соловьева","2026-05-31 14:02:08",0.93842,1,vetaso
2444,15944120,chenbenson27,"2026-05-31 07:23:19",0.93837,11,chenbenson27
2445,16127123,tsukit,"2026-05-31 11:52:00",0.93830,1,koutatat
2446,15933975,Mason125,"2026-05-18 09:34:24",0.93817,4,mason125
2447,15980620,"Rishabh S. Rajawat","2026-05-15 06:21:14",0.93812,1,a1ph4z3r0
2448,15939687,"Victor Dehon","2026-05-12 15:50:27",0.93792,1,victordehon
2449,16028632,"Demian GomezARR","2026-05-20 18:33:51",0.93789,1,demiangomezarr
2450,16052773,講師阪南大学,"2026-05-23 00:56:22",0.93784,1,fujiihannan
2451,15837002,chimtodan,"2026-05-05 18:35:52",0.93781,3,chimtodan
2452,15828800,niangggg,"2026-05-02 14:50:03",0.93780,1,niangggg
2453,16134676,"Tanay Naribole","2026-05-31 20:24:39",0.93758,6,tanaynaribole
2454,15819781,"Simon Leboucher","2026-05-08 20:23:43",0.93742,4,"leopnt,simonlbcr"
2455,15986847,nguyentr12,"2026-05-31 18:11:11",0.93739,2,nguyentr12
2456,15987378,"Cameron Turner","2026-05-27 16:56:59",0.93736,2,cameronturner1923
2457,15841332,"Caio Julio","2026-05-03 20:15:32",0.93735,2,caiojulio
2458,16114071,debanik,"2026-05-29 20:28:46",0.93730,1,debanikkk
2459,15943639,willy_10.6,"2026-05-31 18:46:10",0.93728,13,willy106
2460,16057862,"Ruchit Sonawane","2026-05-26 13:04:13",0.93728,1,ruchitsonawane
2461,15975481,"Rushikesh Pandurang Dhumal","2026-05-25 01:31:21",0.93725,11,rushikeshpd
2462,16018469,"Edmundo Cruz","2026-05-29 20:37:50",0.93715,8,maedcruzsa
2463,15875915,"Frank Chuka","2026-05-07 12:24:13",0.93712,1,frankchuka
2464,15881232,herok0809,"2026-05-09 05:58:29",0.93706,4,herok0809
2465,15942285,"Andreas Kalogeropoulos","2026-05-31 21:05:37",0.93705,12,andreaskalog
2466,16092875,"Surya Teja Uppala","2026-05-27 16:14:10",0.93701,3,suryatejauppala
2467,15886281,Stardescent,"2026-05-07 12:59:43",0.93693,1,dimas337tum
2468,16030011,"Joshua Szenk","2026-05-22 10:25:10",0.93690,11,joshuaszenk
2469,15898946,Andrey_Only_positive_Vibes,"2026-05-08 16:02:01",0.93688,2,andeyivanov
2470,15813153,"Shreeya Shah","2026-05-05 06:47:31",0.93678,1,shreeyashah
2471,16090889,"Daniel Černý","2026-05-27 10:20:02",0.93678,1,danielern72
2472,16073911,"Jerry Gong","2026-05-25 14:41:01",0.93673,1,jerrygong998
2473,16131330,Derquieturs,"2026-05-31 09:25:07",0.93673,1,derquieturs
2474,15923416,"Bayu Dwi Cahyo","2026-05-11 10:10:39",0.93665,1,bayudwicahyo
2475,16074257,るりぬいさんの工房,"2026-05-26 22:08:07",0.93653,2,katamen
2476,16073836,fanbie666,"2026-05-31 13:11:05",0.93652,4,fanbie666
2477,15927011,中村雅美,"2026-05-11 11:45:45",0.93639,1,masami1029
2478,15999760,Rohïth,"2026-05-22 11:09:32",0.93637,2,reddyrohith
2479,15838047,Codi-Nix,"2026-05-25 13:59:08",0.93636,10,codinix
2480,16043036,"Gale XU","2026-05-22 11:07:49",0.93626,2,"galexu,yueyunchen,zengqianyu123"
2481,15813216,"Veerendra A","2026-05-10 20:15:10",0.93625,4,veerendraa
2482,15807660,"Ryan Bailey","2026-05-31 04:23:03",0.93621,1,ryjb93
2483,15866898,IMOBxxx,"2026-05-09 19:00:26",0.93620,2,imobxxx
2484,15822911,Harry66666,"2026-05-03 01:55:45",0.93620,17,harry66666
2485,15829632,zidan-ruan,"2026-05-22 10:42:18",0.93619,2,zidanruan
2486,15838067,ilethe,"2026-05-31 11:45:17",0.93616,1,ilethe
2487,16001610,"Andrew #3","2026-05-30 13:42:03",0.93599,6,andrew727
2488,16057914,"Isaac Menard","2026-05-23 17:08:03",0.93592,3,isaacmenard
2489,15995567,RyanW700623,"2026-05-17 14:41:43",0.93586,1,ryanw700623
2490,16092100,chinesejedward,"2026-05-30 15:48:55",0.93584,3,chinesejedward
2491,15825297,VinayPal0104,"2026-05-05 05:03:58",0.93584,2,vinaypal0104
2492,16116711,sangpx,"2026-05-30 05:55:16",0.93551,1,sangpx
2493,16057944,"Petar Petrov","2026-05-23 17:50:58",0.93548,3,petarpepi
2494,15873284,"Mark Nguyen","2026-05-20 18:42:20",0.93547,4,marknguyen02
2495,16055666,spyke7,"2026-05-24 11:08:43",0.93544,1,spyke7
2496,15922289,"Jackson North","2026-05-10 22:33:05",0.93535,1,jacksonnorth
2497,16101636,"Лосева Полина","2026-05-28 15:10:21",0.93533,1,doormamukaggle
2498,16019565,"Fikri Okto Setiadi","2026-05-19 09:35:27",0.93508,4,fikrioktos
2499,16046078,Eason242,"2026-05-23 09:52:56",0.93501,4,eason242
2500,15982010,"Somya Mangal","2026-05-22 11:00:25",0.93500,5,somyamangal
2501,16097839,thinkrunner,"2026-05-30 06:45:44",0.93479,3,thinkrunner
2502,15818968,"hisa koro","2026-05-04 22:49:38",0.93472,3,hisakoro
2503,15815618,Wen003,"2026-05-01 17:03:50",0.93463,2,wen003
2504,16002928,"Bharti Rajora","2026-05-31 18:07:02",0.93454,2,bhartirrajora
2505,15811188,liulichiwen,"2026-05-31 07:32:48",0.93423,8,liulichiwen
2506,15833475,xia0910,"2026-05-15 08:13:46",0.93423,6,xia0910
2507,15987484,Aniket_Verma,"2026-05-15 19:14:44",0.93419,5,aniketkiller
2508,16043050,"Tamer Physics","2026-05-23 21:02:23",0.93410,1,tamerphysics
2509,15809583,"Vishesh Banna","2026-05-01 09:21:24",0.93401,1,visheshbanna
2510,15979482,tyddlsnsk,"2026-05-31 22:58:55",0.93392,22,tyddlsnsk
2511,15919774,"Navjot Singh \]qh","2026-05-13 08:30:41",0.93346,2,navjotsinghqh
2512,15891265,S.Domain,"2026-05-10 01:30:26",0.93340,5,sdomain
2513,15808099,"Tsyban Valery","2026-05-01 10:03:24",0.93339,1,tsybanvalery
2514,16031665,Yuvraj,"2026-05-21 21:55:07",0.93332,2,j4m4lj
2515,16082805,"Yashpalsinh Thakor","2026-05-26 11:56:04",0.93298,1,yashpalthakor
2516,15847518,"Kartik 0_0","2026-05-06 09:38:44",0.93286,10,kartik00
2517,16057124,"Evan Shareef","2026-05-27 07:57:55",0.93285,1,evanshareef
2518,16091440,"Gagandeep Gambhir","2026-05-31 08:17:53",0.93279,1,gagandeepgambhir2
2519,15988328,"Jason Christopher","2026-05-25 17:54:41",0.93252,2,jchristopher2448
2520,15841434,"Matthieu Hoarau","2026-05-08 13:28:55",0.93242,2,matthieuhoarau
2521,15869839,"Ho Tuan Dat","2026-05-06 12:14:29",0.93239,6,dzhoz0
2522,15989086,"Luis Eduardo Ribeiro Freitas","2026-05-27 09:46:41",0.93231,5,"gabrielbelo87,luiserf"
2523,16105071,MyGO,"2026-05-29 03:24:20",0.93221,6,chunjianglong
2524,16081632,codersnowball,"2026-05-27 10:44:35",0.93199,2,codersnowball
2525,15994263,"Simakin George","2026-05-16 19:15:20",0.93152,1,simakingeorge
2526,16067893,"Алексей Соболев","2026-05-28 12:39:09",0.93150,26,workharder1
2527,15919883,yokatan,"2026-05-15 07:14:58",0.93146,4,yokatan
2528,15885327,"Rohit kumar211987","2026-05-07 11:37:20",0.93122,1,rohitkumar211987
2529,15950423,cc311252,"2026-05-13 16:58:00",0.93121,1,calebchandrasekar
2530,15969665,"Adithya Sau","2026-05-14 11:30:10",0.93121,1,sauinho
2531,16057318,"George Wang","2026-05-23 15:03:16",0.93121,1,georgewang33
2532,15923233,黄杰勇16,"2026-05-28 06:51:05",0.93121,10,jack2416
2533,16055685,"Zubaira Maimona","2026-05-25 16:54:54",0.93112,2,itszubi
2534,15809561,"23DCE104 Zaid Saiyed","2026-05-04 17:50:34",0.93077,1,zaidsaiyed2703
2535,16001265,"Asjal Khan","2026-05-19 15:35:42",0.93074,1,asjalkhan1
2536,15812890,"Chris X","2026-05-28 14:13:39",0.93072,4,docxian
2537,15881034,TD,"2026-05-27 08:03:03",0.93072,9,tode111
2538,16085773,gscanavini,"2026-05-31 19:08:11",0.93060,1,gscnavi
2539,16030393,"Nimsara Dharmasiri","2026-05-20 09:01:53",0.93041,4,nimsarad
2540,15924668,hhhmins,"2026-05-11 09:26:04",0.93031,1,hhhmins
2541,15852149,"Ryan Giberson","2026-05-06 03:16:44",0.93028,1,ryangiberson
2542,16047165,"Subhobrata Dey","2026-05-24 01:16:35",0.93012,1,sbcd90
2543,15878102,wekey,"2026-05-07 15:43:26",0.92997,3,wekey6
2544,15873267,"Praneel Maitra","2026-05-14 11:10:52",0.92991,8,praneeel
2545,16002312,wzf666666,"2026-05-18 05:03:04",0.92973,1,wzf666666
2546,15809091,"Ekaterina Voropanova","2026-05-03 15:44:08",0.92973,7,voropanovae
2547,15985028,tsapuanq,"2026-05-18 13:34:30",0.92972,4,sapuantalaspay
2548,15926519,"[RU] sponish_flea","2026-05-11 10:30:56",0.92969,3,sponishflea
2549,16085985,"Samuel Davin Soegianto","2026-05-30 06:30:36",0.92964,1,samueldavinsoegianto
2550,15973457,"Kevin Li","2026-05-30 14:29:50",0.92948,5,kevinboli
2551,16006710,"Ryan Shan","2026-05-19 06:14:28",0.92931,3,codegold
2552,15980149,"Christine Huang","2026-05-15 05:37:09",0.92911,3,c12huang
2553,16115734,Shuai0103,"2026-05-30 03:35:00",0.92861,2,shuai0103
2554,15921664,"Swarn shekhar00101","2026-05-22 13:31:58",0.92847,1,swarnshekhar00101
2555,16042693,rhlorite,"2026-05-21 15:26:34",0.92840,5,rogehernandez
2556,15816762,DCJ,"2026-05-02 07:53:06",0.92837,4,demelcjohn
2557,16136889,"Mason Cao","2026-05-31 22:56:58",0.92837,4,mzcao7
2558,16092012,"Zalán András Szörényi","2026-05-27 17:56:50",0.92833,2,zalnandrsszrnyi
2559,15854098,"muhammad Faizan","2026-05-24 11:53:08",0.92805,3,mfmasood
2560,15911190,"Gabriel Aguiar Gomes","2026-05-09 14:42:21",0.92791,1,gabrielaguiargomes
2561,15879738,"Gabriel Aguiar Leao","2026-05-13 23:07:28",0.92791,3,gabrielaguiarleao
2562,16066236,"Filip Bočinec","2026-05-25 12:48:36",0.92742,5,filipboinec
2563,15836224,"Astitwa Agarwal","2026-05-03 16:07:55",0.92707,2,astitwaagarwal
2564,15838850,hotaq,"2026-05-11 07:27:51",0.92669,2,chinnaphatkhun
2565,16102820,"Egor Gorshenckov","2026-05-30 20:26:10",0.92601,12,egorgorshenckov
2566,15818010,"Mohitraj Rathor","2026-05-02 17:14:33",0.92570,2,mohitrajrathor
2567,15977012,shyngyrda23892178,"2026-05-14 20:24:21",0.92556,1,shyngyrda23892178
2568,16089716,"johnnny silverhand","2026-05-31 04:47:32",0.92555,12,johnnnysilverhand
2569,15845847,"Rohit bhagat","2026-05-04 17:12:42",0.92524,1,relix18
2570,15994185,"GALUKA RAMADHAN MUMIA","2026-05-16 12:37:33",0.92522,1,muhammedbaya
2571,15932561,"Wesley Oliveira","2026-05-13 18:32:12",0.92437,3,wfoliveira
2572,16107925,"Yang Wenxuan2","2026-05-29 07:21:00",0.92404,1,yangwenxuan2
2573,15828379,"Srikar Uppuluri","2026-05-31 15:11:57",0.92380,1,srikaruppuluri
2574,15936637,LokiKumarM,"2026-05-27 13:00:34",0.92369,4,lokikumarm
2575,15982724,"Mertcan Kara","2026-05-18 11:59:48",0.92347,1,mertcankara1
2576,16019957,dingxy123,"2026-05-27 08:31:02",0.92329,2,dingxy123
2577,16099148,z~,"2026-05-28 10:36:47",0.92329,1,mingbiaoliu
2578,15857366,"Sanjarbek Ikromov","2026-05-08 01:51:42",0.92317,3,sanjarbekikromov
2579,15818327,"Anant Singh","2026-05-25 18:43:23",0.92261,5,theflyingcow
2580,16044613,"Natalia Florek","2026-05-26 13:23:35",0.92231,4,nataliaflorek
2581,15937458,sinanKr,"2026-05-14 12:55:51",0.92193,1,sinankr
2582,15871530,"MUHAMMED MUHYUDHEEN T","2026-05-31 06:59:52",0.92122,1,muhammedmuhyudheent
2583,15934449,"Nitish Pandey02","2026-05-13 01:30:50",0.92098,1,nitishpandey02
2584,16102125,PedroAVG,"2026-05-29 23:56:03",0.92067,15,pedroavg
2585,16104086,"Pratik Shendarkar","2026-05-29 01:22:22",0.92062,4,pratikshendarkar
2586,15907186,PsayaP,"2026-05-31 05:31:38",0.91972,6,psayap
2587,15859479,Sage,"2026-05-05 10:32:04",0.91951,1,janus137
2588,16060132,returnhanamaru,"2026-05-27 23:33:33",0.91923,9,returnhanamaru
2589,15992112,Nolan_f1_Vegas,"2026-05-24 05:07:00",0.91791,3,nolanyumiaco
2590,15834727,RMCabato,"2026-05-06 02:49:45",0.91728,11,rmcabato
2591,16005096,"Thanat Jetawattana","2026-05-18 18:07:11",0.91676,5,thanatjetawattana
2592,15974296,"Hopeful Creative","2026-05-15 13:13:16",0.91522,4,hopefulcreative
2593,15820653,"Shin Tomura","2026-05-08 02:05:08",0.91464,3,shintomura
2594,15811507,"Ayse Payci","2026-05-07 12:46:03",0.91459,7,ayepayc
2595,15850362,PavanKumarVattikuti,"2026-05-06 08:58:41",0.91452,1,pavankumar960
2596,16036659,allyn,"2026-05-21 18:06:22",0.91416,4,allynloyd
2597,16035953,Martin3097,"2026-05-22 03:02:55",0.91352,1,martinleyva
2598,15987443,"stepa aa","2026-05-16 16:25:30",0.91284,2,stepaaaaa
2599,15888850,Aroop,"2026-05-24 11:34:42",0.91231,3,aroopverma
2600,15815684,GeZhongpa,"2026-05-02 13:48:21",0.90979,3,gezhongpa
2601,16091239,"Thota Harshitha 4-Yr B.Tech.: Civil Engg., IIT(BHU)","2026-05-30 09:10:09",0.90973,2,thotaharshitha2005
2602,15811632,"Mohammad Ayan Syed","2026-05-20 16:44:30",0.90958,13,mohammadayansyed
2603,15905733,"Zhuoqun Liu","2026-05-10 08:50:59",0.90941,3,zhuoqunl
2604,15838351,"Praxitelis Ntokos","2026-05-29 18:43:26",0.90901,2,praxitelisntokos
2605,15862859,"Nandni Srivastava","2026-05-11 17:32:45",0.90773,1,nandnii
2606,16083818,Y.Gagarin,"2026-05-26 15:58:52",0.90454,1,ygagarin
2607,15921860,David130998,"2026-05-26 06:50:42",0.90231,1,david130998
2608,16038416,"Wenxiao Yin","2026-05-21 05:19:51",0.90220,1,wenxiaoyin
2609,15917226,"Sreeja Jalagam","2026-05-10 17:44:23",0.90158,1,sreejajalagam
2610,16041709,kenma,"2026-05-22 17:50:58",0.90115,1,kentamasu
2611,15836893,mh3891,"2026-05-03 11:26:10",0.90061,1,mh3891
2612,15877991,Lucassouzameirelles,"2026-05-20 13:17:01",0.90042,2,lucassouzameirelles
2613,15919922,"Higuchi Kenji","2026-05-31 03:10:37",0.90026,1,higuchikenji
2614,15905119,"Fabio Solorzano","2026-05-11 06:14:42",0.89818,18,fabiosolorzano
2615,16063185,"Ryder Huang","2026-05-24 14:32:50",0.89363,1,ryderhuang2011
0,15721809,baseline_submission.csv,"2026-04-23 17:52:10",0.89191,1,
2616,15832682,koupen,"2026-05-25 23:38:30",0.89081,1,koupen13
2617,15950197,"Om Dhamal","2026-05-27 16:01:42",0.88744,13,omdhamal
2618,15832654,"Reza Behzadfard","2026-05-16 19:53:15",0.88614,30,rezabehzadfard
2619,16060141,田原優平,"2026-05-30 22:32:29",0.88583,20,borscht87
2620,15884359,QianQiu,"2026-05-21 03:40:55",0.88535,24,fenggaoyang
2621,15963192,"Daniel Magero Mugulo","2026-05-18 06:31:22",0.88492,19,danielmageromugulo
2622,16041344,"VAIBHAV HALDIA","2026-05-22 22:47:14",0.88485,2,vaibhavhaldia
2623,15826932,ankhanh2305,"2026-05-03 15:36:36",0.88484,2,ankhanh2305
2624,16133179,"Ashish C","2026-05-31 17:39:04",0.88456,7,ashish0405
2625,16039232,icecream877,"2026-05-21 05:57:51",0.88448,1,icecream877
2626,15997463,TheNullHunter,"2026-05-26 17:36:01",0.88430,9,thenullhunter
2627,15916666,"Anant Shri","2026-05-16 16:15:48",0.88415,2,anantshri1
2628,15892457,TJrabo,"2026-05-15 04:47:35",0.88397,8,tjrabo
2629,15997472,"Nan Wang","2026-05-17 12:16:13",0.88394,2,nanwang88888
2630,15846297,Babblu,"2026-05-14 10:16:50",0.88368,1,babblu123
2631,15850214,Eltormtace,"2026-05-23 10:12:56",0.88357,16,"eltormtace,yongqiangtian"
2632,16069281,notguava,"2026-05-29 09:52:22",0.88344,12,notguava
2633,16104764,"jessica Lan","2026-05-30 07:55:19",0.88344,9,yuuujiss
2634,15942062,"João Pedro Mamede Dias","2026-05-15 20:47:56",0.88338,22,joaopedromamededias
2635,15971227,"Haydar Yılmaz","2026-05-14 16:18:32",0.88338,1,haydarylmaz
2636,15818357,JoeHIll6,"2026-05-12 19:10:59",0.88325,1,joehill6
2637,16040853,ジャスミン,"2026-05-21 19:09:14",0.88317,8,jasminejaff
2638,15859103,PiniPanda,"2026-05-05 19:04:07",0.88310,3,pinipanda
2639,15839389,"Narasimha A","2026-05-23 09:13:39",0.88286,1,narasimha137
2640,15946216,"SAWRAWIT CHAIRAT","2026-05-29 09:23:31",0.88266,6,auoosawrawit
2641,15912951,"ABeer Al-Zebda","2026-05-26 06:53:07",0.88250,38,abeeralzebda
2642,15827683,codexbhawesh,"2026-05-17 07:22:42",0.88231,5,codexbhawesh
2643,15823405,luciferb,"2026-05-03 14:17:44",0.88215,11,luciferbv
2644,15894992,Aman,"2026-05-08 14:21:49",0.88193,1,amanfaa
2645,15875671,"Gene Luo","2026-05-13 14:23:17",0.88189,2,geneluo
2646,15899700,"mahideep nagireddi","2026-05-14 15:32:44",0.88186,6,mahideepnagireddi
2647,15971725,MeetHDand,"2026-05-15 08:55:50",0.88186,10,meethdand
2648,15883939,"Koushik Sripathi","2026-05-16 07:03:06",0.88185,6,koushiksripathi
2649,16030740,"TRR AFLF","2026-05-20 11:40:07",0.88181,1,trraflf
2650,15834453,NHANGIOI,"2026-05-04 09:31:29",0.88178,2,nhangioi
2651,15866371,HyperDevs,"2026-05-07 18:33:48",0.88156,9,"meghanalingala28,tmanaschakravarty06"
2652,15959034,"SharvinVJ 23BAI1510","2026-05-14 07:59:16",0.88152,2,clusterzord
2653,16065737,"Aryan Kumar","2026-05-28 06:49:09",0.88132,5,aryankumar0011
2654,15832677,kgmuzu,"2026-05-03 20:04:45",0.88126,5,kgmuzu
2655,15833658,"Vik Adipudi","2026-05-07 17:46:07",0.88098,16,vadipu
2656,15937385,shanaka95,"2026-05-29 19:52:16",0.88082,10,shanaka95
2657,15934755,"Mritunjoy Hazra","2026-05-12 16:03:53",0.88080,4,mritunjoyhazra
2658,15841860,reflexxyz,"2026-05-04 20:15:56",0.88066,11,reflexxyz
2659,15992601,"Rishi Ankathi","2026-05-16 10:07:02",0.88066,1,rishiankathi
2660,15895806,"ARNAV PATHAK","2026-05-28 18:46:33",0.88059,5,arnavpathak04
2661,15960446,"Yoshiyuki Hongoh","2026-05-14 05:30:44",0.88032,1,yoshiyukihongoh
2662,15875408,"Chin Li-Loong","2026-05-31 06:09:12",0.88015,9,chinliloong
2663,15912839,ayushi,"2026-05-10 17:48:38",0.87973,4,ayushi3732
2664,15919846,Peacefullllllmind,"2026-05-31 14:56:04",0.87957,2,peacefullllllmind
2665,15822087,lacey-zhou,"2026-05-02 09:29:50",0.87946,10,laceyzhouuu
2666,16090922,"Óčko Tajný","2026-05-28 08:26:55",0.87935,2,kotajn
2667,15918403,"Mahindra Ram pathuri","2026-05-14 06:15:40",0.87929,1,mahindrarampathuri
2668,15823915,VeddeV,"2026-05-30 18:50:48",0.87904,35,vedant0928
2669,16128985,"Rapolu Syamanth ","2026-05-31 16:57:43",0.87903,5,rapolusyamanth
2670,15804064,HunterNgBoonHian,"2026-05-01 07:50:49",0.87886,10,hunter1995
2671,16000376,DeveloperCode,"2026-05-17 12:38:05",0.87882,3,devloperlaptop
2672,15939449,"Aman Ahmad","2026-05-13 12:42:09",0.87874,4,amanahmad786
2673,15868457,"Krishnan CS","2026-05-16 03:31:51",0.87849,22,krishnanchathadi
2674,16039226,"Bhimani Bhavik","2026-05-21 06:41:34",0.87846,1,bhimanibhavik
2675,15865108,"DAWLAGAR SIDDARTH","2026-05-14 19:20:40",0.87783,4,dawlagarsiddarth
2676,15942314,Ro4410,"2026-05-12 22:02:48",0.87781,4,rohansaran
2677,16061480,"Govind Rajeesh","2026-05-26 15:46:35",0.87757,3,govindrajeesh
2678,16059697,KK_nut,"2026-05-28 23:50:28",0.87745,11,k0k0nut
2679,15839741,FMDKGMPKG,"2026-05-03 16:02:43",0.87686,2,fmdkgmpkg
2680,16076597,xy,"2026-05-25 22:51:52",0.87663,4,xiaochuanyang
2681,16003751,"Youssef Mohamed Salem","2026-05-19 04:02:00",0.87643,10,youssefmohamedsalem
2682,15926444,"Mateusz Michalski","2026-05-27 20:55:36",0.87620,4,blackgooseberry
2683,15857629,fmk2226,"2026-05-24 22:15:42",0.87558,18,fmk2226
2684,15992586,chienyuchen0725,"2026-05-28 06:09:39",0.87536,6,chienyuchen0725
2685,16111887,"Koo Namseok","2026-05-31 22:44:07",0.87483,3,koonamseok
2686,16025772,"Sean M. Lim","2026-05-19 17:20:03",0.87460,2,seanmlim
2687,15811017,吉久真白,"2026-05-07 06:47:55",0.87457,6,mashiro0605
2688,15893510,"Katsutaka Sakimori","2026-05-09 14:20:27",0.87383,1,katsutakasakimori
2689,15889930,"Niyath Nair","2026-05-07 21:12:42",0.87369,2,niyathnair
2690,15807494,"nikolaou nikolaou","2026-05-07 10:42:49",0.87365,15,nikolaounikolaou
2691,15837805,Yanagiguchi,"2026-05-15 14:42:32",0.87347,1,xenosmilus
2692,15840031,"Mohamed Abderrahmani","2026-05-31 18:10:54",0.87325,1,mohamedabder
2693,16109243,"Jonathan Leaver","2026-05-29 15:31:18",0.87250,1,jonathanleaver
2694,15876630,"Fanse Rudraksh","2026-05-07 10:26:49",0.87247,7,fanserudraksh
2695,15813539,"Shubham Patidar","2026-05-10 02:21:52",0.87204,2,shubhamdecode
2696,15916843,"Robert Ding","2026-05-31 23:55:56",0.87157,3,robertding
2697,15861523,"Joshua Britz","2026-05-05 14:43:37",0.87154,5,joshuabritz
2698,15813590,Sash,"2026-05-23 19:28:34",0.87148,4,sa4444
2699,15841929,z4k4ri4,"2026-05-04 18:04:39",0.87113,7,z4k4ri4
2700,15816044,"Josh Cargill","2026-05-20 15:55:16",0.87008,1,joshcargill
2701,15927304,eitherkatsway,"2026-05-15 14:33:37",0.86997,2,eitherkatsway
2702,15937490,gsiowchuen,"2026-05-12 10:43:57",0.86964,1,gsiowchuen
2703,15972514,Ashish,"2026-05-15 13:51:43",0.86913,2,ashishsahu0001
2704,16095437,"sai venkat teja","2026-05-28 18:19:48",0.86886,5,saivenkatteja
2705,16135547,"Sunil Kappal","2026-05-31 18:04:01",0.86876,1,skappal7
2706,16092887,greekks,"2026-05-28 11:27:12",0.86855,2,greekks
2707,16024188,"Ahmad Aditya Ar Rasyid","2026-05-21 10:15:35",0.86850,2,lambatanjay
2708,15873621,"Dogeol Lee","2026-05-09 07:29:49",0.86792,1,dogeollee
2709,15997363,ManasMishra03,"2026-05-18 19:33:06",0.86780,5,manasmishra03
2710,15934239,"Yuvraj Bhatkariya","2026-05-25 16:05:14",0.86753,11,yuvrajbhatkariya
2711,15828262,"Krish Sandhu","2026-05-02 13:34:52",0.86675,1,krishsandhu
2712,15810077,"Rajnandan Mishra","2026-05-06 19:29:44",0.86668,3,rajnandanmishra
2713,16135422,twodrag,"2026-05-31 23:42:17",0.86638,7,twodrag
2714,15916521,ZeloFxne,"2026-05-17 22:30:00",0.86629,1,zeloxne
2715,15896250,"Tivaniuk Evgenie","2026-05-09 07:58:29",0.86628,3,tivaniukevgenie
2716,16086658,"Soltan Dzhasheev","2026-05-26 21:34:35",0.86625,1,jashelar
2717,16119959,ShamsherGrewal,"2026-05-31 17:52:32",0.86587,2,shamshergrewal
2718,15938477,Ioulia,"2026-05-14 08:55:26",0.86555,3,iouliafl
2719,15853141,"Aiden Fine","2026-05-19 22:52:52",0.86530,3,aidenfine67
2720,15808517,"Avinash Changrani","2026-05-01 09:38:35",0.86514,3,nabobery
2721,15820678,pisiks,"2026-05-05 22:36:55",0.86512,4,pisiks
2722,16052113,"Kimaya Kulkarni","2026-05-22 21:14:02",0.86471,1,kimayak
2723,15916107,"Kaustav Roy Chowdhury","2026-05-10 15:20:01",0.86462,4,kaustavroychowdhury
2724,15923139,"Ethan Yong","2026-05-27 14:31:50",0.86453,6,ethanyongggg
2725,15902651,"Carlos Fernandez","2026-05-12 16:28:39",0.86452,2,carlosfernandezgon
2726,15968096,"Patrick Newman","2026-05-16 01:22:01",0.86325,1,patricknewman2
2727,16064781,"MIKHABEBE I LOVE YOU","2026-05-24 20:02:24",0.86320,1,andinabilsafaraz
2728,15835038,YashPathak0409,"2026-05-25 07:23:29",0.86307,1,yashpathak0409
2729,15882936,kurf18,"2026-05-23 11:42:55",0.86248,1,kurf18
2730,15815145,"Matsu Hi","2026-05-17 13:06:55",0.86248,2,matsuhi
2731,15869947,"Amirah Huda","2026-05-11 09:19:46",0.86219,1,myrazd
2732,16070207,kerrettt,"2026-05-25 08:40:42",0.86212,2,kerrettt
2733,15985480,Chandrashekar,"2026-05-18 13:59:24",0.86186,1,hermitsays
2734,15985888,"SOUPTIK DEY","2026-05-25 17:31:14",0.86175,8,souptik22fiitbs
2735,16062863,"Chillal Yash","2026-05-26 06:00:06",0.86145,2,chillalyash
2736,15935804,"Alejandra Curbelo","2026-05-25 03:59:01",0.86118,5,alejandracurb
2737,15982333,"Sanjeev Thakur","2026-05-29 17:02:04",0.86086,15,sanjeevthakur2024
2738,16108727,"Anna Kotelevych","2026-05-29 15:17:34",0.86080,7,annakotelevych
2739,16109566,"Sarthak Goyal","2026-05-29 10:49:03",0.86028,1,sarthak0156
2740,15973594,"Emile Sassine","2026-05-30 22:49:47",0.86020,1,emilesassine
2741,15886712,qqqaaavvv,"2026-05-27 23:18:46",0.85975,8,qqqaaavvv
2742,16002574,"Takuya #2","2026-05-17 13:56:55",0.85962,2,takuya07
2743,15838959,"Sparsh Saxena","2026-05-19 18:02:18",0.85960,6,sparsh3649
2744,16114716,2025_蔡睿澤,"2026-05-29 23:17:20",0.85932,4,richaaad
2745,16125063,"Justin Wei (chetocheese1821)","2026-05-30 20:02:49",0.85917,4,chetocheese1821
2746,16107597,"SUMIT SRIMANI","2026-05-31 18:15:49",0.85882,4,sumitsr
2747,15913331,Abhijith,"2026-05-11 00:57:01",0.85877,5,abhijitharavind
2748,15974052,Usopked,"2026-05-25 23:45:41",0.85823,1,usopked
2749,16005566,"Ansh Vahinipati","2026-05-18 10:15:43",0.85732,2,anshvahinipati16
2750,16128705,"Liana Graham","2026-05-31 07:41:26",0.85725,2,lianagragam
2751,15893059,"Brian Wimart","2026-05-08 09:06:06",0.85720,1,brianwimart
2752,16095679,"Omar Elfadaly","2026-05-31 07:03:31",0.85604,2,omarelfadaly
2753,16101047,lhg0113,"2026-05-31 17:42:32",0.85595,2,lhg0113
2754,16098946,"Vibhav Kaushik","2026-05-29 10:43:11",0.85566,2,vibhavkaushik
2755,15941310,"Fedir Baltsun","2026-05-14 09:42:22",0.85535,4,fedirbaltsun
2756,15811233,SurajSingh,"2026-05-31 21:21:36",0.85463,1,surajsingh
2757,15828249,"Ui Shigure","2026-05-02 13:12:07",0.85422,1,yukioishidayoo
2758,15838178,"Tenderfoot Zhang","2026-05-03 12:46:23",0.85421,1,tenderfootzhang
2759,15984000,"Teodor Otkovic","2026-05-15 11:51:10",0.85336,1,teodorotkovic
2760,15897986,"Yehor Abrosimov","2026-05-12 14:40:53",0.85272,15,egorstudies
2761,15900966,"Shushan Hovhannisian","2026-05-09 12:46:25",0.85253,2,shushanhovhannisian
2762,15816516,"Eric Ekholm","2026-05-01 15:31:34",0.85207,1,ekholme
2763,15882186,Mahesh1718,"2026-05-12 15:22:52",0.85009,1,mahesh1718
2764,15918092,LR.Active,"2026-05-10 13:51:54",0.84922,3,lractive
2765,15821345,"kudom Kouhh","2026-05-02 00:53:05",0.84695,3,kudomkouhh
2766,15860074,Sapna,"2026-05-30 18:07:28",0.84584,11,sapna7
2767,16066772,"Daniel Yi","2026-05-31 14:30:55",0.84534,1,liminalityyy
2768,15945823,"Dhamudi Dev","2026-05-13 12:02:59",0.84531,2,dhamudidev
2769,16031609,"Aliyah Bello","2026-05-20 23:02:18",0.84497,1,aliyahbello
2770,15809869,"shajid ali khan","2026-05-02 07:04:27",0.84394,2,shajidalikhan
2771,15880207,brette_an,"2026-05-26 13:50:33",0.84227,1,brettean7
2772,16094336,"Jack Ib","2026-05-28 01:47:28",0.84084,1,jackib
2773,15906222,SFJ-san,"2026-05-27 09:14:09",0.83863,2,sfjsan
2774,16072814,"Lukas Strack","2026-05-25 13:39:22",0.83791,1,lukasstrack
2775,15948977,"Anandhi Nallaganti","2026-05-13 15:22:07",0.83767,1,anandhinallaganti
2776,16036353,"Utkarsh Raj ","2026-05-27 11:01:54",0.83622,2,utkarshraj23
2777,15977035,mrtorgash,"2026-05-31 23:36:35",0.83586,6,mrtorgash
2778,15949485,"Dhruv Gupta","2026-05-26 05:08:49",0.83557,1,dhruvgupta2809
2779,15850286,kJenxx,"2026-05-18 13:56:54",0.83540,4,kjenxx
2780,15889462,"Erik Geghamyan","2026-05-09 12:57:00",0.83493,3,erikgeghamyan
2781,15845113,Wendy_Zhou666,"2026-05-04 07:22:01",0.83471,1,wendyzhou666
2782,16023466,"Rahul Sutradhar","2026-05-23 15:26:36",0.83458,6,rahulsdhar51
2783,15805666,shinorin,"2026-05-21 07:32:54",0.83439,9,shinorin
2784,15857713,"Vincentius Leonanda Prabowo","2026-05-17 16:05:28",0.83406,4,vincentius1013
2785,15833879,"Shoyb Hasan","2026-05-23 12:15:16",0.83363,8,shoybhasan
2786,15896684,locomo2022,"2026-05-08 13:15:42",0.83343,2,locomo2022
2787,15976009,"Cyber Maphian","2026-05-16 05:06:38",0.83336,2,abdullahisunday
2788,16107904,"Zhou Yajun","2026-05-29 07:21:17",0.83318,1,zhouyajun
2789,15814443,"Sinh Nguyễn Đức","2026-05-01 14:00:08",0.83316,2,sinhnguync
2790,15984532,"RAHUL A7237","2026-05-22 04:04:03",0.83304,7,rahula7237
2791,16056333,"sugi 172","2026-05-24 14:30:28",0.83288,8,sugi172
2792,15894296,Ramkumar4240,"2026-05-08 10:21:00",0.83277,2,ramkumar4240
2793,15819058,Sarthak,"2026-05-08 18:09:12",0.83269,2,sarthak914
2794,15829534,"dawood Zargar","2026-05-02 16:53:26",0.83258,4,dawoodzargar
2795,16041652,"Фёдор Алифанов","2026-05-21 15:42:03",0.83255,2,psychocoderxd
2796,16007739,"Gaurav Pathak","2026-05-22 17:19:43",0.83249,2,gauravpathakml
2797,15851752,Erik.M,"2026-05-13 08:14:13",0.83246,1,harharharhar
2798,15842625,hskz1125,"2026-05-05 07:30:13",0.83242,2,hskz1125
2799,15832334,Achilov15,"2026-05-03 14:01:23",0.83241,5,achilov15
2800,15893932,"Saurab Godse","2026-05-08 07:51:56",0.83219,1,godsesaurab
2801,16025056,DIVYANSHI22IOT,"2026-05-20 14:23:42",0.83213,3,divyanshi22iot
2802,15847678,"Tien Thang Mai","2026-05-30 13:38:15",0.83210,5,tienthangmai
2803,15859453,"Ali Akbar","2026-05-19 19:21:33",0.83204,6,syedaliakbar110
2804,16005643,"Md Anwar Hossen","2026-05-21 09:23:51",0.83197,10,anwar53
2805,15916015,Reisen074,"2026-05-10 07:32:44",0.83179,1,reisen074
2806,15838577,"ZUBAYER ISFAR","2026-05-08 14:44:52",0.83171,2,jubayerisfar
2807,16098495,"Vigneshwaran S","2026-05-28 08:33:30",0.83165,5,vigneshwaransundar
2808,15885851,"Shubh Srivastava","2026-05-13 05:25:18",0.83161,1,shubh7608964875
2809,16087955,"Mohammed junaith sulthan j","2026-05-27 03:28:01",0.83086,4,junaith2006
2810,15807168,"jevil savani","2026-05-21 11:15:17",0.83066,6,jevilsavani
2811,15852436,Samvel,"2026-05-25 13:05:10",0.83063,8,samvelgalstyan
2812,15897925,SebKay,"2026-05-08 13:59:57",0.83029,4,sebkay
2813,15890443,"Hue Chau","2026-05-23 16:25:27",0.82997,3,huechau
2814,16071423,Hrach555,"2026-05-25 09:48:21",0.82997,1,hrach555
2815,16056416,"Furkan Eren Kumcu","2026-05-25 13:17:47",0.82988,1,furkanerenkumcu
2816,15999796,"Piyush Kumar","2026-05-17 09:35:54",0.82988,1,piyushkumar371
2817,15827491,"Gloire Bisimwa","2026-05-11 04:10:46",0.82985,2,gloirebisimwa
2818,16116782,dev,"2026-05-31 21:05:39",0.82984,3,devjaneshbhaskar
2819,15877477,Gregoooh,"2026-05-31 11:13:41",0.82963,18,gregoooh
2820,16001158,荔蛤蝦給我,"2026-05-17 10:24:30",0.82940,4,azq0828
2821,15941976,"Arnav Gawandi","2026-05-13 18:31:50",0.82939,3,arnavgawandi
2822,16103245,Srinija,"2026-05-30 13:19:22",0.82938,3,madisrinija
2823,15821776,"gabriel buchhorn","2026-05-13 23:01:23",0.82917,2,gabrielbuchhorn
2824,15959118,"Ahmed Mohamed Galal","2026-05-14 16:51:57",0.82915,2,ahmed12998
2825,15956028,"Sadman Ishtiak","2026-05-14 09:10:43",0.82909,3,sadmanishtiak
2826,15811620,Eito21,"2026-05-08 12:50:55",0.82889,6,eitohoshino
2827,15825281,"Михаил Седов","2026-05-22 13:37:58",0.82887,1,teacher32
2828,16043996,saiakshay987,"2026-05-22 07:17:35",0.82880,3,saiakshay987
2829,16001518,Fenix1,"2026-05-17 10:49:13",0.82873,2,fenix1
2830,16047831,"Aman Singh Choudhary","2026-05-22 09:25:50",0.82853,1,amansinghchoudhary
2831,15914348,"Abubakar Magomedov","2026-05-28 16:40:16",0.82843,5,magomedovabubakarz
2832,15819629,jfr4d3,"2026-05-20 08:49:41",0.82834,3,jfr4d3
2833,16048190,"澤田 悠希","2026-05-26 11:50:57",0.82825,8,yukisawa05
2834,16004956,"sisard fates","2026-05-18 12:05:06",0.82810,2,sisardfates
2835,16051653,"Manya Dhamija","2026-05-28 05:50:05",0.82801,1,manyadhamija
2836,15819109,"Achal Kumar","2026-05-21 16:08:49",0.82790,1,achalkumar
2837,15870791,Naki,"2026-05-06 07:38:05",0.82741,1,nanakiohashi
2838,15836417,SingUsASong,"2026-05-07 21:09:49",0.82727,3,takadahiroshi
2839,15841394,"Arnav Shendurnikar","2026-05-03 19:29:53",0.82667,2,arnavshendurnikar
2840,16056116,Trii,"2026-05-23 12:06:05",0.82665,1,triikb
2841,15872784,"Xander Zoom","2026-05-19 01:57:34",0.82643,2,xanderzoom
2842,15912727,"Benjamin Lin","2026-05-09 23:56:47",0.82625,1,neblin
2843,15839065,"Dibyakalyan Ratha","2026-05-13 15:54:13",0.82624,2,dibyakalyanratha
2844,16118437,"Filip Martinek","2026-05-30 12:43:28",0.82618,3,filipmartinek
2845,15931847,Дмитрий,"2026-05-16 08:56:24",0.82608,2,dmitriyzykin
2846,16096381,"The Cheat","2026-05-31 23:47:08",0.82595,3,labskp
2847,15828058,KALmia,"2026-05-04 08:25:08",0.82557,3,kalmia2000
2848,15829939,Munish_4567,"2026-05-04 13:10:30",0.82527,3,munish4567
2849,15839023,"takanori hayashi","2026-05-08 17:45:46",0.82444,2,takanorihayashi
2850,16044699,"Alan Qiao","2026-05-21 20:50:40",0.82419,1,alanq6
2851,16097942,Dhananjay_Sharma_8950,"2026-05-28 17:30:53",0.82339,4,dhananjaysharma8950
2852,16067566,yklulu,"2026-05-25 08:23:53",0.82293,2,yklulu
2853,16016470,"Alexandre Rodrigues Fernandes","2026-05-18 19:34:09",0.82284,4,alexpt2k22
2854,16062877,CassioFernandoAlves,"2026-05-25 02:32:38",0.82275,3,cassiofernandoalves
2855,16050902,joseph,"2026-05-22 16:34:12",0.82263,1,yosiajosephchandra
2856,15854243,A.Rahul,"2026-05-04 22:40:16",0.82242,1,rahul1934
2857,15930382,"Artyom Sayapin","2026-05-14 17:02:19",0.82240,1,spielmeister
2858,15860441,"Marieke Kopmels","2026-05-16 08:13:41",0.82236,2,mariekekopmels
2859,15822993,"M Abubakar","2026-05-12 07:04:57",0.82228,1,abubakar9196
2860,15877993,steven556610,"2026-05-06 18:45:23",0.82212,2,steven556610
2861,15814512,SongHuang01,"2026-05-04 09:13:59",0.82139,2,songhuang01
2862,16051727,"Gaurav Kokila","2026-05-22 18:45:32",0.82074,1,gauravkokila
2863,16050990,"Arya Ambastha","2026-05-27 04:20:39",0.81898,2,aryaambastha
2864,15939300,"Garrick C.P.","2026-05-19 18:41:32",0.81886,2,garrickchinnis
2865,15875430,ivan_frolov,"2026-05-18 16:59:29",0.81850,3,ivanfrolovs
2866,15925558,"Piotr Franc","2026-05-12 08:07:27",0.81793,1,piotrfranc
2867,15995741,"Ayush Agrawal","2026-05-31 14:03:26",0.81788,1,ayushagrawalin67
2868,15942668,pranjalinajolie,"2026-05-24 22:56:49",0.81727,1,pranjalinajolie
2869,15856212,"Neil Tamhankar","2026-05-05 04:19:30",0.81718,2,neiltamhankar
2870,15842700,"Mihir Naik","2026-05-04 20:56:18",0.81716,3,mihirnaik05
2871,16096297,"Tassawar Abbas","2026-05-28 02:32:39",0.81660,2,abbas829
2872,15910844,"Tanzim Nehal","2026-05-10 17:40:02",0.81594,4,tanzimnehal
2873,15820754,OxN1xqe,"2026-05-02 11:16:14",0.81571,1,oxn1xqe
2874,16076958,"Breno Saran","2026-05-28 04:00:20",0.81560,2,brenosaran
2875,16093960,"Zane Qureshi","2026-05-30 21:47:17",0.81518,3,zanequreshi
2876,16094827,atnichols20,"2026-05-29 02:47:32",0.81511,2,atnichols20
2877,15867310,Senya_24,"2026-05-05 22:58:04",0.81507,1,senya24
2878,15995593,LukasB249,"2026-05-24 22:10:40",0.81470,3,lukasb249
2879,16097660,"Aniruddha Sharma","2026-05-28 15:54:53",0.81465,1,aniruddhasharma04
2880,16071857,"Jiang muhai","2026-05-31 06:12:04",0.81292,1,jiangmuhai
2881,15906358,"Keiya Takizawa","2026-05-28 13:05:28",0.81278,4,keiyatakizawa
2882,15977392,"Burcu Daşer Özgişi","2026-05-23 20:36:10",0.81271,2,burcudaerzgii
2883,15850551,"Katuoo ","2026-05-31 14:41:31",0.81239,10,katuoo
2884,16079137,DoctorNikhilDJ,"2026-05-26 06:03:36",0.81182,2,doctornikhildj
2885,15853631,"Andre Endress","2026-05-06 04:51:36",0.81172,2,andreendress
2886,16030926,"jiayang Chen264","2026-05-28 05:25:23",0.81112,1,jiayangchen264
2887,16100191,Bonus1021,"2026-05-29 19:02:19",0.81108,1,bonus1021
2888,15993650,adhikariaadi7,"2026-05-16 17:02:41",0.81097,2,adhikariaadi7
2889,15949534,"ASHISH BISARIYA","2026-05-16 07:07:31",0.81056,1,ashishxrohit
2890,15991564,zhanglinyu15,"2026-05-17 08:38:11",0.81047,2,zhanglinyu15
2891,16095339,"Chris B","2026-05-28 20:31:48",0.81038,4,blaircda
2892,15809451,mitsushin,"2026-05-01 08:49:43",0.81024,4,mitsushin
2893,15827082,Abodyelneel,"2026-05-26 01:21:13",0.81016,3,abodyelneel
2894,15816575,"Gagan S Ravi","2026-05-01 15:14:41",0.80971,1,gagansravi
2895,16018634,"LOKIAT ZHOU","2026-05-25 08:04:08",0.80881,1,lokiatzhow
2896,16004061,G.P.Shrinil,"2026-05-21 17:09:10",0.80862,4,codewgps
2897,16013920,"Raev Epong","2026-05-20 15:48:27",0.80768,4,raexotaku
2898,15919625,"Michael Istomin","2026-05-10 15:10:24",0.80645,1,michaelistomin
2899,15918723,Vanshika0902,"2026-05-28 06:40:24",0.80640,2,vanshika0902
2900,16049767,"Emmanuel Kiptim","2026-05-23 18:57:08",0.80577,2,emmanuelkiptim
2901,15920833,"Daniel Keys","2026-05-12 16:33:39",0.80556,1,danielkeys
2902,15967419,Lewis,"2026-05-15 21:29:55",0.80404,3,lewisssst
2903,15804899,NagaKoba,"2026-05-15 05:48:35",0.80389,1,nagakoba
2904,16035743,"Mazen Mohamed Soliman","2026-05-25 13:58:26",0.80282,7,mazenmohamedsoliman
2905,16110607,"Ankit Zolaniya","2026-05-29 13:42:29",0.80279,1,ankitzolaniya
2906,16070322,"Dmitrii Folts","2026-05-31 16:24:23",0.80259,1,dmitriifolts
2907,16087864,ludwig_vin_berg,"2026-05-30 03:07:21",0.80254,1,ludwigvinberg
2908,15811223,"Nabin Oli","2026-05-06 02:56:33",0.80053,1,nabinoli2004
2909,16105535,Yuckie2110,"2026-05-29 04:54:33",0.80041,1,yuckie2110
2910,16120228,"Inuyanagi Yuu","2026-05-31 09:15:24",0.79916,15,inuyanagiyuu
2911,15862956,"Richmond Ko","2026-05-05 17:12:43",0.79906,1,richmondko
2912,15884348,安知鱼鱼,"2026-05-08 04:44:52",0.79885,3,fdemain
2913,15899317,"manish Raikwar","2026-05-12 08:52:54",0.79875,4,manishraikwar
2914,16089863,"Krutagana Patel","2026-05-27 08:48:28",0.79830,1,krutaganapatel
2915,15988694,Ritik,"2026-05-25 00:40:46",0.79626,4,cayoti
2916,15926673,"Thijs Geertman","2026-05-11 13:29:31",0.79487,1,thijsgeertman
2917,16004979,"PHÁT LÊ THÀNH","2026-05-17 19:37:21",0.79396,8,sayop0107
2918,15893276,"Pranav Poominathan","2026-05-08 04:46:14",0.79090,1,pranavpoominathan
2919,16079423,YanaPIIDXer,"2026-05-26 08:34:57",0.79050,4,yanapiidxer
2920,15850560,Winnie-the-Pooh,"2026-05-17 06:43:50",0.78973,1,tamanegioishi
2921,15875455,s22990038,"2026-05-10 00:12:24",0.78947,16,s22990038
2922,16024904,"Jingying Ma","2026-05-25 07:53:46",0.78931,1,ma2035957
2923,15851046,longnuub,"2026-05-06 01:03:11",0.78786,2,longnuub
2924,16089065,"변상빈 ","2026-05-31 13:16:43",0.78552,4,bsb0324
2925,15846026,"Yashita Kumar","2026-05-31 16:13:56",0.78549,3,yk1409
2926,16040792,cinnamol,"2026-05-26 09:44:12",0.78234,2,cinnamol
2927,16007736,"Sashi Adhithya","2026-05-18 05:24:45",0.78155,1,sashiadhithya
2928,15929926,"Philippe Coulombe","2026-05-18 19:30:33",0.78005,2,philippecoulombe
2929,15850823,"Yoann L","2026-05-12 14:44:47",0.77829,2,lyoannds
2930,16018722,"Andrew Liang","2026-05-31 07:28:23",0.77296,3,anl121
2931,15854201,"Sam Wenzel","2026-05-04 23:27:30",0.77207,7,samwenzel
2932,15840779,"Deep Patil","2026-05-17 10:54:15",0.77127,2,deeppatil1
2933,16093296,Kevinleeer,"2026-05-27 22:06:48",0.77048,1,kevinleeer
2934,16088769,jianlin3,"2026-05-30 13:50:56",0.76124,4,chienlin715
2935,16097339,孫郁容syrung,"2026-05-28 12:22:53",0.75445,4,syrung
2936,16098038,"Koji Minami","2026-05-30 07:13:14",0.74743,1,kojisouth
2937,15977866,"Lorenzo Pedrini","2026-05-20 17:17:45",0.74207,12,lorenzopedrini
2938,15962926,Lipi,"2026-05-14 06:40:17",0.74035,1,lipi13
2939,15984274,emwanjohi,"2026-05-22 12:42:08",0.73376,1,emwanjohi
2940,15864005,"Michael Walker","2026-05-05 19:00:56",0.72727,2,michaelwalker11
2941,15893723,"ridwan islam","2026-05-12 20:55:21",0.72344,1,ridwanislam
2942,15913389,TommyMSCS,"2026-05-09 23:27:05",0.72094,2,tommymscs
2943,16044948,"Sudhanshu Narayane","2026-05-23 18:03:17",0.71446,2,sido101101
2944,15881905,"Ricardo xup","2026-05-24 15:04:15",0.69755,8,ricardoxup
2945,16099035,"Harsh Shah","2026-05-28 09:54:51",0.69666,1,enkyyyy
2946,16076764,"Uros Ristivojevic","2026-05-27 08:05:02",0.68428,1,ristivojevic
2947,15850374,MarkLeones,"2026-05-05 15:27:41",0.68379,1,markleones
2948,15833035,柏本晃亮,"2026-05-04 00:03:08",0.67494,1,kashimotokousuke
2949,15908943,"Mohammed Fahad.S","2026-05-10 09:33:51",0.66924,9,mohammedfahads
2950,15881515,fly_cow,"2026-05-07 09:40:25",0.65928,1,flycow
2951,15997781,"Luke Pipkin","2026-05-28 20:34:06",0.64761,3,lukepipkin
2952,16100849,"Gautam Jaiswal","2026-05-31 07:32:40",0.64129,1,matplotlibpandas
2953,16004130,joseylocs@yahoo.com,"2026-05-17 15:55:52",0.63995,1,joseylocsyahoocom
2954,16111509,PMG1108,"2026-05-30 10:15:50",0.63894,2,pmg11082006
2955,15903476,"Sangeetha Sasikumar","2026-05-31 18:11:57",0.63335,1,sangeetha007
2956,15990989,"Abdullah Al Masum","2026-05-31 17:33:40",0.63291,20,ibnulmisbah
2957,15847696,Anikyon,"2026-05-05 08:22:25",0.63160,1,ankbz1988
2958,15912124,"Aymane Laabadi","2026-05-10 00:09:42",0.59951,2,aymanelaabadi
2959,15937221,Guziobi,"2026-05-12 14:19:58",0.59091,1,guziobi
2960,15930300,Vater_131ym,"2026-05-13 16:16:37",0.57840,9,vater131ym
2961,15978901,Saloni,"2026-05-31 14:02:02",0.57066,1,salonipandagale
2962,15937714,"Miral Ibrahim","2026-05-12 11:34:04",0.54296,2,miralibrahim
2963,15921479,"OJO JADESOLA","2026-05-10 21:28:38",0.54151,1,ojojadesola
2964,16073580,"Jonathan T","2026-05-25 14:13:10",0.52973,2,jtdataperuser
2965,15840512,TusharSingh060706,"2026-05-03 19:56:37",0.51501,2,tusharsingh060706
2966,16089318,"Jaeheeeee Jang","2026-05-27 08:14:04",0.51200,1,jaeheeeeejang
2967,16061709,"Joseph Dragon","2026-05-24 09:06:17",0.50398,2,josephdragon
2968,15934931,Srinidhidevaraj,"2026-05-12 10:01:31",0.50322,3,srinidhidevaraj
2969,16056407,Fried-MK,"2026-05-27 12:28:25",0.50299,2,friedmk
2970,15925328,zkx1,"2026-05-11 13:04:12",0.50298,1,gsvjsvh
2971,15867268,"omar ahmed alshoaipi","2026-05-11 19:43:27",0.50284,4,omarahmedalshoaipi
2972,15973003,"Vansh Goel","2026-05-23 14:26:17",0.50232,1,ogvanshgoel
2973,15995954,"Yashwanth Aravind","2026-05-17 08:48:58",0.50189,1,yashwantharavind
2974,16009470,"shajeer sheikh","2026-05-18 16:52:58",0.50182,1,shajeersheikh
2975,15936027,"Subham Gupta","2026-05-12 07:12:02",0.50173,1,subham09g
2976,16055783,"Khushal Thanvi","2026-05-26 14:12:51",0.50167,1,"khushalt,laxmiramangudewar"
2977,15997020,"Mykhailo Nedodai","2026-05-23 09:14:13",0.50159,4,sarmat
2978,15804248,romin_123,"2026-05-01 05:54:51",0.50152,1,romin123
2979,15920003,"Muntaha Agoun","2026-05-11 02:30:08",0.50144,2,muntahaagoun
2980,15884094,"Batuhan Özdemir","2026-05-07 16:05:02",0.50138,1,iamnotindangerskyler
2981,16084637,Ayush526,"2026-05-26 15:45:02",0.50135,1,ayush526
2982,15891879,UmangDobhal03,"2026-05-08 05:58:38",0.50134,8,umangdobhal03
2983,15926992,Noob786,"2026-05-11 12:16:51",0.50123,1,noob786
2984,16023321,"Revati N","2026-05-27 11:20:20",0.50111,1,revatisn
2985,15869414,"Krithik Gokul S ","2026-05-06 03:16:39",0.50083,1,krithikgokuls
2986,15834387,"Prithwiswar Bhattacharya","2026-05-09 13:58:49",0.50082,2,prithwiswarbhatt
2987,15900649,mungo321,"2026-05-08 17:48:09",0.50072,1,mungo321
2988,15840583,"Sheikh Abdul Rehman","2026-05-22 14:28:35",0.50017,1,sarcasmos
2989,15837832,"Ιωάννης Σταμελιάς","2026-05-21 15:02:45",0.50004,2,giannhsstamelias
2990,15821963,Shoto,"2026-05-02 01:47:21",0.50000,1,bloodymonday
2991,15839070,Younus_Mohamed,"2026-05-03 18:07:16",0.50000,1,younusmohamed
2992,15815505,"Ayush Khaire","2026-05-06 13:24:21",0.50000,1,ayushkhaire
2993,15875733,Yavuz,"2026-05-06 14:35:04",0.50000,1,chepnii
2994,15908936,山有扶苏,"2026-05-09 10:40:11",0.50000,1,shujunpu
2995,15916351,"TAN Wee Han","2026-05-10 07:00:11",0.50000,1,oxgadfly
2996,15921825,"Santiago D. J. V. G.","2026-05-11 08:49:11",0.50000,15,seasthaalores
2997,15994710,"Harsh Kataria ","2026-05-17 05:05:01",0.50000,1,harshkataria08
2998,16023240,"Ayomide Alabi08469","2026-05-19 12:06:38",0.50000,1,ayomidealabi08469
2999,16039212,"praneeth kumar","2026-05-21 07:36:26",0.50000,2,praneethkumar39
3000,16031736,"shubhajoy das","2026-05-24 14:26:59",0.50000,1,jimmycool
3001,16072186,Texxi,"2026-05-25 10:52:03",0.50000,1,texxii
3002,16078621,"K Gopalakrishnan","2026-05-26 03:48:15",0.50000,10,gopalkk2
3003,16089327,limminhyuck_1201,"2026-05-27 06:56:52",0.50000,1,limminhyuck2
3004,16090317,cypher9x,"2026-05-27 09:16:39",0.50000,1,cypher9x
3005,16103681,"Mohanraj M","2026-05-29 10:35:58",0.50000,1,mohan1511
3006,16109598,"Hamik Manukyan","2026-05-29 11:50:52",0.50000,1,hamikmanukyan
3007,16120653,"Vivek Kumar sahu","2026-05-30 15:54:17",0.50000,2,vivekkumarsahu07
3008,16072650,"Mardhav H","2026-05-30 17:03:47",0.50000,1,mardhavh
3009,16129455,"Teenoj Teenoj","2026-05-31 07:08:24",0.50000,1,teenojteenoj
3010,15834661,"Sangeeta Boora","2026-05-03 05:58:59",0.49993,10,sangeetaboora
3011,16094870,"Mahmoud saad Elgharib","2026-05-31 08:59:58",0.49939,1,mah20050
3012,16118554,"Aek Meddad","2026-05-30 14:27:59",0.49933,1,aekmeddad
3013,16023031,"Ala Majouri","2026-05-19 14:31:42",0.49923,1,alamajouri
3014,15884409,"Nicolas Le Bozec","2026-05-07 15:59:59",0.49888,1,nicolaslebozec
3015,16136727,"Lewis Rundle","2026-05-31 22:54:46",0.49880,1,lewisrundle
3016,15815241,"Animan khandelwal","2026-05-13 12:21:53",0.49842,1,animankhandelwal
3017,16100465,"QIU ZJ","2026-05-30 04:08:59",0.49776,9,imchiu
3018,15880949,yuezi,"2026-05-08 11:40:31",0.49774,3,yuezi5
3019,15809584,"Satyam Choubey","2026-05-11 02:53:17",0.45549,1,satyamchoubey100
3020,16076906,samuelpndx,"2026-05-29 20:17:06",0.45079,1,samuelpndx
3021,15982777,Ww2230545148,"2026-05-15 13:00:34",0.34874,1,ww2230545148
3022,15909702,Someshfords,"2026-05-23 08:31:01",0.16073,1,someshfords
