Rank,TeamId,TeamName,LastSubmissionDate,Score,SubmissionCount,TeamMemberUserNames
1,15863637,"Data User","2026-05-31 05:59:58",0.95497,83,unseenuser
2,15837151,"Chris Deotte","2026-05-31 13:27:28",0.95493,69,cdeotte
3,15809041,"Mikhail Naumov","2026-05-31 23:58:49",0.95490,194,mikhailnaumov
4,15803783,MILANFX,"2026-05-31 21:54:23",0.95490,47,milanfx
5,15803870,Optimistix,"2026-05-31 23:58:16",0.95488,195,optimistix
6,15811811,"Kaggler Sergio","2026-05-24 19:06:09",0.95481,134,kagglersergio
7,15820398,Ak,"2026-05-31 12:01:03",0.95475,93,abisheksrivastav
8,15806339,"Don Mani","2026-05-31 10:19:35",0.95471,104,donmarch14
9,15808543,Mahog,"2026-05-31 23:33:49",0.95471,16,mahoganybuttstrings
10,15804069,Alan1305,"2026-05-30 10:40:24",0.95466,19,alan1305
11,16015524,"Andreas Palmgren","2026-05-31 15:09:31",0.95466,52,andreaspalmgren
12,15803961,"Cyril Bourgeois","2026-05-25 11:16:56",0.95465,128,cyrilbourgeois
13,15803769,"Masaya Kawamata","2026-05-31 09:13:58",0.95464,53,masayakawamata
14,15804127,Jerry,"2026-05-31 19:58:08",0.95464,64,jerry34
15,15927977,"Martin Gabd","2026-05-30 21:03:34",0.95462,91,martins0n
16,15805615,たかゆき,"2026-05-31 00:33:16",0.95460,223,takayuki0127
17,15803803,"Ravi Ramakrishnan","2026-05-31 17:25:18",0.95459,132,"arunklenin,ravi20076"
18,15820395,"Shiv Satyam","2026-05-31 22:44:53",0.95459,70,shivsatyam
19,15868845,miki,"2026-05-31 00:08:30",0.95458,160,miki2025lee
20,16019498,yunseungmin0531,"2026-05-31 13:04:42",0.95458,79,yunseungmin0531
21,15969615,adam2go,"2026-05-21 09:03:09",0.95458,40,adam2go
22,15894355,"Saivedant Hava","2026-05-31 20:22:59",0.95458,51,saivedanthava
23,16091087,imaeakira,"2026-05-31 08:44:44",0.95457,42,imaeakira
24,15837629,ChrisLeiteScha,"2026-05-31 11:51:40",0.95457,105,chrisleitescha
25,15810232,"Mathurin Ache","2026-05-26 06:49:24",0.95457,7,mathurinache
26,15889435,"seethelight luo","2026-05-31 03:07:57",0.95457,30,seethelightluo
27,16121761,"Kevin Petersburg","2026-05-31 02:19:15",0.95456,9,kevinpetersburg
28,15805220,UtaAzu,"2026-05-31 23:50:26",0.95456,127,utaazu
29,15858013,Shelton,"2026-05-30 13:08:36",0.95456,41,wangxintong111
30,16060010,Forever,"2026-05-27 14:06:34",0.95456,10,xife6244
31,15978258,MASADDPG,"2026-05-30 08:40:28",0.95455,66,masaddpg
32,15806406,"Alexander Biller","2026-05-30 10:20:00",0.95455,22,alexandrbiller
33,16057925,SeaL77773,"2026-05-27 13:58:30",0.95455,30,seal77773
34,15808511,"Elvis Bui","2026-05-30 00:01:51",0.95455,41,elvisbui
35,15841489,"Sohail Khan","2026-05-31 19:09:37",0.95455,130,sohailkhanlml
36,15853215,"C O U R S E R A   X   J E P A","2026-05-31 19:02:05",0.95455,230,"deeplearnerrr,sahilkhan89"
37,15803926,Jorgen9B,"2026-05-31 20:47:58",0.95455,45,jorgen9b
38,15807166,"Aryan Kaisth","2026-05-31 18:45:44",0.95455,53,aryankaisth
39,16055879,"ahmed cherif","2026-05-27 09:30:36",0.95455,39,ahmedcherif19111998
40,16033266,yanTemple,"2026-05-26 02:49:48",0.95455,17,"rubybingo,yantemple"
41,15805080,"Arko Bera","2026-05-31 16:58:28",0.95455,40,cartoonistbeard
42,15827947,CAPRICORNUS0908,"2026-05-31 12:13:06",0.95455,87,capricornus0908
43,15979074,Ray,"2026-05-30 02:10:03",0.95454,92,ruihaokaggle
44,15947326,"Michael Y. Qiu","2026-05-31 15:09:48",0.95454,40,michaelqiu0606
45,15874614,"Mikhail Naumov IS WINNER!!!!!!","2026-05-26 12:03:59",0.95454,55,arbaaz1213fa
46,15811179,Ern711,"2026-05-31 07:36:12",0.95454,42,ern711
47,16074606,"Factual Explorer","2026-05-31 13:54:40",0.95454,26,factualexplorer
48,16009202,LECLARE44,"2026-05-31 14:58:32",0.95454,124,amulopapa67
49,15804897,"Santiago Maniches","2026-05-31 18:43:24",0.95454,112,santmani
50,16006000,NM_go,"2026-05-29 19:33:17",0.95454,39,"milindc02,nishtha22"
51,15803963,"Vladimir Demidov","2026-05-31 22:07:30",0.95454,234,yekenot
52,16077023,Yufeng,"2026-05-26 00:21:07",0.95454,20,mxtennet
53,16041694,Laksamada,"2026-05-24 14:49:41",0.95454,16,fachri00
54,16055963,"Vardan Adibekyan","2026-05-29 12:12:05",0.95454,57,vardanadibekyan
55,16023555,k-kuwa987,"2026-05-31 14:05:47",0.95454,93,kkuwa987
56,15834782,IEEM26_112034023,"2026-05-31 19:41:50",0.95454,41,joypig
57,15927078,"Ilja Grigorjev","2026-05-27 17:34:24",0.95454,68,iljagrigorjev
58,15838961,IEEM26_111034003,"2026-05-31 06:22:24",0.95454,73,lurayaimonitor
59,15821973,"Kun Zhang","2026-05-31 05:31:24",0.95454,233,beicicc
60,16080103,IEEM26_112034019,"2026-05-30 13:34:36",0.95454,15,gaysonorthotdaughter
61,16042806,IEEM26_110034059,"2026-05-31 07:24:10",0.95454,28,shark1008
62,15986138,DataRegressor,"2026-05-31 23:31:25",0.95454,38,azzamradman
63,16008313,"Tony Fish","2026-05-31 22:23:33",0.95454,30,xz1vby
64,15816583,OzanM.,"2026-05-31 12:26:05",0.95454,26,analyticaobscura
65,15933919,cwxcwxcwxcwx,"2026-05-26 00:12:09",0.95454,41,cwxcwxcwxcwx
66,16073692,Soilair,"2026-05-31 01:56:31",0.95454,32,soilair
67,15809019,kif,"2026-05-31 08:13:56",0.95454,38,echigobran
68,15830618,"Shigeru Kondou","2026-05-30 16:37:28",0.95454,49,shigerukondou
69,16037602,"Ziheng Zhang","2026-05-29 08:23:12",0.95454,67,"firmament77,nudtdmzzh"
70,16084701,银龙今天读博了吗？,"2026-05-26 14:36:55",0.95454,1,boyanyanbo
71,15983650,서태혁asdad,"2026-05-26 08:04:54",0.95454,19,asdsd123
72,16094036,liesegang,"2026-05-28 01:01:13",0.95454,20,liesegang
73,16097837,晨辰CC,"2026-05-31 16:30:29",0.95454,26,ccyuycc
74,15809028,Vandit,"2026-05-31 08:57:00",0.95454,73,vandittyagi0909
75,15803753,F.A.Nina,"2026-05-23 08:35:51",0.95454,181,nina2025
76,15930407,"RITTWIK BHOWMICK","2026-05-30 06:34:26",0.95454,65,rittwikbhowmick
77,16052135,Xenon,"2026-05-25 14:53:10",0.95454,22,jollyxenon
78,15917327,yzpeng666,"2026-05-23 11:15:18",0.95454,31,yzpeng666
79,15809943,Yaserntx',"2026-05-30 09:09:57",0.95454,22,yashanathaniel
80,15805819,kglctf,"2026-05-31 00:25:19",0.95454,277,kglctf
81,15825992,Badi61,"2026-05-29 08:46:49",0.95454,35,"ardars,bekircaglar,melikahpolat"
82,15804728,"Jeki Wan Taufik","2026-05-31 05:25:52",0.95454,49,jek1wantaufik
83,16046369,"Hu Xingyu","2026-05-30 05:18:49",0.95454,5,huxingyu
84,16014867,OxFFFs,"2026-05-25 07:42:21",0.95454,37,oxfffs
85,15963661,IEEM26_112030032,"2026-05-29 14:50:27",0.95454,36,c112030032
86,15805809,AshishSinghRawat,"2026-05-31 10:10:05",0.95454,52,rawashishsin
87,16082757,coder738,"2026-05-27 12:25:21",0.95454,18,coder738
88,15926330,"Goal Triangle","2026-05-31 03:49:59",0.95454,23,"aplish,izzuek,ourving"
89,15879391,WBF_USA_NYC,"2026-05-27 04:42:26",0.95454,99,wbfranci
90,15818815,"Giovanny Rodríguez","2026-05-31 18:25:03",0.95454,88,giovannyrodrguez
91,15811627,"Omkar Kashid","2026-05-31 09:09:33",0.95454,30,omkarkashid1168
92,15934385,"Rasulbek Qodomboyev","2026-05-23 19:36:30",0.95454,17,rasulbekqadamboyev
93,15998450,CharlesChi_94,"2026-05-25 00:30:30",0.95454,17,charleschi94
94,15870797,"Rahul Poddar","2026-05-27 16:43:09",0.95454,10,rahulpoddar477
95,15868791,JWuZhu,"2026-05-26 09:46:52",0.95454,68,jwuzhu
96,16043284,"Melson Li","2026-05-24 04:44:47",0.95454,14,"melsonli,youareheisenberg"
97,16083739,IEEM26_112034033,"2026-05-30 07:23:57",0.95454,8,s112034033
98,16105293,"kevin zhou","2026-05-30 16:10:41",0.95454,11,kevinzhou66
99,16078772,firefox0331,"2026-05-31 08:58:28",0.95454,25,firefox0331
100,15973034,"Aniket Arora","2026-05-29 17:35:40",0.95454,25,aniketarora1
101,15818598,"Peter Staykov","2026-05-29 20:57:03",0.95454,11,peterstaykov
102,15892606,"Abhay Singh","2026-05-25 07:43:11",0.95454,8,battkeninza
103,16053835,"SAQA SIRE","2026-05-31 07:09:41",0.95454,21,ssstelmah
104,15804405,AnthonyTherrien,"2026-05-31 10:38:37",0.95454,49,anthonytherrien
105,15862924,IEEM26_112034053,"2026-05-23 03:45:09",0.95454,8,hyt804
106,15816958,"우리는 잠겨있다","2026-05-24 06:15:28",0.95454,38,"justinkyh,sparrowsteelduck"
107,15809187,"Samyakraj Bayar","2026-05-31 12:54:25",0.95454,69,samyakrajbayar
108,15984734,"Nithin maktha","2026-05-31 08:39:53",0.95454,34,makthanithin
109,15836478,IEEM26_112034038,"2026-05-23 06:52:11",0.95454,5,s112034038
110,15817585,"Ruined Nikita Cat","2026-05-31 07:24:02",0.95454,4,afifalisaadman
111,15813651,"Aman Atar","2026-05-23 07:45:51",0.95454,65,amanatar
112,15831011,IEEM26_112034052,"2026-05-30 19:58:43",0.95454,12,sylvie23
113,15811631,"md farhaan akhtar","2026-05-31 18:24:26",0.95454,48,mdfarhaanakhtar
114,15809806,"Woods Hole","2026-05-31 12:10:01",0.95454,57,woodshole
115,15823932,"Young Blood","2026-05-24 19:05:50",0.95454,51,jaspreetsingh9652
116,15903046,Elnubi,"2026-05-23 22:56:37",0.95454,16,abdullahnubi
117,15883356,hjyact,"2026-05-31 23:36:53",0.95454,20,hjyact
118,15803887,"Anim Samuel K.","2026-05-30 14:18:58",0.95454,24,animsamuelk
119,16059570,IEEM26_112034067,"2026-05-27 06:59:43",0.95454,3,s112034067
120,16022842,harryhehaoyu,"2026-05-29 12:35:31",0.95454,11,harryhehaoyu
121,15810854,"ADOLF FAUSTINE","2026-05-29 15:40:05",0.95454,47,adolffaustine
122,16012723,IEEM26_112034050,"2026-05-31 13:48:26",0.95454,8,tsaiwinnie
123,16004512,"Rabeya Noor","2026-05-24 14:45:13",0.95454,6,rabeya100x
124,15807392,"Ilya Sevastyanov","2026-05-31 02:32:02",0.95454,26,sev1lya
125,16032662,alvinaug110529,"2026-05-25 05:15:52",0.95454,15,alvinaug110529
126,15817604,"Yusuf Murtaza","2026-05-30 06:38:07",0.95454,12,yusufmurtaza01
127,15857389,Shreyansh_Singh,"2026-05-31 05:46:31",0.95454,46,shreyanshsingh221
128,15868359,guansuo,"2026-05-31 05:38:50",0.95454,5,guansuo
129,15826782,"Ömer Faruk Yüce","2026-05-31 18:17:08",0.95454,70,merfarukyce
130,15942160,Mohit,"2026-05-31 09:19:44",0.95454,4,mohit78241
131,15984984,IEEM26_112034005,"2026-05-26 08:46:44",0.95454,25,lin112034005
132,15847118,kangaeru,"2026-05-27 12:17:32",0.95454,8,kangaeru
133,15997798,lchijkkk,"2026-05-31 19:42:04",0.95454,55,thisisroni
134,16021883,"Pujit Swikrit","2026-05-27 14:21:38",0.95454,24,pujitswikrit
135,15818213,"Sadettin Şamil Verdil","2026-05-31 11:16:36",0.95454,22,sadettinamilverdil
136,15946464,"YURI HONG","2026-05-30 14:25:43",0.95454,33,glasshong
137,15803929,"Pavlo Ivanin","2026-05-31 03:32:31",0.95454,14,pavloivanin
138,15833955,IEEM26_112034008,"2026-05-31 09:52:46",0.95454,15,leeyukuan10
139,15812467,IEEM26_112034054,"2026-05-31 18:53:14",0.95454,16,s112034054
140,15852277,"Neel Dipesh shah","2026-05-31 17:36:20",0.95454,19,neeldipeshshah
141,15941363,P3069,"2026-05-31 21:16:42",0.95454,2,pietrocol
142,16058982,A3110,"2026-05-25 08:39:11",0.95454,5,andradaparaczki
143,15950529,"Tao Fang","2026-05-27 05:19:27",0.95454,11,taofang2026
144,15831800,"abdallah wael","2026-05-23 07:17:45",0.95454,3,"abdallahwael22,ahmedsamirafattah"
145,16043690,Penguin,"2026-05-23 07:32:34",0.95454,24,penguin069
146,15970312,"Zihe Henry Zhang","2026-05-31 16:44:55",0.95454,32,caesium137
147,15989410,"Nicolas Sergeev","2026-05-28 21:10:05",0.95454,62,nicolassergeev
148,15853800,CodeMasters,"2026-05-30 07:33:35",0.95454,80,"beyzakucuk,demettal,filizesenkaya"
149,15807133,"Ra'uf Fauzan Rambe","2026-05-26 14:19:49",0.95454,25,rauffauzanrambe
150,16030748,"Pit Insights","2026-05-31 12:04:02",0.95454,12,"amnariaz22,hamnamunir,mirzayasirabdullah07"
151,16064679,"Amr Yasser","2026-05-24 18:03:14",0.95454,2,amryasswe
152,16028968,"Shamanthak Reddy Mallu","2026-05-31 17:24:17",0.95454,32,shamanthakreddymallu
153,16068310,"Adnan Zaman","2026-05-26 05:02:05",0.95454,7,adnanzamanniloy
154,15915535,"Rishik Reddy","2026-05-25 04:53:54",0.95454,28,rishik20
155,15852403,"Muhammad Usman Khan #2","2026-05-31 09:08:34",0.95454,50,muhammadusmankhan0
156,15818633,"Mitudru Dutta","2026-05-25 17:47:38",0.95454,12,mitudru
157,16076959,"Andrew Lee","2026-05-25 22:18:19",0.95454,1,andrewlee23023
158,15894587,"Hyun-woo Kim","2026-05-26 01:40:08",0.95454,10,hwkims
159,15854611,betterme12345,"2026-05-26 01:51:11",0.95454,7,betterme12345
160,15806378,"Bryson Ng","2026-05-26 02:14:11",0.95454,13,djsksbrbf
161,15810762,"Ruchir Kale","2026-05-26 03:32:03",0.95454,6,ruchirkale
162,15811150,S-as-H,"2026-05-31 02:35:05",0.95454,32,"npuerl,sasha1111"
163,15980864,"Sir Arthur Nerdolot","2026-05-28 07:04:29",0.95454,49,sirarthurnerdolot
164,15808962,"Jose M. Martinez","2026-05-26 05:59:03",0.95454,8,jmmrcp
165,15810023,"Phoneix Algorithms","2026-05-31 11:30:10",0.95454,6,"mohankrishnathalla,neelamuday,rakesh630"
166,15994889,Algorex,"2026-05-27 12:49:01",0.95454,5,daniellebagaforomeer
167,16080117,"HUANG HSUAN YA","2026-05-26 11:41:38",0.95454,10,huanghsuanya
168,16083246,"HUANG HSUAN Y","2026-05-26 11:54:02",0.95454,5,huanghsuany
169,16085090,"Ahmed Abrar Tahseen","2026-05-26 15:25:38",0.95454,1,ahmedabrartahseen
170,15808662,"Simarbir Singh Sandhu","2026-05-26 16:47:30",0.95454,32,simarbirsinghsandhu
171,16073998,"shivam #2","2026-05-26 19:15:42",0.95454,2,shivam2811
172,15980060,Kuhnkuhn,"2026-05-27 01:43:58",0.95454,3,kuhnkuhn
173,15972159,"Andrei Voinea","2026-05-31 12:52:35",0.95454,31,andreiv0
174,16030733,Amit393,"2026-05-29 02:34:41",0.95454,12,amit393
175,15940741,Davereinfach,"2026-05-27 14:39:22",0.95454,24,davereinfach
176,15812835,"Code by Nadiia","2026-05-27 16:40:26",0.95454,20,codebynadiia
177,15807916,"Joy Boy","2026-05-27 17:16:35",0.95454,5,arpitsingh2744
178,16095041,"Jaideep Padhi","2026-05-28 20:10:30",0.95454,8,jaideepsaipadhi
179,16097529,yuka,"2026-05-28 05:09:58",0.95454,2,yuka32668
180,15990236,IEEM26_112034002,"2026-05-28 06:30:37",0.95454,3,crazyjoshua123
181,16098300,"Nafiul Islam","2026-05-28 07:32:19",0.95454,3,nafiulislam490
182,15896742,Midet,"2026-05-29 14:16:51",0.95454,13,yusuke0chiai
183,16101337,Kirderf,"2026-05-31 17:53:59",0.95454,22,kirderf
184,16076013,IEEM26_112034066,"2026-05-31 18:32:15",0.95454,13,ppp3333
185,15895386,"Aadi Joshi","2026-05-28 20:29:11",0.95454,6,"aadijoshi19,kavyabhand"
186,15975415,"HoaiPhong Nguyen","2026-05-29 01:06:49",0.95454,13,hoaiphongnguyen
187,15816783,"Darsh Sodani","2026-05-29 04:03:09",0.95454,42,darshsodani
188,15837704,"Charismatic Pizza Party🍕","2026-05-29 04:36:37",0.95454,5,debugendless
189,16108115,biswajit,"2026-05-29 07:23:28",0.95454,1,biswajitnahak
190,15924062,noynkmr,"2026-05-29 08:37:35",0.95454,1,noynkmr
191,16112180,"Simon Rüba","2026-05-29 15:38:52",0.95454,4,simonrba
192,15896796,"Luсas Peterson","2026-05-29 17:08:19",0.95454,24,lukaspeterson
193,16113905,IEEM_112034051,"2026-05-31 11:21:28",0.95454,18,linshangyan
194,15854662,Norizo90125,"2026-05-30 00:23:45",0.95454,58,norizo90125
195,16113540,"Mark Gorelik","2026-05-31 19:28:02",0.95454,23,randomguy12
196,15803948,"Muhammad Firdaus","2026-05-30 05:59:34",0.95454,8,ldausl
197,16117477,IEEM26_112034027,"2026-05-31 07:46:34",0.95454,8,claire62131
198,16117372,"Riddy Mazumder","2026-05-30 07:19:48",0.95454,1,riddymazumder
199,15815350,"Karnakbayev Artur","2026-05-30 09:51:55",0.95454,3,karnakbaevarthur
200,15908137,"SINGLE CATBOOST ONLY","2026-05-31 20:10:50",0.95454,80,obosrish
201,15827363,"⸻AgentZZ ⸻","2026-05-30 13:00:00",0.95454,58,agentzz
202,15915556,"Manav Trivedi","2026-05-30 13:15:37",0.95454,6,manavtrivedi
203,15996106,mariotrsn,"2026-05-31 11:51:19",0.95454,25,mariotrsn
204,16110291,"Osamah Sarraj","2026-05-31 15:52:15",0.95454,17,osraj0
205,15915747,"Kushal Khemani","2026-05-30 16:16:47",0.95454,28,kushalkhemani09
206,16065116,IEEM26_112034026,"2026-05-30 16:45:24",0.95454,18,yyyy112
207,15881893,IEEM26_112034045,"2026-05-31 23:55:27",0.95454,9,cynthiachiucyt
208,16056302,sssssssssz,"2026-05-31 04:53:38",0.95454,25,linzssss
209,15814291,"Berkay Özkan","2026-05-30 17:21:10",0.95454,35,berkayzkan
210,16072192,"Mirza Milan Farabi","2026-05-31 15:58:23",0.95454,2,mirzamilanfarabi
211,15928108,"Octavi Grau","2026-05-30 17:31:38",0.95454,14,octaviograu
212,16125589,lchijkk,"2026-05-30 19:27:23",0.95454,2,ronima
213,16017920,"Tasniem N. Alyahya","2026-05-30 20:53:38",0.95454,8,tasniemnasser
214,15878817,"Muhammad Ibrahim Qasmi","2026-05-30 22:40:26",0.95454,2,ibrahimqasimi
215,15955183,"Yaroslav Kalinin","2026-05-31 03:07:28",0.95454,2,yaroslavkalinin
216,16116408,hirosesesese,"2026-05-31 03:58:08",0.95454,14,hirosesesese
217,15803766,"Seungjun Lee","2026-05-31 00:55:26",0.95454,33,seungjunleeofficial
218,16120946,"Makar Rogovik","2026-05-31 05:35:22",0.95454,18,makarrogovik
219,16078332,Dr_F,"2026-05-31 07:20:04",0.95454,27,algebraictopology
220,15836512,"Андрей Савельев","2026-05-31 07:57:24",0.95454,40,quatlify
221,16013570,IEEM26_112034048,"2026-05-31 09:33:42",0.95454,11,joanne1n
222,15862381,IEEM26_111030022,"2026-05-31 11:46:04",0.95454,29,quinterina
223,15946909,IEEM26_1110211120,"2026-05-31 13:57:47",0.95454,10,eewang2004
224,15893691,"Bhaskar Jha","2026-05-31 10:32:53",0.95454,22,bhaskarjha10
225,15818282,Trimut,"2026-05-31 13:37:43",0.95454,31,tamannaji
226,15922340,"Tanishq Parihar","2026-05-31 12:42:16",0.95454,8,tanishq51
227,15805348,summer_coders,"2026-05-31 13:06:49",0.95454,7,"imrancoder786,muhammaddanyalmalik"
228,15950999,StephenNedumpally,"2026-05-31 14:35:45",0.95454,5,stephennedumpally
229,16023858,IEEM26_111034002,"2026-05-31 14:52:56",0.95454,13,s111034002
230,16133982,IEEM26_112034037,"2026-05-31 14:46:41",0.95454,2,dancskx
231,16041221,"F1 Pro driver","2026-05-31 19:17:02",0.95454,11,"dulayutlaungsunton,suriyenkongtip"
232,15949983,IEEM26_111034012,"2026-05-31 16:08:19",0.95454,27,a111034012
233,16057442,"maria nadeem","2026-05-31 17:30:46",0.95454,5,marianadeem755
234,16014653,IEEM26_112030010,"2026-05-31 19:13:22",0.95454,9,hectorchiu
235,15819216,"ahmed Maalej","2026-05-31 18:16:28",0.95454,8,truthminer
236,16010870,IEEM26_112034035,"2026-05-31 18:29:35",0.95454,19,carryjason
237,15803761,"Lakhindar Pal","2026-05-31 19:22:58",0.95454,8,lakhindarpal
238,15988270,IEEM26_112030044,"2026-05-31 18:05:55",0.95454,28,redtimeszero
239,15996287,"David Sario","2026-05-24 23:49:24",0.95454,2,davidsario
240,15990731,"George Walker Bush","2026-05-25 03:21:19",0.95454,15,georgewalkerbush
241,16045877,iamy88,"2026-05-29 16:55:00",0.95454,14,iamy88
242,15941100,MOSS,"2026-05-25 06:58:34",0.95454,18,"ericwanghhhhh,wenhuiluo11"
243,15806155,"Nishant Raj","2026-05-31 09:01:43",0.95454,31,nishant30488
244,15877043,IEEM26_112034028,"2026-05-27 09:14:37",0.95454,10,chiang7z
245,15850967,IEEM26_112034031,"2026-05-28 13:13:03",0.95454,3,thomas940828
246,15872956,IEEM26_112034006,"2026-05-31 10:32:00",0.95454,5,ray614h
247,15847406,IEEM26_111021114,"2026-05-28 17:04:03",0.95454,4,acnologia1115
248,15976982,"Sunil Jagdish Sharma","2026-05-28 20:47:35",0.95454,3,suniljagdishsharma
249,15812416,Vux,"2026-05-29 14:12:22",0.95454,12,weiyu85
250,15841618,"Mohammed Majeed","2026-05-30 11:25:36",0.95454,9,mojjeed
251,16080098,IEEM26_112034014,"2026-05-30 14:18:07",0.95454,7,tsaohsuanyu
252,15996277,IEEM26_112034036,"2026-05-30 16:35:36",0.95454,10,hsinyu3436
253,16053300,IEEM26_112034010,"2026-05-30 17:23:18",0.95454,11,ieem26112034010
254,16006281,MalithJ,"2026-05-30 23:45:00",0.95454,19,malithjaya
255,16115389,PEROMAX44,"2026-05-31 07:23:25",0.95454,11,perorin
256,16127545,IEEM26_112034056,"2026-05-31 17:23:10",0.95454,7,winniening
257,15914853,IEEM26_112034069,"2026-05-31 20:22:45",0.95454,5,leongjiansing
258,15941205,#_Untitled,"2026-05-31 11:44:33",0.95454,10,"abhay544,mahamadsadiq542,siddalingrugi545"
259,15948848,WAZADOGDOING,"2026-05-31 14:30:59",0.95454,14,wazadogdoing
260,16133871,IEEM26_112030027,"2026-05-31 14:33:13",0.95454,2,ieem26112030027
261,15836175,"Shubham Yadav","2026-05-31 15:00:29",0.95454,10,shubhamyadav2004
262,16119950,IEEM26_112034039,"2026-05-31 15:19:14",0.95454,6,truephone
263,15870458,Moksh,"2026-05-31 15:30:40",0.95454,6,moksh067
264,16134223,IEEM26_112030016,"2026-05-31 20:33:11",0.95454,5,hawayswei
265,15807327,YuAn,"2026-05-28 02:33:33",0.95454,83,yuanke2001
266,16099448,IEEM26_112034021,"2026-05-30 05:28:06",0.95454,1,acupwow
267,16057305,"David Pupăză","2026-05-31 16:55:59",0.95454,37,davidpupaza
268,16119986,L1iangChaa,"2026-05-30 13:51:09",0.95454,5,l1iangchaa
269,15803845,"Sung Heo","2026-05-31 14:30:52",0.95454,87,kmmmvs
270,16061899,IEEM26_112034042,"2026-05-31 15:24:24",0.95454,9,wilson1222
271,16130225,IEEM26_112034034,"2026-05-31 16:23:43",0.95454,5,josephyunchiao
272,16116550,peimengcheng,"2026-05-31 15:26:17",0.95454,14,peimengcheng
273,15967379,kris.py_yum,"2026-05-31 15:27:20",0.95454,54,krisuj
274,16134362,StevenUU,"2026-05-31 19:19:08",0.95454,6,stevenuu
275,15883267,"Ayush Shekhar","2026-05-31 22:53:40",0.95454,54,ayushshekhar56
276,16135589,avasis,"2026-05-31 20:52:41",0.95454,10,avasis
277,16136531,"YOUSSEF MOUHOU","2026-05-31 22:03:55",0.95454,6,youssefmouhou
278,15955058,fukangzhang9,"2026-05-31 23:56:19",0.95454,48,fukangzhang9
279,15816314,turtle,"2026-05-25 09:48:32",0.95454,80,itasps
280,16108215,LLyra,"2026-05-31 13:16:38",0.95454,5,lynnlong0330
281,15898799,"Raunak Dey","2026-05-23 18:23:42",0.95454,28,raunakdey07
282,15857918,IEEM26_112034046,"2026-05-31 09:51:50",0.95454,16,wuwenchen112034046
283,15803813,Jimmer_KNAI,"2026-05-31 07:48:30",0.95454,106,przemysawonr
284,15873756,"Sahir Maharaj","2026-05-31 12:38:43",0.95454,22,sahirmaharajj
285,16006843,"Haoyuan Zhou","2026-05-24 13:40:25",0.95454,36,christmashuang
286,16065229,"shudiaoh 0910","2026-05-24 17:35:36",0.95454,1,shudiaoh
287,16057072,HEroKuma,"2026-05-27 11:42:47",0.95454,11,herokuma
288,16066664,mbscgi,"2026-05-26 12:46:59",0.95454,19,mbscgi
289,16084492,"Yunus Dermencioglu","2026-05-26 19:48:11",0.95454,10,yunusdermencioglu
290,16058236,PipDataScientist,"2026-05-28 14:37:53",0.95454,13,pipdatascientist
291,16089146,w d j y 123456,"2026-05-28 06:06:55",0.95454,11,wdjy123456
292,15831448,RuiFSPinto,"2026-05-31 06:34:30",0.95454,88,ruifspinto
293,15887347,nobuya,"2026-05-31 13:56:02",0.95454,78,kakiginobuya
294,15858151,IEEM26_112034012,"2026-05-28 15:58:25",0.95454,21,stevenkuo1025
295,16010455,IEEM26_112034011,"2026-05-28 16:45:53",0.95454,7,eaglechiu
296,16104880,"Kangqiao LIU","2026-05-29 23:59:45",0.95454,4,kangqiaoliu
297,16110803,"H. Ashida","2026-05-31 00:05:50",0.95454,22,hiromuashida
298,15910211,"Jacques Zhelin Zhang","2026-05-31 00:52:40",0.95454,200,jacqueszhelinzhang
299,15867598,jasonlin1222,"2026-05-31 22:45:55",0.95454,4,jasonlin1222
300,15994371,"Patanas Gromulo","2026-05-25 00:03:50",0.95454,45,patanasgromulo
301,16024372,"Mathieu W","2026-05-27 08:09:10",0.95454,12,mathieuw
302,15819278,"Adria Ruiz","2026-05-29 15:42:41",0.95454,82,adriaruiz
303,16031133,Aurorcys,"2026-05-25 03:41:44",0.95453,20,aurorcys
304,16119526,"ma 127","2026-05-31 07:47:44",0.95453,12,ma1166mu
305,15914021,mwuong,"2026-05-31 00:14:47",0.95453,23,mwuong
306,15877344,"Tingjin Liu","2026-05-27 07:30:20",0.95453,18,tingjinliu
307,15813836,goodpjw2008,"2026-05-23 10:20:34",0.95453,34,goodpjw2008
308,16012744,"Aishwarya Chandrasekhar","2026-05-26 01:04:05",0.95453,9,stoicaish
309,16059446,William178,"2026-05-24 03:40:13",0.95453,6,william178
310,16031583,"Christos Prapas","2026-05-28 08:15:19",0.95453,46,christosprapas
311,15807727,nbhk,"2026-05-29 14:46:17",0.95453,74,msmnbhk
312,16116139,Sparklary,"2026-05-30 04:07:55",0.95453,9,shadowin
313,16118495,IEEM26_111030038,"2026-05-30 13:22:50",0.95453,4,jameschen1205
314,15841716,"Игорь Жаров","2026-05-30 18:40:40",0.95453,65,flexonafft
315,16125569,IEEM26_112030014,"2026-05-30 21:59:26",0.95453,2,lchijk
316,16054065,"Alvin Li","2026-05-31 08:17:12",0.95453,48,alvinli0412
317,15887774,"Forestadel Nord","2026-05-31 12:04:12",0.95453,1,nordforestade
318,16121482,"Nur Srijan","2026-05-31 14:09:17",0.95453,14,nursrijan
319,15804191,Sample,"2026-05-25 06:40:47",0.95453,41,kacchanwriting
320,15999292,"Ryan Tolone","2026-05-27 20:31:06",0.95453,13,ryantolone
321,16046724,pkltime1043,"2026-05-31 16:53:24",0.95453,7,pkltime1043
322,15925630,"Vadim Borisov","2026-05-22 14:53:26",0.95453,26,hireme
323,15803964,"V XAVI","2026-05-31 20:29:51",0.95453,18,xx1263
324,15931084,"Kaggle Agent","2026-05-24 00:09:48",0.95453,23,jiweiliu
325,15814861,(◡_◡),"2026-05-31 14:37:02",0.95453,53,nawfeelrahman1124444
326,15811059,"Adam Vajda","2026-05-20 10:45:20",0.95453,149,vajdad4m
327,15814240,MomotokD,"2026-05-31 08:42:32",0.95453,7,momotokd
328,16006384,"Nikita Berezyuk","2026-05-23 17:02:52",0.95453,10,nikitaberezyuk1991
329,15998770,"leaf zinc","2026-05-19 04:35:03",0.95453,15,leafzinc
330,15957247,"Skye Xu","2026-05-26 03:23:49",0.95453,81,skyekh
331,15803838,Antonoof,"2026-05-30 18:02:10",0.95453,3,antonoof
332,15925051,"weihao huang2004","2026-05-23 10:37:09",0.95453,71,weihaohuang2004
333,15991922,zhouruiyang,"2026-05-31 03:33:48",0.95453,22,zhouruiyang
334,15803763,"Muhammad Hassan Saboor","2026-05-30 02:26:43",0.95453,50,mhassansaboor
335,15993953,MIutrix,"2026-05-21 10:40:16",0.95453,23,miutrix
336,15925900,"Dfe Shah","2026-05-21 10:48:41",0.95453,28,dfeshah
337,15844679,ManavRajpal,"2026-05-21 13:24:43",0.95453,58,"manavrajpal,manavrajpal1"
338,15818030,"Cameron Magari","2026-05-28 04:01:20",0.95453,42,cameronmagari
339,15841113,Goalseek,"2026-05-29 02:37:03",0.95453,7,shambhu112
340,16045219,"Chloe Lee","2026-05-21 22:39:34",0.95453,1,baytree1238
341,15842848,dapanng,"2026-05-22 04:12:02",0.95453,57,"dapanng,zs79hf"
342,16049036,MICADEE,"2026-05-22 11:00:04",0.95453,1,adegladius
343,16049317,"Mrutyunjay Joshi","2026-05-22 11:59:42",0.95453,1,mrutyunjayjoshi
344,16052296,tanmaypatil510,"2026-05-23 07:11:34",0.95453,18,tanmaypatil510
345,16112281,"Rajan Nagarajan","2026-05-31 17:30:50",0.95452,10,narajan
346,16054758,tanmay58,"2026-05-23 07:47:10",0.95452,3,tanmay58
347,15863516,Aloy,"2026-05-30 21:29:57",0.95452,49,storywithaloy
348,16013010,Wang1749716369,"2026-05-24 12:20:17",0.95452,25,wang1749716369
349,16021674,Kali,"2026-05-20 05:15:03",0.95452,7,rittwikbhowmick123
350,16051164,"AHMET YILMAZ","2026-05-22 18:07:15",0.95452,5,ahmetyilmaz2579
351,16016551,"Ashok bharadwaj","2026-05-20 05:03:39",0.95452,21,ashokbharadwaj
352,16012211,Router,"2026-05-19 08:00:07",0.95452,6,routera
353,15819531,GeorgiyAbramov,"2026-05-19 09:38:07",0.95452,7,georgiyabramov
354,15809574,Safarbek,"2026-05-19 10:44:01",0.95452,22,safar1
355,15944570,Kalyan,"2026-05-20 04:17:33",0.95452,43,kalyankkr
356,15906028,"JUNQIANG HUANG","2026-05-20 06:16:26",0.95452,17,junqianghuang
357,16033041,cctv07,"2026-05-20 13:53:28",0.95452,2,cctv07
358,15837487,"Ram Janam Yadav","2026-05-20 16:38:13",0.95452,20,ramjanamyadav
359,16061512,zheyeshiceshi,"2026-05-24 08:21:04",0.95452,10,zheyeshiceshi
360,16090487,IEEM26_112034062,"2026-05-31 15:23:55",0.95452,8,laurence1101
361,15806071,"Victor Owuor","2026-05-31 17:04:04",0.95452,4,victorowuor
362,16001181,Narendra2809,"2026-05-20 10:23:17",0.95452,4,narendra2809
363,16029483,Rithik_anand_2812,"2026-05-20 04:44:15",0.95452,1,rithikanand2812
364,15938003,klo000,"2026-05-25 07:31:44",0.95452,3,klo000
365,16032800,goethe,"2026-05-20 13:11:53",0.95452,1,goetheyh
366,15854349,nybbler,"2026-05-29 09:44:49",0.95452,42,nybbler
367,15913491,GorbunovTeam,"2026-05-20 05:03:44",0.95452,26,"daniilkrasnovvv,stanislavilin2026ai"
368,15841735,Jason,"2026-05-30 03:21:36",0.95452,24,zhehoo
369,15815916,Kyr1ll,"2026-05-29 16:27:35",0.95452,14,kyr1ll
370,16110336,Chriz,"2026-05-29 13:25:35",0.95451,3,chrisopherjoshy
371,16061657,starlovelmj,"2026-05-24 10:24:16",0.95451,8,starlovelmj
372,15809256,"Sarvesh Chhetri","2026-05-31 14:35:47",0.95451,42,sarveshchhetri
373,16001770,kohei-mu,"2026-05-28 15:21:04",0.95451,42,koheimuramatsu
374,15901623,JM,"2026-05-28 08:59:15",0.95450,78,julianmukaj
375,15825329,"Sujal Neupane","2026-05-29 13:09:41",0.95450,45,neupane9sujal
376,15912567,ezreal77,"2026-05-21 02:02:07",0.95450,13,ezreal77
377,15844560,Hanashiro_Anzu,"2026-05-28 13:44:07",0.95450,47,hanashiroanzu
378,16017304,Vassil.1104,"2026-05-19 02:43:01",0.95450,5,vassil1104
379,15929465,PrtkPiyush,"2026-05-18 21:32:07",0.95450,3,prtkpiyush
380,15814660,"Svanik Kolli","2026-05-19 12:35:49",0.95450,62,svanikkolli
381,15893114,"Ameen Jazara","2026-05-19 02:08:06",0.95450,9,ameenjazara
382,16012701,"Max Verstappen Fan","2026-05-19 05:17:34",0.95449,11,bibisorobabydjon
383,15882214,"Harshank Matkar","2026-05-25 22:06:14",0.95449,23,harshankmatkar
384,15943023,renji_starfall,"2026-05-17 15:07:53",0.95449,9,degnonguidi
385,15820068,github/shepsci/kaggle-skill,"2026-05-17 16:57:50",0.95449,5,shepscientific
386,15806039,"Sreejit Pradhan","2026-05-17 19:47:05",0.95449,24,sreejitpradhan
387,15895661,"Ali Afzal","2026-05-18 06:50:20",0.95449,9,aliafzal9323
388,15912009,"Koustubh B Kulkarni","2026-05-19 16:09:16",0.95449,3,koustubhbkulkarni
389,15877320,Tien-Thinh,"2026-05-31 21:53:04",0.95449,24,tienthinh
390,15847353,"Sudhanshu Tiwari","2026-05-25 09:50:55",0.95449,2,sudhanshu1st
391,16007337,"Anjan Mahapatra","2026-05-18 04:15:11",0.95449,3,anjanmahapatra007
392,15981164,"Abhishek Panda","2026-05-23 08:15:21",0.95449,10,abhishekpanda4313
393,15971919,iYiiiL,"2026-05-18 15:27:19",0.95449,6,iyiiil
394,16012956,"sarath prathap","2026-05-31 19:36:30",0.95448,74,"sarathprathap,vivekvajha2412"
395,16057278,河瀬蒼央,"2026-05-31 13:21:09",0.95448,19,aomaru07
396,15987577,RVK,"2026-05-20 16:30:34",0.95448,4,rahulvks
397,15918610,idkuma,"2026-05-18 14:17:55",0.95446,9,"idkuma,xiayaru"
398,15814088,"Trupolog Helper","2026-05-17 01:47:14",0.95446,29,trupologhelper
399,16045245,"Justin Tang","2026-05-25 05:37:00",0.95445,3,justin2009
400,15915734,"Ankur Manikandan","2026-05-15 17:57:31",0.95444,51,ankursg8
401,15832090,Bdwj,"2026-05-31 20:41:24",0.95444,2,totallyapoorv
402,15868328,"Akshan Krithick","2026-05-31 16:51:34",0.95442,119,akshankrithick
403,16093814,WangAuspicious,"2026-05-28 05:56:48",0.95441,1,wangauspicious
404,15851477,"WK Lee","2026-05-17 20:02:18",0.95441,21,wk6286
405,15806632,kobby_,"2026-05-31 23:32:42",0.95439,9,sylvesterdalmeida
406,15820269,IMIargot,"2026-05-30 21:05:27",0.95438,25,imiargot
407,15954140,"Aryan Sarswat","2026-05-22 15:50:00",0.95437,39,aryansarswat
408,15994965,RenataLi,"2026-05-16 21:50:40",0.95437,5,renatali
409,15899083,"Ishimori Yusuke","2026-05-16 14:53:14",0.95437,6,ishimoriyusuke
410,15854551,"Dunni Olu-Ajayi","2026-05-23 21:57:47",0.95437,19,oluwadunnioluajayi
411,15988507,"Joakim Arvidsson","2026-05-16 19:27:55",0.95437,4,joebeachcapital
412,15985065,MichelleDataSci,"2026-05-15 23:50:32",0.95437,9,michelledatasci
413,15821922,"tom c tea","2026-05-15 23:26:45",0.95437,26,tomctea
414,15924569,Untitled,"2026-05-24 05:53:33",0.95437,12,siddalingrugi
415,15856654,chuan-chih,"2026-05-16 10:34:50",0.95437,24,meowlu
416,15913362,Gaurav9711,"2026-05-16 11:33:19",0.95437,2,gaurav9711
417,15852282,沈奇233,"2026-05-16 14:51:41",0.95437,1,sqqs123
418,15986328,"Desrinath B","2026-05-16 18:30:00",0.95437,10,desrinathb
419,15810108,Marcos,"2026-05-30 10:50:55",0.95436,205,marcosmuozgonzlez
420,15900674,SoloSid69,"2026-05-15 05:10:23",0.95436,42,solosid69
421,15814041,久保兼,"2026-05-15 11:18:03",0.95436,7,kuboken
422,15912490,"WANG DONGYANG","2026-05-31 23:54:49",0.95436,65,wangdongyang
423,15808136,"Mizushima Toshihiko","2026-05-27 23:59:59",0.95435,165,mizushimatoshihiko
424,15808397,"Oskar Seweryn","2026-05-16 13:14:42",0.95435,11,oskarseweryn
425,15850003,"Md Abdul Al Hasib","2026-05-17 16:57:04",0.95433,2,mdabdulalhasib
426,15827646,Ramesh888,"2026-05-16 12:11:26",0.95433,17,ramesh888
427,15803849,automatylicza_KNAI,"2026-05-14 16:10:17",0.95432,43,automatylicza
428,15851437,姚迪斐,"2026-05-17 08:36:37",0.95432,3,yaodifei
429,15974210,dosomethingbetter,"2026-05-14 16:27:21",0.95431,10,dosomethingbetter
430,15819621,"Abhignyan Sonowal","2026-05-18 16:30:09",0.95431,13,abhignyansonowal
431,15868332,kun_hail,"2026-05-14 12:11:26",0.95431,14,kunhail
432,15953546,"Jimin Wang","2026-05-14 01:25:17",0.95431,1,jimmy987654
433,15873975,Harshith_vh,"2026-05-15 03:46:05",0.95431,10,harshithvh
434,15969333,ygfvg111,"2026-05-14 11:44:18",0.95431,2,ygfvg111
435,15810501,TommyPhan4848,"2026-05-20 15:15:13",0.95431,8,tommyphan4848
436,16059202,"Ali Sobhi Zewiany","2026-05-25 09:19:27",0.95430,15,alizewiany
437,15973720,JordyDavel,"2026-05-30 22:23:31",0.95427,29,jordydavel
438,15838709,Lin.Chen,"2026-05-11 13:18:36",0.95427,33,alonegg
439,15922366,"PRASHANT SHUKLA91","2026-05-18 04:34:36",0.95427,5,prashantshukla91
440,15831649,"Dalia Mowafy","2026-05-30 20:42:36",0.95426,32,daliamowafy7
441,16106174,"Arnav Kewalram","2026-05-31 01:49:59",0.95426,18,arnavkewalram
442,15931104,RicardoLópez,"2026-05-31 18:01:55",0.95426,8,richi2489
443,15827915,"Akiyoshi Kinoshita","2026-05-31 09:59:56",0.95425,10,satokin13m
444,15803768,epiktetos,"2026-05-23 02:56:20",0.95425,25,epiktetos
445,16059512,edisonmbli,"2026-05-30 15:20:03",0.95425,56,edisonmbli
446,15875911,"Mert Bayraktar","2026-05-13 23:20:40",0.95425,4,mertbayraktar
447,15832850,"Gerald Schwartz","2026-05-27 17:39:08",0.95423,8,geraldschwartz
448,15912999,HAMZA,"2026-05-23 14:34:25",0.95421,12,mhamza0810
449,16002215,susutem,"2026-05-25 12:06:08",0.95421,7,susutem
450,15836118,jingle2026,"2026-05-25 12:32:52",0.95421,46,jingle2026
451,15902089,"Arbaaz Khan115555","2026-05-11 09:33:07",0.95420,3,arbaazkhan115555
452,15816058,"Bulşah Keçici","2026-05-19 15:00:45",0.95419,120,bulsahkecici
453,15894823,"Xinghao Wang","2026-05-13 07:14:53",0.95419,19,wangxinghao0718
454,15934695,"Kushal Khemani #2","2026-05-13 12:14:00",0.95419,15,kushalkhemani
455,15841143,"Aditya Singh","2026-05-12 05:11:26",0.95419,7,adityasingh157735
456,15931914,"Damian Hill","2026-05-12 19:10:12",0.95419,10,hilldamian
457,15947221,Smii7y,"2026-05-13 18:43:32",0.95419,8,brainded46
458,15877461,tuko_tanzwoo,"2026-05-17 16:52:28",0.95419,17,tukotanzwoo
459,15812171,"Sairaj Adhav","2026-05-14 10:20:21",0.95419,61,sai10py
460,15807681,"Selim Halykov","2026-05-09 15:00:41",0.95419,3,selimhalykov
461,15860394,"Muhammad Atif","2026-05-21 14:01:48",0.95419,16,"atifkhan12,mumtazahmadmaitla"
462,15805761,bhaskar9221,"2026-05-12 00:36:14",0.95419,35,bhaskarkumar11
463,15858717,"Han Xiao","2026-05-10 06:14:34",0.95419,5,hanxiao8080
464,15814497,"Dávid Kolumber","2026-05-15 13:43:15",0.95419,5,davidkolumber
465,15921992,kylereid,"2026-05-11 19:59:23",0.95419,13,lordcorwinofamber
466,15928409,MPFPS,"2026-05-11 13:55:59",0.95419,10,manojmandal
467,15939521,"Vandana Shindhe","2026-05-12 14:21:36",0.95419,2,"kirthij,vandanashindhe"
468,15942673,"Ishan Bojja","2026-05-16 21:12:04",0.95419,6,ishanbojja
469,15944533,"Yanshu Patel","2026-05-13 04:26:32",0.95419,1,yanshupatel
470,15945333,"keerti pawar","2026-05-13 06:43:44",0.95419,1,"darshanjannu,keertipawar"
471,15929939,"Sukamal Bagui","2026-05-17 08:34:47",0.95419,4,sukamalbagui
472,15937061,ShayanRez,"2026-05-17 17:16:25",0.95419,5,shayanrez
473,15946672,"Abhay Ishwarappa Nadagaddii","2026-05-13 09:09:26",0.95419,3,abhayn44
474,15820330,"Danil Kutsy","2026-05-13 10:32:04",0.95419,1,daniilkutsy
475,15811278,"Arda Çiftçi","2026-05-10 08:34:55",0.95419,70,ardaciftci
476,15898436,"Payal Dhokane","2026-05-10 10:28:58",0.95419,6,payaldhokane
477,15873740,"Mahamad Sadiq Mujawar","2026-05-11 06:14:04",0.95419,11,mahamadsadiqmujawar
478,15807892,"Umair Zia","2026-05-14 11:14:21",0.95419,5,stealthtechnologies
479,15881436,Wolfram_Kxs,"2026-05-09 06:40:08",0.95418,16,wolframkxs
480,15903726,GluePickel,"2026-05-09 01:41:41",0.95418,7,gluepickel
481,15812691,"Maher el Ouahabi","2026-05-15 10:00:56",0.95417,69,maherelouahabi
482,15803847,GyoGyoCat,"2026-05-21 02:00:45",0.95417,25,gyogyocat
483,15883932,"Bertan Pank","2026-05-31 16:31:03",0.95417,11,bertanpank
484,15892527,noahrolandd,"2026-05-10 20:00:14",0.95417,5,noahrolandd
485,15999259,"Alex Makuch","2026-05-17 06:49:54",0.95417,1,alexmakuch
486,15871412,"KYUNGMIN SHIM","2026-05-12 21:16:57",0.95416,29,kyungminshim
487,16086411,Pierrax,"2026-05-31 22:23:15",0.95415,14,pguillemin
488,15937718,"Dahye Choi","2026-05-31 05:42:47",0.95415,59,dahyech
489,15865876,chezz,"2026-05-10 16:56:21",0.95414,18,chezeoff
490,15831768,hipotures,"2026-05-31 00:24:25",0.95413,290,hipotures
491,16044329,QiuShi,"2026-05-24 07:28:48",0.95413,17,beaulo0
492,15814339,Will,"2026-05-31 12:01:34",0.95412,30,wguesdon
493,15887704,"Jaime Souza","2026-05-08 09:07:49",0.95412,19,jaimenms
494,15899894,"Master Teo","2026-05-08 19:01:38",0.95412,10,sirteo
495,15883992,wuxi,"2026-05-11 02:57:54",0.95412,6,wuxi223
496,15886112,"Akshay Balaji","2026-05-12 09:02:36",0.95412,10,mrakshaybalaji
497,15900757,"Alper Ugurcan","2026-05-08 18:24:04",0.95411,1,alperugurca
498,15841350,"Pravin Takpire","2026-05-29 01:39:16",0.95410,34,pravintakpire
499,15853260,Samarth3000000,"2026-05-08 03:38:51",0.95410,27,samarth3000000
500,16012232,rauminoodles,"2026-05-31 22:10:50",0.95410,7,rauminoodles
501,16009949,"Anas Khan,pm[p","2026-05-18 08:55:37",0.95409,1,anaskhanpmp
502,15863618,nEO,"2026-05-31 17:31:47",0.95409,23,neoterics
503,15894385,lytCNAORevision2018,"2026-05-08 06:45:46",0.95409,2,lytcnaorevision2018
504,15803922,"Abdulrahman Ragheb","2026-05-31 15:01:31",0.95409,38,abdulrahmanragheb
505,15803800,cigdembal,"2026-05-26 20:27:43",0.95409,35,cigdembaloglu
506,15839423,"Yusaku Muroya","2026-05-31 19:15:39",0.95408,24,ymuroya47
507,15805326,lbrownnash,"2026-05-31 16:54:50",0.95408,60,lbrownnash
508,16060604,"Evgeniy Molozhenko","2026-05-24 06:12:37",0.95407,2,molozhenko
509,16084587,楊子禾_112034044,"2026-05-28 18:11:41",0.95407,13,cartonyang
510,16112393,"Koyashiki Mao","2026-05-29 16:02:55",0.95407,1,koyashikimao
511,16102837,r13721,"2026-05-31 17:54:51",0.95407,9,r13721
512,15859609,"Farrukh Ismoilov","2026-05-26 12:32:46",0.95407,1,fismoilo
513,16124582,"Kanak Kokil","2026-05-31 17:33:56",0.95407,1,kanakkokil
514,15875524,"Wosheng Deng","2026-05-07 14:46:16",0.95407,2,woshengdeng
515,15875977,"Mudit Chaturvedi","2026-05-06 14:16:09",0.95407,7,muchat007
516,15878229,charmy444,"2026-05-06 18:08:32",0.95407,1,charmy444
517,15857781,"Arkat Khassanov","2026-05-08 22:38:53",0.95407,6,arkatkhasanov
518,15824023,dsafdsaf132,"2026-05-10 08:34:23",0.95406,55,dsafdsaf132
519,16067754,"saketh baddam","2026-05-30 04:01:42",0.95405,50,sakethbaddam
520,15877884,"Artem Shamshin","2026-05-06 17:50:02",0.95405,1,helaxxx
521,15880165,"Maguluri Naveen","2026-05-07 00:30:51",0.95405,1,magulurinaveen
522,15810535,"carol christian poell","2026-05-06 22:36:18",0.95404,17,dxeeeee
523,15827677,"Halo Kitty","2026-05-07 08:07:07",0.95404,14,liudalang
524,15810576,サポタン,"2026-05-29 04:01:20",0.95403,159,sapotan
525,15856234,"Aleesha Nadeem","2026-05-07 13:51:29",0.95403,2,nalisha
526,15891498,"Yash Sharma","2026-05-07 23:50:18",0.95403,1,yashsharma42
527,15811850,Sakayuya,"2026-05-08 02:19:33",0.95403,8,sakayuya
528,15899059,bouganvillea,"2026-05-08 14:23:58",0.95403,1,bouganvillea
529,15916358,"Hrishikesh Dhuri","2026-05-20 18:52:19",0.95403,1,hrishikeshdhuri19
530,15814417,"Ayush Gupta","2026-05-18 20:05:12",0.95402,13,ayush500
531,15837907,MakiMakiAi,"2026-05-06 06:33:19",0.95402,29,makimakiai
532,15831024,OverfitOracle,"2026-05-05 10:54:47",0.95402,2,alisalmanrana
533,15895716,mcathala,"2026-05-30 08:17:38",0.95402,21,mcathala
534,15809510,"Enis Teper","2026-05-05 16:32:13",0.95402,24,enisteper1
535,16020901,"Manish K Reddy","2026-05-31 13:28:42",0.95402,3,manishkreddy
536,15881707,maronist,"2026-05-29 03:56:29",0.95401,6,emikonandate
537,15808896,s1rotan,"2026-05-30 15:51:10",0.95401,19,s1rotan
538,15895240,putiye,"2026-05-23 06:58:07",0.95401,19,putiye
539,16132909,최정우,"2026-05-31 17:53:12",0.95400,10,choijungaaa
540,16087286,bucw3at,"2026-05-31 14:50:00",0.95399,19,bucw3at
541,15839004,BlamerX,"2026-05-29 21:39:00",0.95399,29,blamerx
542,16061349,xiaohaozheshi,"2026-05-24 08:02:36",0.95398,10,xiaohaozheshi
543,15888175,Chen,"2026-05-26 00:00:31",0.95397,27,nk7260ynpa
544,16052497,JackGong,"2026-05-22 23:10:02",0.95397,4,jackgong
545,15999797,"Who am I?","2026-05-19 04:24:55",0.95397,1,lopure
546,15824207,"Nidish SR","2026-05-14 17:28:54",0.95397,3,nidishsr
547,15892031,"SHO KANEKO","2026-05-21 02:20:08",0.95397,18,"aikawatetsuya,shokaneko"
548,15814938,SergeyN1942,"2026-05-27 16:14:49",0.95396,134,sergeyn1942
549,15803789,Yui,"2026-05-26 23:19:21",0.95395,14,yui0729
550,15839507,"Dhanush Sai","2026-05-21 07:22:02",0.95394,11,dhanushsai11
551,15824313,"Makoto Aimura","2026-05-10 01:03:04",0.95394,32,makotoaimura
552,15827074,"Gorakh Nath Singh","2026-05-25 11:48:59",0.95394,6,gorakhnathsingh
553,15905584,sycqbz,"2026-05-11 11:07:15",0.95393,6,sycqbz
554,16070035,KritiDoneria,"2026-05-25 12:26:58",0.95392,1,kritidoneria
555,16057799,"Mizuki Nakai","2026-05-31 23:40:42",0.95392,14,mizukinakaizuuu
556,16104862,"Gustavo Quevedo","2026-05-29 01:52:47",0.95391,2,gustavoquevedo94
557,16017131,Jayhawk1900,"2026-05-27 14:01:34",0.95390,22,jayhawk1900
558,16054890,"YUSUKE HIKIDERA","2026-05-24 14:55:42",0.95390,5,yusukehikidera
559,15940204,lryyyyyyy,"2026-05-15 03:03:47",0.95389,21,lryyyyyyy
560,15859739,"John Mitchell","2026-05-21 13:52:10",0.95389,12,jbomitchell
561,15818354,"Baseer Shah","2026-05-06 12:38:00",0.95388,13,baseershah
562,15850026,mlhoffmann,"2026-05-07 13:58:26",0.95388,18,mlhoffmannsouza
563,15803764,"Дворкин Евгений Владимирович","2026-05-31 12:00:12",0.95388,82,evgendvorkin
564,15828779,"Arjun Madaan","2026-05-05 02:03:34",0.95388,1,juniam
565,15856608,Yash,"2026-05-07 07:24:17",0.95388,2,yashdev01
566,16044058,Priyanshu_1Mittal,"2026-05-29 16:03:41",0.95388,19,priyanshu1mittal
567,15841664,"Croft Adams","2026-05-31 08:36:40",0.95387,117,croftadams
568,16048154,__ron1n97,"2026-05-23 12:18:28",0.95384,15,ron1n97
569,15945455,Scio,"2026-05-26 05:16:50",0.95384,37,siamrahman29
570,15904500,"Mohammad Ghafourian Nasiri","2026-05-11 18:32:24",0.95383,8,mghnasiri
571,15919383,Vcity_01,"2026-05-19 08:39:22",0.95382,38,vcity01
572,15913519,Kagglegoose001,"2026-05-09 19:47:32",0.95379,1,kagglegoose001
573,15942179,"Vaishnavi Dalal","2026-05-12 20:43:24",0.95376,10,sweetu11
574,15868579,Subaru486,"2026-05-07 06:37:44",0.95372,9,subaru486
575,15814227,"Paweł Kauf","2026-05-29 19:51:04",0.95371,24,pawelkauf
576,15917369,lightning,"2026-05-10 09:18:47",0.95370,1,lightning001
577,15950167,cccy0721,"2026-05-29 02:46:55",0.95370,10,"cccy0721,leeyoucai,lovec919somuch"
578,15986419,Herohito,"2026-05-29 22:20:53",0.95369,6,aangphurba
579,15803930,"Monesh Satheeswaran","2026-05-31 22:59:00",0.95368,5,moneshsatheeswaran
580,15955298,小等等,"2026-05-29 03:03:54",0.95368,1,atwelve
581,15910603,gggggggdw,"2026-05-14 13:36:54",0.95367,7,gggggggdw
582,15809505,"Komil Parmar","2026-05-05 15:12:42",0.95366,47,komilparmar
583,16063471,"Mihir Mathur","2026-05-25 06:55:50",0.95366,2,themihirmathur
584,15814869,Gaoxingjian,"2026-05-05 01:51:29",0.95365,1,berdyansk
585,15839537,"Mengfei Li","2026-05-05 09:37:58",0.95365,20,meli19
586,15803901,"Cristian Guzman Urrutia","2026-05-06 15:25:30",0.95363,24,cristianguzman
587,16114044,"Dmitry Mazurov","2026-05-31 14:13:55",0.95363,7,dmitrymazurov
588,15812458,"Srikant Shubham","2026-05-16 11:47:59",0.95362,62,srikantshubham
589,15838321,harsh@gurnani08,"2026-05-11 12:35:32",0.95359,13,harshgurnani08
590,16043734,チャン・タケ,"2026-05-22 17:06:35",0.95357,6,atsushitakeoka
591,15932506,Goose,"2026-05-30 21:43:09",0.95357,2,missscarlett
592,15846340,"Zhou Di","2026-05-04 12:27:27",0.95357,10,judyyyyyy333
593,15804341,zantetsu,"2026-05-06 08:58:19",0.95357,13,zantetsu
594,15820983,"youich wada","2026-05-10 21:29:06",0.95356,1,youichwada
595,15806959,WanYunkai,"2026-05-13 05:36:37",0.95356,2,wanyunkai
596,15839772,"Nico Varas","2026-05-19 09:49:48",0.95356,23,nvaraschin
597,15845962,"Tadahiro Asami","2026-05-13 13:08:48",0.95355,1,tadahiroasami
598,16050622,Hanyuuuuu,"2026-05-26 00:41:32",0.95355,3,hanyuuuuu
599,15878863,_Kiruru,"2026-05-08 20:56:38",0.95355,2,kirurupoko
600,16056432,akmonymous,"2026-05-26 08:59:29",0.95355,9,anantamanoranjan
601,15826815,"[QWERTY] Roman Rozen","2026-05-03 21:26:09",0.95354,18,romanrozen
602,15929862,Kabyik,"2026-05-17 09:43:53",0.95354,6,kabyik
603,15902512,lmao44,"2026-05-13 09:06:57",0.95353,20,lmao44
604,15832144,"Andrei Paulavets","2026-05-09 20:01:28",0.95352,7,andreipaulavets
605,15903857,"Shuheng(Andy) Cao","2026-05-10 16:26:44",0.95352,18,shuhengcao
606,15824684,SpringDai,"2026-05-11 04:09:07",0.95351,28,springdai
607,15859323,"Yataro Tamura","2026-05-05 10:05:47",0.95350,1,yatarotamura
608,15803762,Maxim,"2026-05-05 18:00:48",0.95349,8,ektarr
609,16060232,"YuanChang Zhang","2026-05-25 02:30:41",0.95348,11,apricity1
610,15854572,"LEVAN KANKADZE","2026-05-08 04:14:04",0.95346,12,synchrocyclotron
611,15804484,Keisuke_kaggle,"2026-05-31 16:45:36",0.95341,109,keisukekaggle
612,15803814,Linter,"2026-05-05 18:45:57",0.95341,30,"monikakorzus,siemakpogrom"
613,15808579,Funguscakehead,"2026-05-19 07:42:32",0.95341,7,funguscakehead
614,16002823,"Farhan Alam","2026-05-26 16:13:17",0.95340,30,frozen09
615,15803751,"Pilkwang Kim","2026-05-28 12:12:26",0.95337,21,pilkwang
616,15803894,minoneko,"2026-05-03 09:12:39",0.95337,14,"catwangjl,liokin,lolitalop"
617,15812116,NatSwamin,"2026-05-28 00:23:20",0.95335,9,natswamin
618,16058840,bsenst,"2026-05-23 20:32:01",0.95335,1,bnzn261029
619,16102125,PedroAVG,"2026-05-29 23:56:03",0.95333,15,pedroavg
620,15840708,UrsuSean,"2026-05-24 20:09:18",0.95332,69,seanvc
621,15818600,"Huzaifa Mankda","2026-05-12 18:16:08",0.95331,32,huzaifa242
622,15842338,"Gajanan Barve","2026-05-04 13:25:57",0.95331,2,gajananbarve
623,15811957,"Giovanni Marco Dall'Olio","2026-05-31 23:32:51",0.95331,36,dalloliogm
624,15810002,"Adwait Tagalpallewar","2026-05-31 18:51:48",0.95328,9,adwaittagalpallewar
625,15824695,@luke,"2026-05-23 15:10:36",0.95328,59,loukaspritsas
626,15817324,TboneBrown,"2026-05-03 10:41:02",0.95327,6,tbonebrown
627,15912367,Febin,"2026-05-17 06:29:16",0.95321,24,iamfebin
628,15923623,"Ang, Ellison Matthew S.","2026-05-22 10:26:47",0.95319,8,ellisonmatthewang
629,15839840,"Hongbin Guokaggle","2026-05-25 05:20:21",0.95319,69,hongbinguokaggle
630,15931159,"jasper pittam","2026-05-23 08:15:14",0.95315,22,jasperpittam
631,15812016,"Mohamed Sadok Aissaoui","2026-05-02 11:35:38",0.95314,7,mohamedsadokaissaoui
632,15803790,CEM,"2026-05-02 19:12:29",0.95314,6,cemy01
633,15803822,yunsuxiaozi,"2026-05-15 04:45:22",0.95309,2,yunsuxiaozi
634,15992857,tim.zph,"2026-05-16 14:31:51",0.95309,1,timzph
635,15812122,Specter,"2026-05-29 11:01:12",0.95309,74,akwuiwuebube
636,15810595,"Vasya E","2026-05-27 06:19:59",0.95304,41,vasiliie
637,15820343,Ole-Jakob,"2026-05-23 08:07:43",0.95303,146,olejakobrosenvold
638,15804653,Sam,"2026-05-25 05:28:58",0.95303,25,beartrader
639,15814750,"Rob Schieber","2026-05-06 18:31:32",0.95301,27,robschieber
640,15998594,"Water ground","2026-05-31 21:46:50",0.95299,68,kyumoto
641,15919758,"Lynn Pigott","2026-05-11 10:48:59",0.95296,17,lynnpigott
642,15888310,"Oguz Enver Uzan","2026-05-11 16:24:59",0.95295,2,oguzuzan
643,15804151,Timme,"2026-05-28 05:55:06",0.95290,18,timmecom
644,15933011,"yi g","2026-05-29 19:13:14",0.95289,22,eleverywfw
645,16072934,"Loai abdalslam","2026-05-31 00:43:03",0.95286,2,loaiabdalslam
646,15809865,golgo031,"2026-05-30 12:34:13",0.95286,19,golgo031
647,16001922,IEEM26_112034001,"2026-05-29 21:18:38",0.95283,2,ieem27112034001
648,15813108,"Ivan Guschin","2026-05-31 13:50:29",0.95281,48,ivanguschin
649,15857485,a.rivero.d,"2026-05-05 07:17:14",0.95280,1,albertoriverod
650,15989010,Mira_332,"2026-05-28 05:42:06",0.95278,24,ichiiohno
651,15834709,Frank_LH,"2026-05-03 13:37:59",0.95273,8,franklh
652,15805444,kava1,"2026-05-28 02:51:29",0.95272,73,ichirohippo
653,16098494,"Piotr Obiegły","2026-05-30 07:27:38",0.95272,17,piotrobiegly
654,16056697,"Tannmay Yadav","2026-05-28 11:43:48",0.95272,27,fullmetal26
655,15808553,"varad vaste","2026-05-29 14:34:03",0.95270,54,varadvaste
656,15828335,"Viktor Pavidlov","2026-05-04 21:16:24",0.95270,5,viktorpavidlov
657,15804505,raccoonForest,"2026-05-14 07:51:00",0.95266,24,gkanamoto
658,15879315,s0673468,"2026-05-16 19:33:57",0.95263,40,s0673468
659,15879376,"Vyacheslav Shen","2026-05-11 17:17:59",0.95261,3,vyacheslavshen
660,15956146,yakitori55,"2026-05-20 05:35:24",0.95260,31,yakitori55
661,15881110,"Baasil Pasha","2026-05-15 18:29:02",0.95260,1,baasilatron
662,15819777,Learners,"2026-05-06 15:39:49",0.95259,43,"wiembr,zaouiyassine"
663,16125027,"AbdUlaziz Mohammed","2026-05-30 18:33:56",0.95258,1,i0nlyaziz
664,16004651,Vaibhav_486,"2026-05-31 12:51:39",0.95258,6,vaibhav486
665,16120211,"Aryan patel","2026-05-31 17:18:35",0.95258,10,aashadevi
666,15804604,daoviet,"2026-05-07 16:02:00",0.95256,33,daoviet
667,15891635,"m-toshi desu","2026-05-08 23:14:16",0.95256,3,mtoshidesu
668,16061934,xerkey,"2026-05-30 19:44:54",0.95256,29,xerkey
669,15953341,joinus,"2026-05-24 13:52:16",0.95255,1,joinus2003
670,15977923,Mihome,"2026-05-23 03:21:07",0.95248,2,mihome
671,16032249,Elwqnn,"2026-05-31 03:18:57",0.95247,26,"brieucmevel,elwqnn"
672,16032105,Kabali,"2026-05-26 18:43:40",0.95247,3,"kowshiksaravanan,rsathish05"
673,15803825,Yoshitomo,"2026-05-31 12:43:31",0.95244,125,tomomikajiuchi
674,15882375,HamHyeok,"2026-05-29 05:00:29",0.95243,2,hamseunghyeok
675,16112357,gominsi,"2026-05-31 22:39:08",0.95243,12,gominsi
676,16092199,zeyan0823,"2026-05-29 08:53:11",0.95242,13,zeyan0823
677,15803824,"Trish Cornelissen","2026-05-31 17:09:54",0.95241,141,tcspecialist
678,15834520,"AE CS","2026-05-23 10:46:28",0.95241,12,"minhtr2401,phanhunhhng,tunlhunhanh"
679,15816112,K.Takahashi-1986,"2026-05-28 13:21:13",0.95240,52,ktakahashi1986
680,15892311,moeuuu,"2026-05-15 19:23:50",0.95236,3,moeuuu
681,15829128,"Tom Eto","2026-05-31 06:09:12",0.95236,38,tometo
682,15812739,"Hua Li666666","2026-05-04 18:04:21",0.95234,21,huali666666
683,15958586,gougou1,"2026-05-28 07:09:49",0.95233,28,gougou1
684,16085032,Liiiiinvvv,"2026-05-27 15:13:35",0.95230,1,liiiiinvvv
685,15805230,"Rohit Kumar","2026-05-06 15:25:23",0.95229,8,rohit8527kmr7518
686,15894111,"Orion Racing","2026-05-23 16:05:55",0.95226,6,"krishang1goel,mritunjya,propar07"
687,15829394,"Vijay Takbhate","2026-05-27 14:27:58",0.95225,69,vijay20213
688,15803758,GurSimran,"2026-05-31 17:31:33",0.95225,24,gurseeon
689,15998319,"Preston Rozwood","2026-05-17 19:55:16",0.95220,10,"prozwood,rickyberto"
690,15938412,"peixuan guo","2026-05-26 06:32:22",0.95220,16,peixuanguo
691,15903180,"Comunidad Ninja","2026-05-27 07:43:56",0.95220,21,dxfl42
692,15809110,viola81192,"2026-05-24 13:20:12",0.95219,41,viola81192
693,15917720,"Gauresh Karwa","2026-05-18 14:29:44",0.95208,7,gaureshkarwa
694,15947287,"Gauri Aparajit","2026-05-18 14:33:26",0.95208,5,gauriaparajit
695,15810272,"Tudor Beloiu","2026-05-06 11:15:05",0.95205,26,tudorbeloiu
696,15893124,Ninym06,"2026-05-11 00:17:08",0.95201,8,ninym06
697,15822072,masaakiwatanabe,"2026-05-10 13:06:08",0.95198,26,masaakiwatanabe
698,16090639,ChrisXie,"2026-05-30 10:07:17",0.95193,7,chrisstan
699,15811598,"Akafi hirsi","2026-05-31 22:41:19",0.95191,31,akafihirsi
700,15809630,"Ákos Pintér","2026-05-22 07:21:20",0.95190,59,kospintr
701,15833700,"jumping Stardust(JAX LIANG)","2026-05-03 03:11:13",0.95190,1,cba321
702,16000557,"Andrea Bonomi","2026-05-26 08:08:53",0.95190,19,andreabonomi
703,15923005,Ramestey,"2026-05-25 05:09:20",0.95190,42,"karina73828,ramestey"
704,15927288,"Jesús Sevilla Pérez","2026-05-31 21:10:59",0.95188,14,jesssevillaprez
705,15826329,"Chidambara Raju G","2026-05-25 16:13:40",0.95188,14,rajugc
706,15869676,"mouad bouaicha","2026-05-13 10:21:50",0.95185,9,mouadbouaicha
707,16115323,"Dimitrije Adzic","2026-05-30 22:17:11",0.95185,4,omadon
708,15828045,zheshilin,"2026-05-08 10:04:30",0.95178,6,zheshilin
709,15829998,"Stanislav Bochok","2026-05-28 10:20:55",0.95177,3,stanislavbochok
710,15817707,zlka,"2026-05-05 13:59:00",0.95177,12,z3lkahmet
711,15859196,"Zhou Xinhao11","2026-05-25 11:41:23",0.95176,10,zhouxinhao11
712,15812508,llorenzo,"2026-05-29 13:12:37",0.95176,22,llorenzok
713,16051044,fumi3333,"2026-05-23 14:15:01",0.95175,5,fumi3333
714,15807215,"Oscar Le","2026-05-28 15:08:20",0.95175,111,oscarletech
715,15806090,"Roshan 1285","2026-05-13 11:54:45",0.95174,19,roshan1285
716,15831302,"nick g","2026-05-10 15:28:41",0.95174,8,nicholasgg
717,15819124,"Luke Stafford","2026-05-02 06:15:23",0.95172,8,luketstafford
718,15892358,GGGlou,"2026-05-21 06:40:06",0.95172,25,ggglou
719,16042890,"Wu Qiaobin","2026-05-31 14:18:26",0.95171,10,wuqiaobin
720,16018108,Shige1968,"2026-05-31 04:36:20",0.95170,15,shige1968
721,15837492,KingLong,"2026-05-30 08:41:55",0.95169,19,kinglong1
722,15804587,Goyomatsu,"2026-05-30 06:48:48",0.95168,9,hirokimori
723,15804810,mcotton,"2026-05-28 20:31:44",0.95168,29,mcotton
724,15929865,"Debayan Khan","2026-05-14 11:04:01",0.95167,3,debayankhan
725,15854196,itxtxx,"2026-05-07 17:54:53",0.95166,13,itxtxx
726,15868963,"Ruide Yin","2026-05-15 15:39:46",0.95166,4,ruideyindzdz
727,15837293,"sahasri gundapuneedi","2026-05-22 06:47:50",0.95164,11,saha505
728,15824801,yukishida,"2026-05-18 03:47:20",0.95161,3,yukishidaa
729,15950040,"SRI HARI VASAN","2026-05-30 06:57:52",0.95160,5,sriharivasan
730,15817951,SCRIPTCHEF,"2026-05-04 21:50:21",0.95160,9,noodl35
731,15895624,"Torgovec Alto","2026-05-19 10:56:58",0.95158,22,andreypriorov
732,15915021,河西　正寛,"2026-05-10 15:04:47",0.95158,3,masapirika
733,16019906,"David Chow","2026-05-23 07:55:11",0.95157,8,davidchow13
734,15823445,"Syed Mohaiminul Hoque","2026-05-02 05:27:57",0.95157,1,syedmohaiminulhoque
735,16037246,"Abdellah Kahlaoui","2026-05-25 11:36:02",0.95156,10,abdellahkahlaoui
736,15812202,"Sudarshan Khot","2026-05-01 20:54:52",0.95154,2,sudarshankhot
737,15820597,dukka,"2026-05-30 12:48:05",0.95153,20,onurozahioglu
738,15825778,"Patrick M.","2026-05-24 16:55:41",0.95153,14,pigenesis75
739,15809512,arno,"2026-05-29 08:00:11",0.95153,15,arnogils
740,15835337,fleure,"2026-05-03 09:19:39",0.95152,1,nelnomial
741,15863248,"Manav Modi","2026-05-07 17:15:07",0.95150,18,manavmodi4
742,15870648,"Sarthak T","2026-05-31 18:13:53",0.95149,19,lypeorge
743,15937653,"Muhammad Brian Subekti","2026-05-19 18:38:40",0.95149,2,muhammadbriansubekti
744,16005136,"James Dent","2026-05-22 14:11:38",0.95148,16,dentjai
745,15871590,Zz5029,"2026-05-31 16:14:44",0.95148,4,zz5029
746,15821780,"Aditya Pachpande","2026-05-08 03:32:07",0.95147,18,adityapachpande
747,15805365,"Gaurav Dutta","2026-05-31 16:37:16",0.95147,49,gauravduttaiiitb
748,15820512,"Shiva Kintali","2026-05-04 22:24:46",0.95145,19,shivakintali
749,16121736,pomago,"2026-05-31 09:59:00",0.95145,10,pomago
750,15806542,"Tys TANA","2026-05-21 10:27:30",0.95144,19,tystana
751,15828407,"Ikrame Boubaker","2026-05-02 14:28:20",0.95144,3,ikrameboubaker
752,15834881,Stolide_anseed,"2026-05-12 16:08:43",0.95142,30,stolideanseed
753,16037080,"Kaito Ikuma","2026-05-31 21:06:40",0.95142,6,kaitoikuma
754,15884611,"Qian Pang","2026-05-31 10:55:33",0.95141,17,qianpang
755,15827595,"Şahin Alp Akosman","2026-05-27 17:34:36",0.95140,20,sahinalpakosman
756,15848028,"Sergey Belov","2026-05-08 09:31:47",0.95140,9,exelero
757,15816408,"vogts wu","2026-05-06 17:41:18",0.95139,11,vogtswu
758,15952991,Hietan,"2026-05-27 12:59:19",0.95138,4,hietan
759,15847404,"Tanvir Sheikh","2026-05-06 12:22:50",0.95138,20,tanvirsheikh02
760,15814707,"Georgios Nikolitsis","2026-05-25 15:35:57",0.95137,147,gnikolitsis
761,15820165,"Kyung Je Jo","2026-05-02 22:25:32",0.95137,7,kyungjejo
762,15813256,STST104,"2026-05-07 18:13:11",0.95136,12,stst104
763,15807620,Akahachi,"2026-05-31 05:32:34",0.95136,14,wordcards
764,15803757,"Emanuel Lázaro","2026-05-31 03:22:03",0.95135,9,emanuellcs
765,15813765,Александр,"2026-05-05 11:53:06",0.95134,6,alekcandrr
766,16063367,furious_raptors,"2026-05-31 15:09:16",0.95133,12,"davinci990,samhithnadig"
767,15804869,"Ytachikawa ","2026-05-02 04:26:13",0.95130,18,ytachikawa
768,15812336,"Chaman Agrawal","2026-05-01 17:10:20",0.95130,8,chamanag
769,16032062,Kaala,"2026-05-28 12:26:35",0.95130,13,"kevinfranklej15,sathiyaarumugam"
770,15810664,"Jennie Wong","2026-05-01 14:53:37",0.95128,3,jenniewong23
771,15825133,"Vasiliy Tyutvinov","2026-05-07 09:06:59",0.95127,8,gol0vachlena
772,16055998,midou0119,"2026-05-27 11:46:56",0.95124,12,midou0119
773,15970105,"adithya sauu","2026-05-15 11:28:46",0.95124,3,adithyasauu
774,16103704,"David Cohen ","2026-05-31 18:30:06",0.95121,12,davidco1
775,15942219,NeuralNerd,"2026-05-12 22:40:36",0.95121,1,adhoppin
776,15933552,Rubel,"2026-05-26 16:13:43",0.95118,25,rubel01
777,16036501,"A RAGHU SREE NANDAN","2026-05-26 05:43:44",0.95117,11,araghusreenandan
778,15998467,samurAI,"2026-05-20 16:59:07",0.95116,13,sametyilmaztemel
779,16092302,"Lvcheng Wang Boher","2026-05-27 23:22:58",0.95114,4,lvchengwangboher
780,15829991,Fusahiko@555,"2026-05-31 14:18:38",0.95113,75,fusahuko555fusahiko
781,16048735,"kartik pandey","2026-05-24 17:36:05",0.95113,3,kartik3pandey
782,15810316,"Luca Basanisi","2026-05-09 07:52:55",0.95112,20,lucabasa
783,15913609,"Pavel Koloyan","2026-05-09 22:26:23",0.95112,3,pavelkoloyan
784,15936958,"Devansh Patil","2026-05-20 05:16:19",0.95111,14,devanshpatil22
785,15826734,"denis kashulin","2026-05-05 13:03:20",0.95110,18,deniskashulin
786,15811238,fuyo1622,"2026-05-25 05:55:01",0.95110,140,jack10519
787,15846904,jps,"2026-05-25 15:38:00",0.95109,37,jahaziel
788,15924807,OKUKOK,"2026-05-29 16:17:13",0.95109,15,"okukok,zhidongzyr"
789,16055504,Marco99mp,"2026-05-23 14:33:08",0.95108,5,marco99mp
790,15810858,Evdilos_Ikaria,"2026-05-04 11:58:03",0.95107,12,georgem
791,16045531,"Trishanth Mellimi","2026-05-26 08:42:04",0.95107,29,trishanthmellimi
792,15870447,"Harsh Dhandha","2026-05-07 12:33:46",0.95104,2,dhandhaharsh
793,15906021,etsuko,"2026-05-25 14:29:04",0.95104,17,etsukonaganawa
794,15833794,squiffer9,"2026-05-09 04:52:33",0.95102,10,squiffer9
795,15866812,"De Marchi Fabio","2026-05-31 21:13:50",0.95101,4,obiaf88
796,15814615,"Akmal Azzam o'g'li","2026-05-31 02:20:19",0.95101,6,akmalmir
797,15862867,moyue,"2026-05-06 06:56:18",0.95100,6,jiyueguo
798,15844749,"Роман Суханов","2026-05-22 15:07:15",0.95100,22,rmkaaaa
799,16100273,IEEM26_112034016,"2026-05-31 05:39:04",0.95100,21,linhengchien
800,15811626,"Birathiban Thavarajah","2026-05-04 12:04:34",0.95098,22,birathibanthavarajah
801,16068527,FourBytes,"2026-05-25 15:09:23",0.95095,1,fourbytes
802,15883998,"Franklin Roosevelt","2026-05-19 09:33:41",0.95094,3,ddg529700
803,16056724,kosaki,"2026-05-24 05:09:48",0.95093,15,kosaki1
804,15877803,Joona,"2026-05-10 22:28:39",0.95093,4,joonalaunonen
805,16117037,balancedaction,"2026-05-31 18:14:52",0.95092,6,balancedaction
806,15803939,"Keya Dobriyal","2026-05-18 05:50:24",0.95091,3,keyadobriyal
807,15819254,"Hunter Boles","2026-05-08 14:57:49",0.95090,3,hunterb9101
808,16010775,newlevel463,"2026-05-28 20:49:46",0.95090,46,newlevel463
809,15810589,Sofia_Gilka,"2026-05-31 17:44:05",0.95089,98,sofiagilka
810,15904567,nilochan,"2026-05-12 23:02:57",0.95088,6,nilochan
811,15943853,giangnh123,"2026-05-13 06:03:13",0.95087,6,giangnh123
812,16096066,"Semih Marufoglu","2026-05-31 13:37:14",0.95085,19,asmarufoglu
813,16094973,"Takito Kobayashi","2026-05-31 22:18:11",0.95085,12,takitokobayashi
814,16006054,tsobel,"2026-05-24 19:01:19",0.95085,2,tsobel
815,15842966,Yoshi,"2026-05-09 12:50:48",0.95084,6,yoshinorisugita
816,15892987,"Rutang Patel","2026-05-25 07:24:36",0.95084,48,rutangpatel
817,15841250,theWayIAm,"2026-05-21 08:32:03",0.95084,37,thewayiam
818,15867597,chirayu816,"2026-05-06 12:10:00",0.95083,2,chirayu816
819,15803959,"Bryce Chambers","2026-05-04 07:27:02",0.95083,2,brycechambers
820,15810552,DinCaus,"2026-05-31 10:39:04",0.95083,92,dincaus
821,15868526,duck3,"2026-05-31 23:44:44",0.95082,34,take0814
822,15912726,etcnet,"2026-05-13 00:27:23",0.95082,18,shakilj
823,15803983,Naoyas418,"2026-05-01 13:26:01",0.95082,1,naoyas418
824,15919706,"Yuhei Enguchi","2026-05-13 22:40:34",0.95082,13,yuheienguchi
825,16067450,"Yoshinori Takada","2026-05-25 05:52:36",0.95081,2,is0263rf
826,15816454,"Kian Maghsoodi","2026-05-31 16:59:08",0.95079,13,kizmodo
827,15843228,yjZhao,"2026-05-06 02:27:01",0.95079,6,yajiezhao1126
828,15829769,"Tamerlan Omralinov","2026-05-20 07:01:20",0.95079,30,tamerlanomralinov
829,16133890,IEEM26_112034032,"2026-05-31 16:38:53",0.95078,7,ieem26112034032
830,16002106,"Baijie Wang","2026-05-27 16:30:37",0.95077,6,baijiewang
831,15821559,"Mohamed Radwan","2026-05-02 03:49:20",0.95077,5,mhmdrdwn
832,16131553,"zo4j4 33 (さんさん)","2026-05-31 10:13:51",0.95076,7,zo4j433
833,15926579,"DONGSHU LIU","2026-05-15 15:44:41",0.95076,13,dongshuliu
834,15983189,"B Sharma_100101","2026-05-27 06:07:01",0.95076,9,bsharma100101
835,15811678,"Phạm Quốc Bình","2026-05-16 08:31:39",0.95076,6,tiesinger123
836,15807259,sayak2103,"2026-05-16 03:49:51",0.95075,25,sayak2103
837,15836487,百合かもめ,"2026-05-04 07:04:19",0.95073,6,yurikamome8160
838,15840455,"Hoang D. H.","2026-05-09 22:03:59",0.95073,5,louisrashi
839,15818466,"KEERTHI LAZARUS","2026-05-20 03:58:00",0.95073,75,keerthilazarus
840,16047593,sakuya1652,"2026-05-22 07:37:45",0.95072,3,sakuya1652
841,16012324,MrFishPL,"2026-05-19 16:30:51",0.95072,11,mrfishpl
842,15807746,"Alibay Alili","2026-05-31 19:20:25",0.95071,7,alibay
843,15822980,McQueen🏎️,"2026-05-02 18:14:21",0.95071,6,theonetheonly
844,16094326,GOATKD-35,"2026-05-29 11:47:13",0.95070,12,goatkd35
845,15912040,"Amine MEKKI","2026-05-18 18:03:49",0.95069,24,aminemekki
846,15803772,Chovy,"2026-05-31 04:30:43",0.95069,11,chovyxu
847,15972768,natsu0529,"2026-05-27 09:47:48",0.95068,35,natsu0529
848,15996683,"Azizbek Xasanov","2026-05-26 17:08:10",0.95068,1,azizbekxasanov
849,16001972,nlekinwala,"2026-05-17 15:01:02",0.95068,1,nlekinwala
850,15868648,"Abhineet Kulkarni","2026-05-10 05:29:53",0.95067,32,arkulkarni
851,16094366,nazeshinjite,"2026-05-28 21:31:45",0.95067,12,nazeshinjite
852,16102520,"Roger Park","2026-05-29 15:02:46",0.95067,7,rogerpark
853,15951905,ÇalıDora,"2026-05-26 16:45:48",0.95067,35,"blacksnowflake,enginakta"
854,15808822,"Jack Shumway","2026-05-03 18:48:07",0.95066,17,jackshumway
855,15966487,"Lohith Mahesh","2026-05-15 21:59:23",0.95065,18,lohithmah
856,15878488,"Abdullah Fasih","2026-05-07 10:48:28",0.95065,3,abdullahfasih
857,15820627,"Saharsh Maddi","2026-05-13 01:24:33",0.95065,5,saharshmaddi
858,15813006,"Lumy / ルミ","2026-05-01 21:28:34",0.95064,8,luminolous
859,15997183,"Mike Karp (AIUS)","2026-05-26 14:20:10",0.95063,9,mikekarpaius
860,15951288,CelinaGS,"2026-05-29 19:55:17",0.95063,18,celinags
861,16045460,QingShe,"2026-05-22 13:32:51",0.95063,3,qingshe
862,15808284,Galza98,"2026-05-04 19:26:27",0.95061,15,galza98
863,16070001,DestinyleSnowy,"2026-05-25 13:34:57",0.95061,5,destinylesnowy
864,16114512,ajxxcaptain,"2026-05-31 20:48:53",0.95061,11,ajxxcaptain
865,16015053,"Dave Ranola","2026-05-18 18:59:38",0.95059,3,daveranola
866,16015962,"Mohammed arfan shafin","2026-05-31 20:54:39",0.95058,2,mohammedarfanshafin
867,15844581,"Kushal S","2026-05-19 13:13:54",0.95058,6,kushals256
868,15854122,ArnoldRosielle,"2026-05-14 20:43:02",0.95058,23,arosielle
869,15977383,"Roxd Km","2026-05-18 08:40:41",0.95057,15,roxdkm
870,15838442,"La Huy Hoang","2026-05-03 15:33:59",0.95057,3,lahuyhoang
871,16041555,"Pierre Biousse","2026-05-26 09:45:46",0.95055,13,pbcacao
872,16020692,lucasfcfj,"2026-05-20 09:10:24",0.95055,6,lucasfcfj
873,16097531,"Pramod Deore","2026-05-29 21:59:59",0.95055,9,pramoddeore
874,15830015,yalmawka,"2026-05-06 15:31:52",0.95055,30,yalmawka
875,16072982,"Rafael Gallo","2026-05-25 20:30:30",0.95054,1,gallo33henrique
876,16060758,Mayank_Singh_Rathore06,"2026-05-27 17:12:04",0.95054,6,mayanksinghrathore06
877,15843331,gizmrkv,"2026-05-07 14:02:45",0.95052,22,gizmrkv
878,15816123,"Siddhesh Sathe","2026-05-17 18:06:24",0.95052,10,sidcodegg
879,16032158,bran_89,"2026-05-29 22:26:23",0.95051,8,iwanan
880,15882142,Moonlight,"2026-05-13 02:29:58",0.95051,16,rajesh1joc
881,15818951,"Djenk Ivanov","2026-05-27 20:47:01",0.95051,7,djenkivanov
882,16061977,"Osama Abo-Bakr Khalifa","2026-05-25 09:54:48",0.95051,8,osamaabobakr
883,15873098,"Anila Bukhari","2026-05-23 09:51:26",0.95050,12,anilabukhari
884,15834842,"Parth Sarnobat","2026-05-31 15:41:02",0.95049,22,parthsarnobat
885,15857892,"Anirban Das","2026-05-31 05:33:01",0.95048,8,anirbandasbit
886,15846502,"Nishant Dahal","2026-05-05 01:10:02",0.95048,2,nishantdahal
887,16116489,Roman@Ahmed,"2026-05-30 07:14:12",0.95048,3,romanahmed2024
888,15827978,AlexandeWhite,"2026-05-07 14:12:11",0.95046,36,alexandewhite
889,15906344,ApexGP,"2026-05-11 07:39:02",0.95045,9,"duinyooou,yutaomou1"
890,15933493,ZhangBohua1,"2026-05-12 06:50:24",0.95045,2,zhangbohua1
891,15834168,"Anton Dovzhenko","2026-05-09 10:35:00",0.95045,11,adovzhenko
892,16031714,vansh850,"2026-05-30 15:23:00",0.95045,53,vansh850
893,15810753,"H. Berke Bankoglu","2026-05-25 17:31:41",0.95044,34,bankoglu
894,15828838,jackson,"2026-05-08 04:46:57",0.95043,56,jackson653
895,15808016,suyapoom.ch,"2026-05-31 22:08:12",0.95041,12,suyapoomch
896,15916805,"Syahwiza Dean","2026-05-26 03:27:59",0.95041,127,syahwizadean
897,16092348,YitianLi1103,"2026-05-29 09:33:26",0.95040,30,yitianli1103
898,15844852,"Antoniya Atanasova","2026-05-07 18:27:18",0.95040,5,antoniyaatanasova
899,15863313,"Den Pugovkin","2026-05-16 21:19:52",0.95040,4,denpugovkin
900,15934165,"Haruto Kuroda","2026-05-16 01:06:56",0.95039,6,harutokuroda
901,16050716,nori117,"2026-05-31 09:06:45",0.95039,18,nori117
902,16125743,"Thiebaut Schirmer","2026-05-31 18:28:25",0.95039,3,thiebauts
903,15837968,"Phong Khoi","2026-05-16 02:42:06",0.95038,10,phongkhoi
904,15880831,hzyz66,"2026-05-12 02:21:42",0.95038,10,hzyz66
905,15825456,"Elusive Bob","2026-05-21 21:34:02",0.95037,38,danzthedeadly
906,15871177,"Preetham Gouda","2026-05-11 12:05:49",0.95037,5,preethamgouda
907,15809348,"Satkar sarvankar","2026-05-06 13:02:26",0.95036,10,satkar003
908,15916238,卢啦啦噜啦啦,"2026-05-30 08:16:55",0.95036,40,lmj342570
909,16088614,hadimaster,"2026-05-31 18:41:29",0.95036,26,hadimaster
910,16004439,chibarie,"2026-05-18 11:31:10",0.95036,2,chibarie
911,15816969,Tigerpiotta,"2026-05-31 19:58:09",0.95035,19,tigerpiotta
912,15943306,Maksonch1k,"2026-05-13 21:07:18",0.95035,10,maksonch1k
913,15926446,mahmudulmadu,"2026-05-23 06:32:02",0.95034,6,mahmudulmadu
914,15811101,"Đào Minh Thuấn 🎖️","2026-05-02 16:29:24",0.95034,5,thuandao
915,15838688,IEEM1110324102,"2026-05-28 06:47:31",0.95033,9,ieem1110324102
916,16083553,"Sopor Aeternus","2026-05-27 13:04:25",0.95033,9,soporaeternus
917,16034064,"Filip Mihal","2026-05-29 17:57:44",0.95033,13,chobotnicka
918,15830467,"Yinchen Hao","2026-05-29 17:15:16",0.95033,11,yinchenhao233
919,15869113,Watafari,"2026-05-31 11:27:15",0.95031,11,lailythuytien
920,16019130,"Prajin Kannan Babu","2026-05-19 18:31:41",0.95031,1,prajinkannanbabu
921,15887801,"Erfan Amirfallah","2026-05-31 08:13:41",0.95031,32,erfanamirfallah
922,16048376,Erika,"2026-05-31 08:28:42",0.95030,71,erika3322
923,16040001,"Guoxin Wang","2026-05-23 14:18:11",0.95029,21,wgx111111
924,15804064,HunterNgBoonHian,"2026-05-01 07:50:49",0.95029,10,hunter1995
925,15842037,"Ziad Roshdy","2026-05-28 21:06:46",0.95029,29,ziadzika
926,16008749,"Pratyush Arun","2026-05-30 08:41:01",0.95029,40,pratyusharun
927,15812859,"Panagiotis Katsakioris","2026-05-03 16:15:12",0.95028,9,panagiotiskat
928,15986914,"Yash Sukhdeve","2026-05-19 13:16:59",0.95028,1,yashsukhdeve
929,15922032,"Diego Lopes","2026-05-15 17:58:23",0.95028,43,datafromlopes
930,15983091,eunyyda,"2026-05-31 12:11:10",0.95028,12,eunyyda
931,15942573,"maxence laplane","2026-05-17 00:39:05",0.95028,24,maxencelaplane
932,16058828,"Lazaro Hurtado","2026-05-25 07:32:34",0.95028,25,lazarohurtado
933,15804657,JibGaGoShibDa,"2026-05-13 14:00:04",0.95028,33,"hongjunghun,psy1009"
934,15997708,youslam,"2026-05-17 23:30:19",0.95028,1,saloumafort
935,15857145,"Simran Pun","2026-05-12 09:43:48",0.95027,9,simranpun
936,15904849,rRTZZZ,"2026-05-19 03:29:26",0.95027,12,rrtzzz
937,15810008,Blumine,"2026-05-04 11:00:27",0.95027,5,blumine
938,15825230,"mw xie653","2026-05-08 11:31:36",0.95027,45,mwxie653
939,16006361,Quadruped,"2026-05-30 01:17:46",0.95026,47,jaclyndeem
940,15837298,"Michihisa Ohara","2026-05-25 14:57:36",0.95026,47,michihisaohara
941,16108212,JSunicorn,"2026-05-30 09:32:27",0.95026,12,jsunicorn
942,15883863,"Yunshan Cai","2026-05-10 05:56:49",0.95026,4,yunshan1116
943,15803771,oliver,"2026-05-29 16:27:07",0.95025,50,oliverlang
944,16112505,"Szymon Kłapiński","2026-05-31 08:13:40",0.95025,4,szymonkapiski
945,15806281,"MD Ibrahim Khalilullah","2026-05-26 05:04:16",0.95024,33,ibrahimkhalilullah22
946,15884958,RINGULARITY,"2026-05-08 18:00:54",0.95024,1,ringularity
947,15948184,sswatari,"2026-05-28 08:07:29",0.95024,12,sswatari
948,15803770,"Lance Casimiro","2026-05-09 02:27:46",0.95024,4,lancecasimiro
949,15809486,Star_xinglan,"2026-05-01 06:42:28",0.95024,1,starxinglan
950,15811404,"Ali Hamza Peçenek","2026-05-26 06:12:02",0.95024,9,alihamzapeenek
951,15822957,"vijay thurimella","2026-05-31 14:29:27",0.95024,179,vijaythurimella
952,15841516,"Farouk Boukil","2026-05-10 17:56:39",0.95023,9,f4roukb
953,15907579,Mrsalty,"2026-05-26 13:21:49",0.95023,5,mrsaltyx
954,16039791,Diovolendo,"2026-05-26 08:22:44",0.95023,24,diovolendo
955,15941212,Pit_Crew,"2026-05-18 17:30:19",0.95023,17,dhananjaypatkar0
956,16028745,"Samuel Patton","2026-05-30 21:20:52",0.95023,12,samuelpatton22
957,15831122,Kawthar,"2026-05-29 01:09:32",0.95023,5,sakuno
958,15816990,Vartika_7781,"2026-05-12 20:46:19",0.95022,16,"anirudhskumar,vartika7781"
959,15818256,"Achal Jhawar","2026-05-07 12:44:33",0.95021,14,achaljhawar
960,15996164,"Tannushree Vaishnav","2026-05-17 07:26:29",0.95021,2,tannushreevaishnav
961,15904495,PaulThangNguyen,"2026-05-18 02:02:42",0.95021,6,thangnguyen33
962,15984839,"Jan Ruijgrok","2026-05-30 07:45:57",0.95021,64,piyanit
963,15892094,"HYPEE SUN","2026-05-08 01:34:43",0.95021,1,hypeesun
964,15803881,"Yunus Şahin","2026-05-04 12:29:21",0.95021,14,ysahin1
965,16029027,"Jerome Vincent Tagaro","2026-05-31 13:05:06",0.95020,5,jeromevincenttagaro
966,15917757,"Nirmal Patel","2026-05-25 14:18:13",0.95020,18,nirmalpatel02
967,15825708,notme,"2026-05-03 15:34:18",0.95019,8,ducknf
968,15804251,AidenSong123,"2026-05-02 00:05:52",0.95019,4,aidensong123
969,15840109,"Nikita Grebenshchikov","2026-05-07 07:21:30",0.95019,1,nikitagrebenshchikov
970,15811249,"cora zeng","2026-05-25 08:49:01",0.95018,10,corazeng
971,15874750,Figle,"2026-05-30 15:50:38",0.95016,8,"caitlin37,estebanfigueroa"
972,15819882,"Lucas Moraes","2026-05-22 20:25:26",0.95016,16,lucasmoraes001
973,16109951,"Sumit Praveen Miskin","2026-05-29 12:34:03",0.95016,4,"manjunath46,sumitmiskin275"
974,15878501,"Stefan Glisic","2026-05-28 18:15:11",0.95016,16,glisicstefan
975,15837456,"Viggo Kristensen","2026-05-31 19:20:49",0.95015,37,"viggokristensen,viksevik"
976,15942074,Samidullo,"2026-05-20 15:26:28",0.95014,9,karltonkxb
977,16047060,HongTaeYang,"2026-05-26 03:39:16",0.95013,26,hongtaeyang
978,15923184,schanitater,"2026-05-11 08:31:48",0.95012,1,schanitater
979,15991766,"Lingala Ganga Nithish Reddy","2026-05-16 09:55:58",0.95012,2,lnithishreddy
980,16012912,xiaoguozi,"2026-05-30 14:02:30",0.95012,6,xiaoguozi
981,16030167,"Vivek Vajha","2026-05-20 06:28:49",0.95012,1,vivekvajha
982,15952103,Zeusfail,"2026-05-14 22:07:36",0.95011,8,dylangallemard
983,15868552,"Lin Jianhang","2026-05-17 07:56:01",0.95011,29,linjianhang
984,15973850,"Aaron Isom","2026-05-15 19:09:01",0.95010,8,aaronisomaisom3
985,16135905,"Guilherme Couto Gomes","2026-05-31 23:39:14",0.95010,2,guilhermecoutogomes
986,16048115,dragoshh1984,"2026-05-31 18:36:39",0.95010,31,dragoshh1984
987,15811768,"Aryan Chauhan","2026-05-02 15:56:18",0.95010,6,aryanchauhan97971234
988,16041376,りゆえす,"2026-05-30 04:17:53",0.95009,4,riyuesu
989,15803832,shusk31,"2026-05-01 09:57:31",0.95008,4,shusk31
990,16047840,山田理功,"2026-05-31 14:31:31",0.95007,10,"mocaluna,r1ku169,watakote"
991,15812498,"Kuba Kościan","2026-05-02 23:58:36",0.95006,9,kubakocian
992,15832329,Zuri,"2026-05-22 23:04:10",0.95004,11,jairochanduviantonio
993,15810524,"Raj Nikil","2026-05-01 18:07:32",0.95004,3,kargneq
994,15803955,"Ali Shahi","2026-05-25 04:37:12",0.95002,45,k1shahi
995,16101459,Eracado,"2026-05-29 10:10:05",0.95001,6,eracado
996,16021810,"Yi Fanhan","2026-05-28 00:20:19",0.95001,1,jenniferwy
997,15832000,Kizabgd,"2026-05-22 22:24:35",0.95000,36,kiza123123
998,16047869,"Shone Kim","2026-05-26 13:36:44",0.95000,22,shonekim
999,15923731,KyleRees,"2026-05-15 02:58:06",0.95000,3,kylerees
1000,15913044,"F Team","2026-05-11 14:37:05",0.94998,4,"mdabusaif48,raduansm"
1001,15811570,mok,"2026-05-07 14:51:48",0.94998,7,motensor
1002,16098923,"Jay Lakhupota","2026-05-30 14:49:03",0.94998,9,jaylakhupota
1003,16058088,"Evil Spirit05","2026-05-31 20:41:07",0.94997,20,evilspirit05
1004,15822078,"Carson Cheng","2026-05-30 04:35:48",0.94997,7,carsoncheng
1005,15804479,"Keval Shah","2026-05-01 07:19:52",0.94997,1,whokevalshah
1006,15911543,"Abdullah Ijaz","2026-05-09 18:28:11",0.94996,3,abdullahijaz128
1007,16086124,"ِِAmer Ziad","2026-05-26 19:33:23",0.94996,3,amer2121
1008,15826683,AlexandeWhite912,"2026-05-07 07:38:07",0.94996,39,alexandewhite912
1009,15931940,islet,"2026-05-12 23:55:31",0.94996,1,kojimar
1010,15921091,"Can Yilmaz","2026-05-12 09:36:35",0.94995,12,canyilmaz75
1011,15913857,"Emil Pekkinen","2026-05-10 10:40:09",0.94995,2,emilpekkinen
1012,15806529,"Ts. B.","2026-05-15 04:13:45",0.94993,3,tsydenovbair
1013,15892919,yinfengliu,"2026-05-09 05:12:53",0.94992,11,yinfengliu
1014,16064915,"johnson Chiang 26","2026-05-25 16:28:17",0.94992,4,johnsonchiang26
1015,15920219,Ahmed-Elgazar.1,"2026-05-15 17:56:57",0.94992,7,ahmedelgazar1
1016,15806766,"Yuka,Ota","2026-05-01 10:48:13",0.94992,1,yukaika
1017,15818809,"Nick Katsarelas","2026-05-25 21:49:56",0.94991,17,nickkatsarelas
1018,16039906,zwm_aaaaaa,"2026-05-26 09:23:01",0.94990,3,zwmaaaaaa
1019,15910887,"kutay dogan","2026-05-13 06:40:25",0.94989,4,kutaydogann
1020,15842827,"Ivan Arreola","2026-05-13 02:54:48",0.94988,1,ivanarreola
1021,15878644,"[RU] Nikita Kuznetsov","2026-05-25 09:18:55",0.94988,42,nikitakuznetsof
1022,15894432,"Simon Vestvik (simonito)","2026-05-08 13:02:37",0.94988,2,simonvestviksimonito
1023,15881850,"CHARLES LEE","2026-05-11 23:42:57",0.94987,12,cwlee1124
1024,16044442,aryan_soni1,"2026-05-22 12:22:39",0.94987,2,aryansoni1
1025,15846379,K.Nagase,"2026-05-27 00:16:03",0.94987,21,kntkjtr
1026,15886948,heraoRH,"2026-05-10 08:47:53",0.94986,7,heraorh
1027,15917321,porply,"2026-05-10 12:08:38",0.94986,1,porply
1028,15908867,"Lvov Stanislav","2026-05-09 11:18:27",0.94986,1,tickflag
1029,16104549,"Rudra Bedekar","2026-05-29 13:39:37",0.94985,3,rudrabedekar
1030,15807764,stpete_ishii,"2026-05-03 02:52:48",0.94985,12,stpeteishii
1031,15981135,"Nikolay #2","2026-05-28 11:19:07",0.94985,1,nikolaykrd
1032,16029886,sampujya,"2026-05-21 06:12:02",0.94985,6,sampujya
1033,16024790,"Chase Bonfiglio","2026-05-20 15:34:17",0.94985,8,chasebonfiglio
1034,15882554,"J Kartiwa @ G","2026-05-26 09:41:45",0.94984,3,jkartiwa
1035,15931774,"Jiahui Qu","2026-05-12 02:06:03",0.94984,6,qujiahui
1036,15806041,Punyak,"2026-05-25 18:16:11",0.94983,77,punyakdei
1037,15932819,liyanrong48,"2026-05-12 03:05:55",0.94983,1,liyanrong48
1038,15917786,seckin,"2026-05-29 12:54:20",0.94983,4,seckinadali
1039,15995931,"Micha den Heijer","2026-05-24 11:00:08",0.94983,27,michadenheijer
1040,16101002,"Hack Descent","2026-05-30 19:04:54",0.94982,21,"chrisgeorgeshibu,galimanishkumar,varunkarthikbalaji"
1041,15819040,"Thabang Mphela","2026-05-26 16:48:36",0.94982,36,thabangmphela0401
1042,16064437,Makeryyy,"2026-05-25 20:44:52",0.94982,14,makeryyy
1043,15907900,"Mike Madani","2026-05-29 22:40:00",0.94982,4,mikemadani
1044,16005343,"Matt Hods","2026-05-20 21:41:58",0.94982,5,matthods
1045,16030837,"Kristian Anastasia","2026-05-31 13:51:13",0.94980,2,kristiananastasia
1046,16044482,"Jason Liu","2026-05-30 02:32:28",0.94980,14,jason71995
1047,15813355,goichang,"2026-05-02 07:09:10",0.94979,4,goichang
1048,15810421,zzhhhh13,"2026-05-01 14:00:11",0.94979,5,zzhhhh13
1049,16079083,"Masaaki Nabeshima","2026-05-28 09:47:26",0.94978,3,masaakinabeshima
1050,16003223,lli289.git,"2026-05-19 17:53:15",0.94977,7,lli289git
1051,15807230,"Clébio Júnior","2026-05-30 01:03:27",0.94977,58,juniorcl
1052,15805246,fffxide,"2026-05-01 10:32:08",0.94975,5,fffxide
1053,15849959,"moustafa Yuri","2026-05-09 13:29:57",0.94974,24,moustafayuri
1054,15847394,"Hariom Singh","2026-05-06 10:26:20",0.94974,7,hariomsingh06112001
1055,16072985,Pinkleton73,"2026-05-31 14:52:54",0.94974,24,pinkleton73
1056,16037135,"lionel W509","2026-05-27 16:18:39",0.94974,17,lionelw509
1057,16063042,JJAnawat,"2026-05-25 16:12:43",0.94972,1,jjanawat
1058,16001947,wangyuhan_why,"2026-05-24 14:21:23",0.94971,24,wangyuhanwhy
1059,15987375,Arjun,"2026-05-18 15:01:18",0.94971,3,arjunchidambaram
1060,15829100,yaehana_n,"2026-05-06 12:10:33",0.94970,15,yaehana
1061,15910279,PrivatePieceRec,"2026-05-16 12:13:32",0.94970,17,privatepiecerec
1062,15814129,"julia lipka","2026-05-31 20:32:28",0.94970,19,julialipka
1063,15866736,"Rafael h. Rebelo","2026-05-29 21:01:17",0.94970,8,rafaelhrebelo
1064,15992185,Spdore,"2026-05-19 09:42:42",0.94969,7,spdore
1065,15805145,"vedant pol","2026-05-28 06:51:08",0.94969,22,vedantpol
1066,15948383,"ANJALI DOGRA","2026-05-16 12:37:04",0.94969,9,anjalidogra
1067,15906621,"Saketh Sreeram","2026-05-10 05:38:49",0.94969,1,ramystic
1068,15911362,leonxiix,"2026-05-10 02:43:41",0.94968,2,leonxiix
1069,16027104,TANSUN1,"2026-05-21 15:54:18",0.94968,6,tansun1
1070,16050634,kimikini,"2026-05-24 00:32:08",0.94968,13,"hanlingzheng,kimikini"
1071,15909764,NikuradzeDmitry,"2026-05-09 16:22:22",0.94968,6,nikuradzedmitry
1072,15879096,KacpiPL,"2026-05-07 09:10:17",0.94968,7,kacpipl
1073,15827853,"Alexey Ermolaev","2026-05-20 09:12:06",0.94968,17,alexeyermolaev
1074,16052513,"Hugo Ponce","2026-05-24 19:19:51",0.94967,4,hugoskn
1075,15892479,しょうげん,"2026-05-22 02:24:38",0.94967,3,shogen8192
1076,16061433,"paolo testa","2026-05-25 10:10:16",0.94967,2,paolotesta0001
1077,15812659,Rae,"2026-05-02 15:20:50",0.94966,6,raeventkaul
1078,15938553,"Mohamed Waseem21","2026-05-13 04:43:24",0.94965,14,mohamedwaseem21
1079,16021134,土田陸斗,"2026-05-30 09:21:16",0.94964,22,tsuchidarikuto
1080,15843316,hoang001,"2026-05-26 04:02:21",0.94963,5,hoang001
1081,15814666,"SHUBH SETH","2026-05-31 19:03:51",0.94963,55,sethshubh
1082,16061976,Ramen,"2026-05-29 03:53:57",0.94963,14,sadatch
1083,15816651,AaravDeLegend,"2026-05-11 12:42:28",0.94962,27,aaravdelegend
1084,15817048,"Yousef Turk","2026-05-02 06:52:52",0.94962,2,yousefturk
1085,16136317,ShubhSeth007,"2026-05-31 19:38:19",0.94961,6,shubhseth007
1086,16080152,WuWisdom,"2026-05-28 19:23:08",0.94961,4,wuwisdom
1087,15806550,"Steve Sojan","2026-05-15 11:58:54",0.94961,22,stevesojan
1088,16030776,"Foucault de Jerphanion","2026-05-27 11:42:13",0.94960,18,foucaultdejerphanion
1089,16038108,cccchensy,"2026-05-23 16:07:32",0.94958,3,catgirlprpr
1090,15908017,"Paulo Álvaro","2026-05-09 09:36:54",0.94958,6,pauloalvaro
1091,15892144,"Mitsuaki Inoue","2026-05-31 06:20:45",0.94957,35,mitsuakiinoue
1092,15811543,"Maram Ali","2026-05-02 11:47:11",0.94957,2,msama01
1093,15841026,"Safak Atakan Celik","2026-05-26 10:13:44",0.94957,2,safakatakancelik
1094,15834810,"Yogesh Kardile","2026-05-19 06:53:54",0.94957,5,yogeshkardile
1095,15890610,"Mohamed Darwish","2026-05-10 14:18:09",0.94956,10,darwish1337
1096,15808309,"Not Real42","2026-05-06 07:45:56",0.94956,13,notreal42
1097,15820413,Satoshi,"2026-05-05 10:57:32",0.94955,13,satoshisumiriko
1098,16014600,"Akhil Kosuri","2026-05-19 13:42:30",0.94955,10,akhil838
1099,15830930,"Darko Androcec","2026-05-13 12:38:50",0.94954,30,dandrocec
1100,15815365,juliencst,"2026-05-04 16:34:24",0.94954,4,juliencst
1101,15914661,Br0k3nS0u1,"2026-05-20 19:03:17",0.94954,23,br0k3ns0u1
1102,16011341,ckaushik,"2026-05-27 10:52:48",0.94954,6,ckaushik
1103,15883529,yuzz,"2026-05-29 13:47:48",0.94953,5,yuzz212
1104,16044187,HkHk2Prod,"2026-05-31 19:10:14",0.94953,28,hkhk2prod
1105,15820663,"Emirhan Kadan","2026-05-31 20:27:17",0.94953,42,emirhankadan
1106,16043046,"Deeraj Kumar","2026-05-24 09:12:24",0.94951,6,deerajkumarjjjj
1107,15829870,Valourman,"2026-05-03 12:07:28",0.94951,8,valourman
1108,15880042,SOONHANKWON,"2026-05-18 02:02:04",0.94951,80,soonabletv
1109,15833149,"Daniel Chang","2026-05-03 08:04:49",0.94950,5,danielchang01
1110,15812265,Markus.JM,"2026-05-16 15:43:46",0.94950,2,maiernator
1111,15913509,"Safal Singh","2026-05-10 18:08:41",0.94950,7,safalsingh
1112,15848395,umomuoi,"2026-05-06 22:54:42",0.94950,10,artemstalnoy
1113,15951826,Gigrise,"2026-05-14 14:54:51",0.94949,10,gigrais
1114,15838939,SkibidiUzbek,"2026-05-31 16:50:17",0.94949,7,dummkopf
1115,15880576,Aki,"2026-05-26 04:11:42",0.94949,47,akihorikawa
1116,15866790,"Stephen Tarter","2026-05-12 15:46:45",0.94948,2,stephentarter
1117,15813129,"Szwajcar ","2026-05-29 11:28:27",0.94948,6,szwajcar
1118,15855330,"krist pun","2026-05-24 06:19:17",0.94947,6,kristpun
1119,16047354,chaehyeonneee,"2026-05-31 07:22:50",0.94947,5,chaehyeonneee
1120,15947539,"Thomas Carpentier","2026-05-27 11:45:47",0.94947,7,thomascarpentierr
1121,15816329,"Ahmet Kağan Koral","2026-05-20 10:21:48",0.94947,26,kagankoral
1122,15853214,Alexdruso,"2026-05-09 11:48:34",0.94946,13,alessandrosanvito
1123,16036460,WonderWomen2017,"2026-05-21 18:55:44",0.94946,3,wonderwomen2017
1124,16013766,"Aaditya Vardhan","2026-05-19 07:42:55",0.94946,3,aadityavardhan
1125,15813191,"Євген заремба","2026-05-04 06:09:50",0.94945,12,djoniblack
1126,15826426,"Mubashir Ul Hassan","2026-05-02 14:05:46",0.94945,2,mubashirulhassan00
1127,15880086,"Klenn Dungaran","2026-05-28 02:22:09",0.94944,3,klekzee
1128,15837437,Karan,"2026-05-30 20:16:37",0.94944,20,teamaker
1129,15817973,Marineeee,"2026-05-06 10:09:36",0.94944,32,marineeee
1130,16026454,aditya83743,"2026-05-19 19:43:22",0.94943,1,aditya83743
1131,15857992,"Patrice MAZEL","2026-05-06 10:35:47",0.94942,5,patricemazel
1132,16104584,"Egor Volokitin","2026-05-29 00:54:27",0.94942,1,egorvolokitin
1133,15816332,"ham chicchi ","2026-05-02 08:15:12",0.94942,3,hamchicchi
1134,16117229,"Narmatha R","2026-05-30 16:23:41",0.94942,3,naru16
1135,15814576,Viginem,"2026-05-05 10:58:39",0.94942,11,vighneshpawaskar
1136,15857810,tuannm3812,"2026-05-24 00:21:05",0.94941,5,tuannm3812
1137,16134108,www999,"2026-05-31 22:17:49",0.94940,4,www999
1138,15920365,nenatalich,"2026-05-17 16:34:01",0.94940,4,nenatalich
1139,15994776,"Mikhail Baryshev","2026-05-22 11:07:42",0.94940,6,mikhailbaryshev
1140,15906454,"TAI SHUO","2026-05-11 05:36:09",0.94939,8,taishuo
1141,15829119,"CHARHBILI Moad","2026-05-09 06:31:26",0.94937,12,charhbilimoad
1142,16011686,"Himanshu Singh","2026-05-27 17:53:28",0.94937,17,himanshusingh004
1143,16115330,kolawole,"2026-05-30 11:58:30",0.94937,9,kolawole13303
1144,15867700,"Andre Neil","2026-05-06 02:04:36",0.94937,3,andrenpc
1145,15816641,"Kawish Hassan","2026-05-03 11:14:03",0.94937,6,kawishhassan
1146,15851324,Zhenrui.Weng,"2026-05-29 04:06:27",0.94936,16,zhenruiweng
1147,15931535,"Cameron Harris","2026-05-13 00:50:30",0.94936,9,cameronharriscloud
1148,16058777,brainwaveml,"2026-05-23 20:52:55",0.94936,2,brainwaveml
1149,15989863,"Yusuf Öztop","2026-05-17 17:00:03",0.94936,2,yusufztop
1150,16132888,vantege,"2026-05-31 13:43:52",0.94936,3,vantege
1151,15998561,TatsuPro23,"2026-05-31 21:21:09",0.94935,18,tatsuyaarai4444
1152,15908906,"Ali Shaxn","2026-05-11 18:28:53",0.94935,4,alishaxn
1153,16007870,"Hao Men","2026-05-19 06:28:14",0.94935,3,haomen2
1154,16054855,BlueFlame202,"2026-05-31 17:02:50",0.94935,37,aathreyakadambi
1155,15894225,Harry,"2026-05-20 02:18:17",0.94935,13,harrytsjan
1156,15895526,"Somsubhro Metya","2026-05-16 15:39:20",0.94934,38,somsubhrometya
1157,15832572,Leander,"2026-05-05 22:37:28",0.94934,16,lenny2905
1158,15915852,Hall4jm,"2026-05-13 00:20:40",0.94934,16,hall4jm
1159,16095052,"Vraj Patel","2026-05-28 07:44:46",0.94934,7,mrstrange2903
1160,16002681,"Adhiraj Jagtap","2026-05-21 18:21:54",0.94933,4,adhirajjagtap
1161,15898861,Gianvito,"2026-05-21 13:46:40",0.94933,6,gianvitonesca9
1162,16084390,"lulu done","2026-05-28 12:38:51",0.94933,8,luludone
1163,15983608,"Soumyadeep R12","2026-05-15 12:21:13",0.94932,1,soumyadeepr12
1164,15860584,ershan23,"2026-05-06 04:34:45",0.94932,6,ershan23
1165,16121747,"Sumantra Prajapati","2026-05-31 17:42:48",0.94932,6,sumantraprajapati
1166,15811744,carbodiamond,"2026-05-23 17:48:52",0.94931,22,carbodiamond
1167,15867133,"Andrade Claudio","2026-05-06 01:48:16",0.94930,5,andradeclaudio
1168,15948615,SLpeaunt,"2026-05-15 05:00:11",0.94929,7,slpeaunt
1169,15978326,"Fares Rafat","2026-05-25 21:02:21",0.94929,25,faresrafat
1170,16039557,"McLovin It","2026-05-31 13:23:36",0.94929,18,"anmolchouksey,siddhantsamdariya"
1171,16045046,"Jose Lopez","2026-05-24 02:49:39",0.94928,11,joselopezx
1172,15834539,"Katsuhisa Abe","2026-05-27 00:15:07",0.94928,13,abekatsu
1173,15812113,hzr111,"2026-05-30 04:37:07",0.94927,24,hzr111
1174,15811782,haukesteffen,"2026-05-05 21:11:12",0.94927,6,haukesteffen
1175,15908646,"Aleksandr Makhov","2026-05-31 21:15:33",0.94927,38,aleksandrmakhov
1176,16024185,"Yousef Zaghloul","2026-05-20 07:47:37",0.94927,5,yousefzaghloul
1177,15846457,Hello39,"2026-05-17 05:21:52",0.94926,18,hello39
1178,16098041,IEEM26_111034046,"2026-05-28 08:06:26",0.94926,1,billyyuu
1179,15852837,"Zihao Fan","2026-05-11 14:19:38",0.94926,26,fzh0919
1180,16120970,"Edgar Baobaoen Jr.","2026-05-31 18:18:42",0.94925,6,double0x2
1181,15812232,rotation921,"2026-05-11 12:59:42",0.94925,18,rotation921
1182,16076621,"Praneeth Paikray","2026-05-28 13:27:06",0.94924,14,paiky1995
1183,15954082,"suda nobuto","2026-05-26 07:41:44",0.94924,9,sudanobuto
1184,16071944,"Manjil Budhathoki","2026-05-25 10:57:53",0.94924,2,manjilbudhathoki
1185,15829500,Gaberli,"2026-05-03 05:42:54",0.94923,1,gaberli
1186,16082946,"Amalio Gomez","2026-05-26 16:55:09",0.94923,2,amaliogomez
1187,15811301,"Kemal Musab Dayioglu","2026-05-24 08:37:21",0.94921,9,kemalmusabdayioglu
1188,15991405,Lee-Sangmin,"2026-05-31 08:32:44",0.94921,6,ssangtuk2
1189,15815994,"Gabriel Guzman","2026-05-12 23:00:03",0.94921,7,ggguzm
1190,15877248,GCarnovale,"2026-05-12 14:01:43",0.94920,5,gcarno
1191,15809197,"Prabhat Agnihotri","2026-05-27 16:35:42",0.94920,31,pls1999
1192,15854356,SuryatejaDevarako,"2026-05-05 02:02:35",0.94920,2,suryatejadevarako
1193,15909758,"Dmitrii K","2026-05-31 08:00:21",0.94920,8,spacesurfer
1194,15816828,yalpha,"2026-05-02 16:10:09",0.94918,2,yusukeimura
1195,16013113,"Tanco CC","2026-05-22 11:32:30",0.94918,6,tancocc
1196,15948724,Ryota_macho,"2026-05-17 09:53:06",0.94918,3,ryotamacho
1197,15905229,chuyichen,"2026-05-23 11:25:11",0.94918,28,"chuyichen516,renj89"
1198,15872084,肖健峰嗯,"2026-05-15 14:11:41",0.94918,7,xiaojianfeng137
1199,16065372,"Ishaan Agarwal","2026-05-30 11:25:30",0.94916,34,ishaanagarwal03
1200,15936448,dimension2,"2026-05-25 16:56:36",0.94916,7,dimension2
1201,15811186,"Gary Hess","2026-05-06 11:23:48",0.94916,23,garbo999
1202,16030646,"Boris-Andrei Pavel","2026-05-20 08:36:02",0.94915,3,borisandreipavel
1203,16055459,"KENTA OGAWA","2026-05-30 14:05:24",0.94915,9,kentaogawa
1204,15812544,"Himanshu Saini","2026-05-09 17:20:15",0.94915,8,"gowthamsunny1617,himanshu6588"
1205,15913511,Pranay,"2026-05-25 06:26:48",0.94915,11,pranay9565
1206,16054970,"Dhruv Bhadhotiya","2026-05-24 08:35:41",0.94915,4,dhruvbhadhotiya
1207,15886561,pure1213,"2026-05-12 08:24:41",0.94914,6,pure1213
1208,15920772,BOCHIDIGM,"2026-05-11 04:33:44",0.94914,4,bochidigm
1209,15885898,"Daman Deep","2026-05-09 06:59:50",0.94914,8,damn101
1210,15931421,"Niels Peter Kroon","2026-05-14 13:41:47",0.94913,14,nielspeterkroon27
1211,15817711,"Ryan McGreevy","2026-05-16 16:14:12",0.94911,9,ryanmcgreevy
1212,16065701,"Vaibhav Kubasad","2026-05-30 18:09:04",0.94911,9,"namanakalwadi,shraddhabs,vaibhavkubasad"
1213,15836450,"Abhyudai Tiwari","2026-05-08 05:57:31",0.94911,23,abhyudaitiwari
1214,15905838,Beets_007,"2026-05-17 14:33:41",0.94911,9,beets007
1215,15817047,Gabiru,"2026-05-02 01:00:36",0.94910,7,gabrielott
1216,16051415,"Thomas W","2026-05-31 00:42:15",0.94909,14,thomaswesthead
1217,15920014,nemoirisgurl,"2026-05-14 07:14:21",0.94909,20,nemoirisgurl
1218,15820848,"Douglas Marques","2026-05-12 18:06:52",0.94909,6,tatudoug
1219,16060961,"Chica Chan","2026-05-26 16:41:31",0.94908,2,chicachan
1220,16010343,"Viraj Bulugahapitiya","2026-05-25 10:58:38",0.94907,5,amanthaviraj
1221,15933440,"Sampath kumar Ponduru","2026-05-17 05:23:06",0.94907,7,sampathkumarponduru
1222,15810193,"Emircan Güneş","2026-05-01 12:52:01",0.94906,1,emircansoftware
1223,16003904,"Hartej Sahni","2026-05-27 15:54:33",0.94906,18,hartejsahni
1224,15840034,カオウカイ,"2026-05-03 16:51:38",0.94906,3,kevinocc
1225,16118246,Somni,"2026-05-30 14:18:58",0.94906,4,twilight057
1226,15976470,fizzahabdullah,"2026-05-24 17:28:39",0.94906,1,fizzaha99
1227,15843200,"MAJJJ VINAY KUMAR","2026-05-11 06:16:03",0.94905,4,majjjvinaykumar
1228,15856315,"احمد ڤقرول رادزي نوردين","2026-05-05 06:32:27",0.94905,1,pakerole1985
1229,15809907,"Mohamed Abdelhay","2026-05-19 15:35:10",0.94905,10,mohamedabdelha7
1230,16006062,"Sean Pritchard","2026-05-27 23:04:45",0.94905,14,seanpritchard
1231,15814255,"Jim Gruman","2026-05-09 22:29:44",0.94904,13,jimgruman
1232,16011799,THe_vK,"2026-05-19 10:46:04",0.94904,2,thevk3
1233,15903685,parijit,"2026-05-28 22:16:17",0.94903,18,parijit
1234,15811990,"mariko f.","2026-05-31 10:15:55",0.94903,107,marikof
1235,15811636,simplecar,"2026-05-04 13:32:07",0.94903,2,simplecar
1236,15868329,"chen Jack12","2026-05-06 07:37:02",0.94902,10,"chenjack12,sylfilic"
1237,16047850,N_ha,"2026-05-31 23:57:47",0.94902,12,nha1050
1238,15884223,"Dawoon Jung","2026-05-18 04:11:07",0.94902,5,noowad0418
1239,15822120,kroffske,"2026-05-05 00:09:36",0.94902,7,theraff
1240,15819389,"Keith Fernandes12","2026-05-05 01:38:47",0.94900,3,keithfernandes12
1241,15843146,AidenKim98,"2026-05-07 05:48:50",0.94900,5,aidenkim98
1242,16041810,Ibaina,"2026-05-23 19:24:18",0.94900,3,ibaina
1243,16004067,julienpepin,"2026-05-18 15:01:08",0.94900,2,julienpepin
1244,15829893,"Emir Akdogan","2026-05-02 22:27:31",0.94900,3,ahmetemirakdogan
1245,15875161,bolobolome,"2026-05-08 12:01:04",0.94900,15,"bolobolome,liuzhien"
1246,15836601,HiroYas,"2026-05-10 02:38:36",0.94899,19,yashiro0
1247,16051799,"Jeff Butt","2026-05-29 21:28:48",0.94899,5,jeffbutt
1248,15875123,"EIAMIN HASSAN","2026-05-07 18:37:55",0.94898,4,eiaminhassan
1249,16032431,IEEM26_112034007,"2026-05-29 18:58:17",0.94897,50,huangikai
1250,15917963,poco34,"2026-05-27 14:59:59",0.94897,9,poco34
1251,15945859,"Ziyang Zhou","2026-05-13 09:51:27",0.94897,1,ziyangzhou81
1252,15806266,J.,"2026-05-28 19:18:56",0.94896,24,xjoannax88
1253,16022021,"Ivan Jung","2026-05-27 01:05:31",0.94896,10,ivanjung301
1254,15827797,"Sonal Shinde","2026-05-02 14:49:46",0.94895,3,sonalshinde123
1255,15885061,"Rishuv Gorka","2026-05-15 10:29:04",0.94895,6,rishuvgorka
1256,16047423,laijunyu,"2026-05-22 12:22:44",0.94894,6,laijuny
1257,15981647,Sakura,"2026-05-18 07:59:31",0.94893,5,sakura134
1258,15977897,"Dingwen Kong","2026-05-15 08:21:12",0.94893,5,dingwenkong
1259,15904050,"Mark Leonchik","2026-05-26 23:16:38",0.94893,4,jamescarlson121
1260,16045142,acyyl,"2026-05-22 14:29:45",0.94892,4,assil22
1261,15999927,"Mohit Balachander","2026-05-17 15:27:37",0.94892,1,mohitbalachander
1262,15893154,"Jaival Chauhan","2026-05-12 15:40:58",0.94892,8,jaivalchauhan
1263,15832804,"Orlando Virginio Penha Junior","2026-05-31 19:52:29",0.94892,16,orlandovpjunior96
1264,16000939,"Code Red","2026-05-18 11:05:41",0.94891,4,"hardikchanana,rhythmghai"
1265,16103550,RodrigoAntunesA,"2026-05-31 20:21:06",0.94891,8,rodrigoantunesa
1266,16126313,Güven,"2026-05-31 01:31:41",0.94890,2,gvnalaca
1267,15825944,bruhbruh,"2026-05-03 10:52:26",0.94889,14,nguyendinhbach69
1268,16061427,teamweever,"2026-05-25 00:51:05",0.94889,3,teamweever
1269,16084176,"Teamnext Weever","2026-05-26 13:20:39",0.94889,1,teamnextweever
1270,16087306,"Wafiq Razy38","2026-05-26 23:45:20",0.94889,1,wafiqrazy38
1271,15910533,"Sahith kalisety","2026-05-09 16:11:46",0.94889,1,sahithkalisety
1272,15804092,"Chani Leon","2026-05-31 06:04:12",0.94888,137,leonchani
1273,16075771,"Harshita Shibe","2026-05-26 10:14:16",0.94888,2,harshitashibe24
1274,16065588,"Anis BENAICHA","2026-05-25 18:02:43",0.94888,15,anisaba79
1275,16027251,"Rudrapratap Singh Ujjwal","2026-05-20 00:14:51",0.94887,2,rudrapratap001
1276,15885019,"Anant jain","2026-05-10 18:09:31",0.94887,1,anantjain159
1277,16082107,"Hà Tùng 177","2026-05-28 10:20:37",0.94886,6,htng177
1278,15804513,"KOUSHIK KUMAR DINDA","2026-05-28 04:00:38",0.94886,7,koushikkumardinda
1279,16037930,n1tishc,"2026-05-28 06:22:32",0.94885,15,n1tishc
1280,16095104,J5t3313,"2026-05-28 00:38:11",0.94885,3,j5t3313
1281,16036214,"Luciano Alves","2026-05-28 01:44:07",0.94884,5,lvieirace
1282,15869039,dorosuke,"2026-05-13 04:35:37",0.94883,6,dorosuke
1283,16097462,20050318,"2026-05-28 11:23:25",0.94881,2,wujiaqi2005
1284,16076412,"David Zagorski","2026-05-26 14:44:44",0.94881,8,davidhexynator
1285,15991198,COLD,"2026-05-30 02:30:16",0.94880,10,maulikgajera
1286,15964684,"Shah Muhmmad Fazle Rabbi","2026-05-20 08:44:40",0.94880,3,engineerfrabbi
1287,15841508,"Shunjun Gu","2026-05-06 13:12:36",0.94880,8,shunjungu
1288,16018871,"Weiya Wang","2026-05-30 15:41:47",0.94880,11,weiyawang31415926
1289,15859365,civilien,"2026-05-05 10:37:22",0.94880,1,civilien
1290,15919241,HimanshuDSI,"2026-05-18 07:55:41",0.94879,18,himanshubhardwaj174
1291,15997969,tylerm70,"2026-05-18 04:22:25",0.94878,14,tylerm70
1292,16041556,井上悠馬,"2026-05-28 10:10:57",0.94877,8,starchild03523
1293,16120693,"qiheng lee","2026-05-30 20:17:02",0.94876,9,qihenglee2077
1294,15862533,"Jocelin Angela","2026-05-05 15:10:20",0.94876,1,jocelinangela
1295,16065408,Kirill_Lekomtcev,"2026-05-31 10:28:54",0.94875,18,kirilllekomtcev
1296,15859376,sdssJ0,"2026-05-22 07:33:12",0.94875,6,sdssj0
1297,15854926,綾瀬レイ,"2026-05-31 08:08:22",0.94875,15,rainrain5
1298,15926568,"Quyền Thịnh","2026-05-12 08:53:45",0.94874,3,quynthnh
1299,16008416,"Kavya Dhyani","2026-05-19 07:29:04",0.94873,5,kavyadhyani
1300,16134496,"Bishwas Pandey","2026-05-31 18:31:19",0.94873,2,bishwaspandey
1301,15928617,bebseee,"2026-05-11 16:51:42",0.94873,1,bebseee
1302,16044553,"Prakrity Choukade","2026-05-21 22:45:44",0.94872,3,prakrityc
1303,16030241,"shandeng nan","2026-05-20 08:00:00",0.94872,4,shandengnan
1304,16076158,"Eshaan Saha","2026-05-26 11:15:03",0.94872,5,eshaansaha
1305,16076801,"Leonardo V.","2026-05-28 07:25:19",0.94871,27,lzsecurity
1306,16051489,Sameerk,"2026-05-27 17:23:42",0.94871,4,sameerk2004
1307,16046276,"Kushagra Dev","2026-05-29 10:11:50",0.94871,11,kushagradev
1308,15835725,amiakar,"2026-05-10 17:03:33",0.94871,10,amiakar
1309,15987682,"Tyler Peters","2026-05-30 14:29:01",0.94870,7,ripims
1310,16054847,"Priyadharshini M","2026-05-30 07:23:33",0.94870,12,riya96
1311,15813600,Pippone95,"2026-05-03 10:57:25",0.94870,10,pippone95
1312,15914977,kazkod,"2026-05-16 04:20:07",0.94870,4,kazkod
1313,15839121,yuefanchao,"2026-05-03 14:31:17",0.94869,1,yuefanchao
1314,16030261,"Sharanya Chakraborty","2026-05-22 07:25:05",0.94869,6,sharanyachakraborty
1315,15985822,"Abdullah Shafi Bin Nahid","2026-05-30 11:42:48",0.94869,6,abshafi2021
1316,16088580,dragon4396,"2026-05-27 14:10:25",0.94869,1,dragon4396
1317,15810018,Koostik126,"2026-05-14 18:18:45",0.94868,9,kostya138
1318,15875736,"HsinTing Wang","2026-05-10 13:04:48",0.94868,2,hsinting0704
1319,15884021,"Mansi Chilkoti","2026-05-16 14:46:48",0.94868,35,mansichilkoti
1320,15905785,"Từ Đình Nguyên","2026-05-12 16:44:38",0.94867,13,bontaphoa
1321,15811641,TieSinger,"2026-05-03 09:03:03",0.94867,6,tiesinger
1322,15850902,!2#4DaNgKhOa%6&8,"2026-05-05 07:12:07",0.94867,11,khoanguyenhoangdang
1323,15858466,"HOANG DANG KHOA NGUYEN","2026-05-05 07:22:57",0.94867,5,hoangdangkhoanguyen
1324,15843101,"Shunsuke Yagi","2026-05-04 13:51:41",0.94867,6,shunsukeyagi
1325,15854805,Xoyuzu,"2026-05-05 01:56:39",0.94867,2,xoyuzu
1326,15922349,"Joseph Kharzo","2026-05-12 03:19:22",0.94867,15,jekojekojeko
1327,16076030,"Preet Kumar","2026-05-28 18:10:27",0.94866,1,preetgujjar
1328,15822101,Rocky,"2026-05-04 07:05:22",0.94866,12,rockyt07
1329,15882983,Catadanna,"2026-05-14 15:14:53",0.94866,18,catadanna
1330,15837589,kkiy,"2026-05-03 14:19:13",0.94866,2,kkiyyy
1331,16110040,"YANG,JUN-HAN","2026-05-30 15:06:07",0.94866,5,jimyang1018
1332,16032255,旷慧娴7,"2026-05-21 07:21:17",0.94865,3,"kuang6,yellowoneday"
1333,16017860,Esdodolian,"2026-05-25 13:39:13",0.94865,4,esdodolian
1334,15873249,"Emre Hacıhasan","2026-05-24 20:34:41",0.94865,6,emrehachasan
1335,16074624,BAImatubama,"2026-05-27 07:57:06",0.94865,14,baimatubama
1336,15986788,k-void0,"2026-05-16 14:50:23",0.94864,3,kvoid0
1337,15874035,MGKzzz,"2026-05-25 15:52:28",0.94863,22,mgkzzz
1338,15862000,"Rishii Kumar Singh","2026-05-06 08:14:03",0.94863,2,rishiikumarsingh
1339,15928925,"Abina Kukanova","2026-05-25 18:26:40",0.94862,6,abinakukanova15
1340,15875933,"Clark Kitchen","2026-05-06 19:53:32",0.94862,2,clarkkitchen
1341,15859903,"Mahima Dangi","2026-05-25 12:35:33",0.94862,4,"achyutpancholi04,bherumegh,mahimadangi"
1342,15897124,"Koki ANDO","2026-05-16 14:18:40",0.94862,11,kokiando
1343,16046374,"prachi saha","2026-05-26 06:53:25",0.94861,5,prachisaha
1344,15929934,sotaya,"2026-05-18 10:57:58",0.94861,25,sotaya
1345,16046926,gktdgktd,"2026-05-22 08:37:47",0.94861,2,gktdgktd
1346,15832400,"Meryem Kevser Keskin","2026-05-11 21:48:12",0.94860,24,meryemkevserkeskin
1347,15938035,gusi,"2026-05-18 18:14:58",0.94860,14,"jrvlaa,qber66"
1348,15932914,HOOOUUUU,"2026-05-12 02:23:02",0.94860,4,hooouuuu
1349,15968937,Intern_grind,"2026-05-14 14:23:34",0.94859,9,shivyanshgarg
1350,15811530,"OJO EMMANUEL","2026-05-15 19:27:09",0.94859,12,ojoemmanuelnifemi
1351,15870960,"Haritha Sarode","2026-05-10 13:55:52",0.94858,2,harithasarode
1352,15913331,Abhijith,"2026-05-11 00:57:01",0.94858,5,abhijitharavind
1353,16119364,"Anurag Nayak","2026-05-31 14:51:16",0.94858,4,anuragnayak07
1354,15878409,"Fedor Chernyshev","2026-05-18 12:43:01",0.94857,3,fedorchernyshev
1355,15810683,"Jayhan Oh","2026-05-04 13:36:28",0.94857,6,jayhanoh
1356,15924348,멜론사냥꾼,"2026-05-27 09:08:02",0.94857,11,"choejungmin,saeramchun"
1357,15841596,Merhiro,"2026-05-05 17:53:36",0.94856,2,merhiro
1358,16063191,AlexeyShkotov,"2026-05-24 21:05:24",0.94856,5,alexeyshkotov
1359,16136869,crinjovik,"2026-05-31 21:38:29",0.94856,1,crinjovik42
1360,16106091,"Jed Hubert","2026-05-29 07:07:56",0.94856,1,jedhubert
1361,15946575,"Yağız Terzi","2026-05-13 09:19:37",0.94856,2,yazterzi
1362,15847343,"shloak shetty","2026-05-30 09:19:48",0.94855,13,shloakshetty
1363,15932621,"Sphesihle Mdlovu","2026-05-12 03:08:49",0.94855,5,sphesihlemdlovu
1364,15815480,Dubnium,"2026-05-02 18:08:31",0.94855,4,ahmetyasin1
1365,16023329,_piaoxue_666,"2026-05-19 13:14:59",0.94854,4,piaoxue666
1366,16006950,"Chirapathleo Saelim","2026-05-26 06:45:56",0.94854,4,chirapathleosaelim
1367,15846607,menos1,"2026-05-06 00:10:40",0.94854,10,menos1
1368,15993344,"Xiaofeng Meng","2026-05-27 02:20:21",0.94854,40,superamazing
1369,15898713,SARANG,"2026-05-30 16:14:34",0.94854,17,vh10935cse20
1370,15819095,Marius,"2026-05-21 03:49:08",0.94854,4,mariusborel
1371,16076950,"Saicharan Emmadi","2026-05-27 01:27:49",0.94854,5,saicharanemmadi
1372,15803910,"Fernando Arizmendi","2026-05-05 20:08:24",0.94853,8,ferariz
1373,15930895,"Azamat Sadikov","2026-05-13 10:40:08",0.94853,1,azamatsadikov
1374,16108368,"Divyanshu Somasekhar","2026-05-31 10:13:48",0.94853,3,divyanshusomasekhar
1375,15909940,"Shubham Vaish","2026-05-09 13:15:42",0.94853,1,shubhamkumarvaish
1376,15836760,"Charles Jia","2026-05-14 14:00:28",0.94852,14,charlesjiaxjtu
1377,16032784,yscho,"2026-05-30 07:10:09",0.94852,7,yeonseokcho
1378,15804650,miyu.k1aras@gmail.com,"2026-05-31 07:15:53",0.94851,62,miyuk1arasgmailcom
1379,15807029,Jisei_Asakura,"2026-05-15 05:15:23",0.94851,12,jiseiasakura
1380,16062682,"Mbarki Souhail","2026-05-31 22:36:01",0.94851,23,mbarkisouhail
1381,16048770,PRanav_007082,"2026-05-28 11:25:15",0.94851,6,pranav007082
1382,15905117,Apocania,"2026-05-21 02:36:38",0.94850,2,apocania
1383,15977864,AntonFJ95,"2026-05-18 23:04:15",0.94850,3,antonfj95
1384,16073064,"Amit Kumar Anand","2026-05-31 12:42:58",0.94849,6,amitkumaranand
1385,15884321,"Barry ZhengXian","2026-05-07 10:54:14",0.94848,1,barryzhengxian
1386,15808999,"QiBin Song","2026-05-06 01:39:51",0.94848,6,qibinsong
1387,15813275,"Karan Tanshukh","2026-05-14 19:10:59",0.94848,3,karantanshukh
1388,15840180,"Brian Shaw","2026-05-09 11:18:57",0.94847,4,shortpathfirst
1389,16076618,"Aadil Sayed","2026-05-26 10:24:55",0.94847,7,aadilsayed
1390,15906763,"Qudsiya Siddique","2026-05-12 08:47:14",0.94846,5,qudsiyasiddique
1391,15828767,"Maciej Markowski","2026-05-03 12:13:00",0.94846,6,markowskim
1392,15807422,"Aman Vishwakarma","2026-05-15 18:27:38",0.94846,9,amanvishwakarma01
1393,16089071,"Pin wei Liao","2026-05-30 15:46:20",0.94845,18,pinweiliao
1394,15851292,"Arun R.noa","2026-05-13 11:00:04",0.94845,7,zorornoa
1395,15882431,ErrorMan,"2026-05-07 07:12:23",0.94845,3,jaygun84
1396,15920050,"Sadam Torres","2026-05-16 23:12:47",0.94845,5,sadamtorres
1397,16121968,Aditya,"2026-05-31 06:08:10",0.94844,3,adiace4u
1398,16133616,"fizool pann","2026-05-31 15:09:05",0.94843,1,fizoolpann
1399,15977986,LTCC01,"2026-05-15 17:05:00",0.94843,2,ltcc01
1400,16069515,"Parvin Jumshudlu","2026-05-27 10:27:24",0.94843,8,parvinjumshudlu
1401,16021269,Jaime,"2026-05-23 09:46:25",0.94843,9,jaimepower
1402,16116924,Olegsabertoothed,"2026-05-30 15:05:01",0.94843,10,olegsabertoothed
1403,15912043,"YASH PATEL","2026-05-14 14:46:02",0.94843,9,yashpatel2105
1404,15821280,yuki.aoki2024,"2026-05-02 18:59:05",0.94842,2,yukiaoki2024
1405,16037177,"Jalen Lum","2026-05-31 21:53:57",0.94842,4,jalenlum
1406,15885393,"Mark G","2026-05-24 14:13:32",0.94842,4,markgul
1407,15843551,"Rishabh Bhartiya","2026-05-04 05:11:06",0.94842,1,rishabhbhartiya
1408,15818197,"Foid Qcold","2026-05-03 20:55:08",0.94841,12,mustardbator
1409,15930847,"Abdullah Musharaf","2026-05-11 19:46:55",0.94840,1,abdullahmusharaf1
1410,16032654,YusuffCakirr,"2026-05-22 13:20:31",0.94840,18,yusuffcakirr
1411,15915078,Ozartsa,"2026-05-21 12:23:42",0.94839,10,ozartsa
1412,15813575,"Yuki Ino","2026-05-27 11:17:06",0.94839,11,yukiino
1413,15920347,"Plinio Bicalho","2026-05-11 00:53:22",0.94839,2,pliniobicalho
1414,15840984,Dragogargo,"2026-05-03 18:28:31",0.94839,3,dragogargo
1415,15827394,"ML learner","2026-05-24 15:02:31",0.94838,14,usermaname1
1416,15828342,"Oscar Aguilar","2026-05-05 05:23:20",0.94838,4,oscarm524
1417,16068746,"Hitarth Pandey","2026-05-28 05:19:38",0.94838,6,hitarthpandey
1418,16110187,Mahendra,"2026-05-29 20:47:11",0.94838,1,mm910747712ghn
1419,16086592,"Aditya Raj Singh","2026-05-31 23:30:50",0.94838,4,aditya9151
1420,15890485,"Kaushik Sarav","2026-05-31 21:52:13",0.94837,2,kaushiksarav
1421,15823738,torrreeesss,"2026-05-05 23:12:25",0.94837,2,torrreeesss
1422,16097530,"Fujisaki Hayato","2026-05-28 09:00:45",0.94837,10,fujisakihayato
1423,15889740,captains_RGB,"2026-05-24 21:57:27",0.94836,16,"busekaraa,mustafaemreglm,rmeysakarda"
1424,15937816,Satadal1,"2026-05-30 12:19:08",0.94836,1,ssdd09
1425,15833179,Mikey0075,"2026-05-15 16:09:34",0.94835,1,mikey0075
1426,16063847,"Amanot Ullah","2026-05-24 22:31:53",0.94834,10,amanotullah42
1427,15828089,"Bhone Moe Naing","2026-05-30 08:04:08",0.94832,2,phonemoe
1428,15897966,Mayu,"2026-05-08 15:54:55",0.94831,2,mayueryu
1429,15813026,"Samruddhi Hirave","2026-05-28 10:35:44",0.94830,1,samruddhi76
1430,16048471,"Abdul Mazid","2026-05-22 10:01:17",0.94830,1,abdulmazidkhan
1431,15804494,"Malco Qoo","2026-05-09 02:05:57",0.94830,11,malcoqoo
1432,16056197,Simon349,"2026-05-23 12:31:07",0.94829,3,simon349
1433,15951054,bahia,"2026-05-23 14:46:48",0.94829,4,"kevely,zzzrafinha"
1434,15925242,devrajsolankiii,"2026-05-14 18:12:25",0.94827,10,devrajsolankiii
1435,15819761,"João Felix","2026-05-15 15:51:06",0.94827,23,joaosilvafelix
1436,15919579,"SHANMUKHA DATTA BODA","2026-05-10 16:11:03",0.94827,1,shanmukhadattaboda
1437,15830598,Nishuxf,"2026-05-18 08:21:53",0.94827,1,nishu65
1438,16115851,"Kianoush Haratian","2026-05-30 14:15:53",0.94826,4,kianoushharatian
1439,15803782,Akritas,"2026-05-01 17:57:56",0.94826,5,akritas
1440,15913792,"Liyang Zhang","2026-05-24 23:05:42",0.94826,2,liyangzhang87
1441,16090973,dxjjjjjj,"2026-05-31 17:00:19",0.94826,6,dxjjjjjj
1442,15841980,"Abdelouahed Zahid","2026-05-16 13:41:50",0.94826,2,abdelouahedzahid
1443,16131239,KK,"2026-05-31 11:10:47",0.94826,1,kk2909
1444,15895766,Roshan,"2026-05-31 21:15:25",0.94825,4,roshan0907
1445,15858152,"weber wang","2026-05-09 14:57:39",0.94824,4,t8101349
1446,15917376,Math_lover,"2026-05-11 12:49:22",0.94823,8,zzzznc
1447,15968684,"Aarav Kumar Ranjan","2026-05-16 15:47:22",0.94823,1,aaravkumarranjan
1448,15977175,"Murad San","2026-05-18 20:04:54",0.94823,3,muradsan
1449,15810374,Barbagrande007,"2026-05-22 15:12:41",0.94823,6,barbagrande007
1450,15805643,"Amit Behura","2026-05-10 19:12:16",0.94822,1,amitbehura2
1451,16084499,"Logos wei","2026-05-30 17:49:20",0.94822,6,logoswei
1452,15817346,"Daniyal Atta","2026-05-01 17:39:48",0.94822,2,daniyalatta
1453,15876136,Yuk!,"2026-05-30 09:49:09",0.94822,2,mitsuyukiokamura
1454,15823933,Sravani,"2026-05-04 16:14:32",0.94822,6,ssravani8
1455,16006294,domcodes,"2026-05-17 23:32:40",0.94822,1,domcodes
1456,16082972,ChiteshMarmat0091,"2026-05-29 09:09:21",0.94822,13,chiteshmarmat0091
1457,15986405,"Emre Bektas","2026-05-25 11:23:15",0.94822,1,ebktas
1458,15991769,"Ujjwal Kumar","2026-05-26 19:33:43",0.94821,4,ujjwalkumar26rke
1459,15926596,"Grace Eso","2026-05-11 13:43:32",0.94821,2,esograce
1460,15894205,"y gyttt","2026-05-27 04:08:46",0.94820,6,ygyttt
1461,16029287,koustubhk,"2026-05-31 04:23:47",0.94819,4,kkhandekar
1462,15919413,NumenDev,"2026-05-16 21:28:54",0.94819,12,numendev
1463,16037530,rsato0731,"2026-05-28 19:24:52",0.94818,11,rsato0731
1464,16060917,"y dszhywa","2026-05-24 17:14:53",0.94818,5,ydszhywa
1465,15907797,"Apex Predators","2026-05-16 09:11:57",0.94818,1,vasugoti07
1466,15928608,"Siddharth Khatod","2026-05-16 11:36:58",0.94817,18,siddharthkhatod
1467,15844230,"Suryansh Vatsaa Tripathi","2026-05-05 17:51:07",0.94817,9,suryanshvt
1468,15816563,Faraz,"2026-05-31 23:01:58",0.94816,3,syedfarazhussaini
1469,15894872,LoganB01503,"2026-05-19 10:20:24",0.94815,4,loganb01503
1470,15950973,"Janani Soundara Rajan","2026-05-15 14:03:36",0.94815,4,jananisoundararajan
1471,16048953,"Alexander Myagky","2026-05-31 20:17:18",0.94815,4,alexandermyagky
1472,16108065,"Lalith mani","2026-05-30 15:07:35",0.94815,8,lalithmani
1473,16056617,"Chong Xuan Ng","2026-05-24 16:21:27",0.94814,3,chongxuanng
1474,15815506,"Prajwal Dixit","2026-05-01 15:01:09",0.94814,6,prajjvval
1475,15824051,harry_pro_data,"2026-05-12 07:25:17",0.94814,1,harryprodata
1476,16026969,"Lino Vives","2026-05-19 20:03:17",0.94813,1,linovives
1477,15929634,"Pablo Chicharro Gómez","2026-05-12 17:17:11",0.94813,2,pcgomez13
1478,15888732,"Ahmet Emir Dundar","2026-05-10 16:03:51",0.94813,4,ahmetemirdundar
1479,16107385,dominyellow,"2026-05-31 13:00:13",0.94810,5,dominyellow
1480,15831844,"Ashish Ranjan","2026-05-27 21:28:50",0.94810,3,arju7542
1481,15870022,"Abhishek Gupta","2026-05-08 06:29:34",0.94810,7,abhishekgupta56447
1482,15888629,"Jui-Yang, Wang","2026-05-08 16:41:48",0.94810,4,leowang0204
1483,16049847,"Krishnendu Dutta","2026-05-25 11:40:35",0.94809,21,kdrd2812
1484,16055915,S.S,"2026-05-24 14:11:28",0.94808,3,"sanjitjeevanand,shreshtagajula"
1485,16031452,"Mariia Nahorna","2026-05-21 11:12:45",0.94808,7,mariianahorna
1486,15844273,"Pranav Uniyal","2026-05-28 11:47:34",0.94808,40,fall2fire
1487,15885483,"İbrahim Öztürk","2026-05-07 18:00:40",0.94807,3,brahimztrk15
1488,16040090,"Alejandro Morales","2026-05-22 21:07:49",0.94807,1,moralesgomez
1489,15905510,YIKUOI,"2026-05-24 07:00:38",0.94807,35,"fanjunzh,yikuoi"
1490,15846843,"Sibusiso mahlangu","2026-05-29 13:55:07",0.94806,9,sibusisomahlangu
1491,16081625,"Nathan Liao","2026-05-26 14:11:08",0.94806,5,naaaaaathan
1492,15938732,"Adir Golbar","2026-05-13 15:55:48",0.94806,2,adirgolbar
1493,16059758,YaoXiaoming,"2026-05-24 13:10:23",0.94806,2,yaoxiaoming
1494,15853292,Başar,"2026-05-25 23:46:31",0.94806,13,"basharertorer,zeynepnazalbayrak"
1495,16055511,"Tomasz Toporowski","2026-05-31 13:54:04",0.94805,9,tomasztoporowski
1496,16007287,"Felix Murray","2026-05-19 03:44:49",0.94804,5,felixmurray
1497,15900160,"Ashwini Sharma","2026-05-09 17:16:08",0.94803,11,ashwinisharma0807
1498,15978279,swatis,"2026-05-27 01:18:46",0.94803,4,swati2691
1499,15999571,"sai sujitha nalajala","2026-05-25 23:47:31",0.94803,4,saisujithanalajala
1500,15885997,SachinRocco,"2026-05-14 16:43:35",0.94803,10,sachinrocco
1501,16022460,keerthan,"2026-05-29 05:21:54",0.94802,2,keerthan27
1502,15874454,project4,"2026-05-13 14:07:11",0.94802,11,"afonsofernandescruz,lustlunio"
1503,16023898,Youssef,"2026-05-31 22:54:08",0.94802,23,youssefsalemishere
1504,16100654,"Al Qasim","2026-05-28 17:55:49",0.94801,6,huzxjdjd112
1505,16102523,NeuroCipher,"2026-05-31 07:02:58",0.94801,2,neurocipher
1506,16053392,"Muhammad Nadhif Nashrullah","2026-05-25 23:59:37",0.94800,13,muhammadnadhifn
1507,15916594,mako,"2026-05-10 11:56:06",0.94800,5,makotokomizo
1508,16089417,tedtid,"2026-05-30 09:21:27",0.94800,13,tedtid
1509,15872914,"Jatin Arutla","2026-05-13 00:12:53",0.94800,2,delhialli
1510,15947453,YangZekai06,"2026-05-16 15:49:07",0.94798,1,yangzekai06
1511,15992293,Yearcakes,"2026-05-23 13:05:42",0.94798,9,yearcakes
1512,15826366,"Muhammed Furkan Savuci","2026-05-04 21:23:16",0.94797,5,muhammedfurkansavuci
1513,16021939,"Mika Myrseth","2026-05-19 11:09:44",0.94797,1,mikamyrseth
1514,15918943,"Simon Tang","2026-05-27 06:08:12",0.94797,16,simontang777
1515,16002422,"Aryan Sisodiya ","2026-05-22 16:06:27",0.94796,1,aryansisodiyainf09
1516,15850796,AT0641,"2026-05-08 00:50:20",0.94796,5,at0641
1517,15943679,kangwooin,"2026-05-31 14:30:42",0.94796,10,kangwooin
1518,16032288,"Mikolaj Kulig","2026-05-27 07:19:03",0.94795,1,mikolajkulig
1519,16081377,aditigarg23199,"2026-05-31 18:09:08",0.94795,5,aditigarg23199
1520,16118626,"tedtid #2","2026-05-30 11:02:17",0.94794,3,tidted
1521,15913888,"Tuğçe Nur Karadeniz","2026-05-09 22:47:02",0.94794,1,tuenurkaradeniz
1522,15860769,"German Kek","2026-05-07 16:56:52",0.94794,3,germankek
1523,15824718,"Dad Tav","2026-05-19 10:44:18",0.94794,3,dadtav
1524,15877877,Ogre_maga,"2026-05-09 08:09:56",0.94793,23,prostocheloveklox
1525,16097950,"Geyanth Padmakar","2026-05-28 12:01:22",0.94793,1,geyanthpadmakar
1526,16061358,RYOTAaaaaa,"2026-05-24 10:23:41",0.94793,7,ryotaaaaaa
1527,15838644,"Tamer Tokgöz","2026-05-04 17:04:01",0.94793,3,tamertokgz
1528,15982701,"Hana Nabhan","2026-05-25 09:55:45",0.94792,3,hananabhan
1529,15824040,"Kota Inohara","2026-05-02 07:36:16",0.94792,2,kotainohara
1530,15865116,"James  N Robertson","2026-05-13 13:01:44",0.94792,8,jamesnrobertson
1531,15983040,jiiiiiiiiiiiy,"2026-05-19 02:57:27",0.94791,1,jiiiiiiiiiiiy
1532,16120529,"LiShin Pan","2026-05-30 20:36:00",0.94791,3,lishinpan
1533,16036774,"Francesco Pilosio","2026-05-31 23:50:35",0.94791,3,cicciopilosio
1534,15905936,"vivek giri","2026-05-19 10:17:07",0.94791,5,vivek7557
1535,16053512,Emilyyy,"2026-05-23 08:33:13",0.94790,2,emilyy0809
1536,15887529,"Èlia Campos Villaró","2026-05-10 12:41:24",0.94790,2,liacamposvillar
1537,15918662,"deepankur lohiya","2026-05-30 16:57:39",0.94790,4,deepankurlohiya
1538,15873849,Shivam,"2026-05-20 07:56:26",0.94790,31,sg0007
1539,15809007,"Lv Haoda","2026-05-01 06:54:03",0.94789,1,bluelung
1540,15810197,AndNov,"2026-05-06 04:37:25",0.94789,15,andnov
1541,15839344,"Abdullah Zobayer","2026-05-05 12:35:50",0.94788,3,rickyponting1627
1542,16030831,Manuel_Buerki,"2026-05-20 10:46:24",0.94788,1,manuelbuerki
1543,15806622,"nagi nagi (naginagi)","2026-05-01 12:44:43",0.94788,1,naginaginaginagi
1544,15814533,"Will Coleman","2026-05-26 19:02:57",0.94787,14,willcoleman
1545,15830002,"Bui Minh Thanh","2026-05-09 08:53:10",0.94786,7,buiminhthanh
1546,15934466,IshizakiShota,"2026-05-12 07:37:05",0.94786,10,ishizakishota
1547,16125733,"Shantanu Chopra","2026-05-31 18:36:55",0.94786,1,shanchp
1548,16034272,Jyzzzzzzzzzz1,"2026-05-20 17:55:57",0.94785,1,jyzzzzzzzzzz1
1549,16061929,"MOHAMMED ANSAR","2026-05-24 10:36:53",0.94785,1,"akshith0x,mdansar20"
1550,15929220,"Mike D","2026-05-11 17:10:33",0.94785,3,miked173
1551,15916963,"Naruto Uzumaki","2026-05-16 12:18:09",0.94785,7,narutohinata106
1552,16052936,devparmar1676,"2026-05-31 20:00:54",0.94784,16,devparmar1676
1553,15862468,"Konstantinos Katsantouris","2026-05-15 11:11:32",0.94784,10,kostask200
1554,15941611,md01,"2026-05-20 12:03:10",0.94783,9,mode01
1555,16061786,mjang545,"2026-05-27 07:22:44",0.94783,1,mjang545
1556,15944305,jojuhyeon,"2026-05-31 14:57:52",0.94783,1,jojuhyeon
1557,16050255,"Leonel Azangue","2026-05-31 15:16:36",0.94783,4,leonelazangue
1558,15907621,Satya,"2026-05-31 10:47:14",0.94783,1,satyaprakashshukl
1559,15814597,Rick,"2026-05-31 11:03:03",0.94782,3,rickko
1560,15920156,"Dembe Zouma","2026-05-11 10:41:09",0.94782,4,dembezouma
1561,15949033,xianyu3,"2026-05-14 12:50:35",0.94782,5,xianyu3
1562,15933196,Chan,"2026-05-13 09:00:09",0.94782,3,seulchan
1563,16041374,JJN8825,"2026-05-25 14:02:03",0.94781,7,jjn8825
1564,15822935,"Manish Swami","2026-05-02 07:35:01",0.94781,1,manish756
1565,16024611,"Farel Arden","2026-05-19 18:54:05",0.94780,3,farelarden
1566,15949326,多保諄紀,"2026-05-13 14:44:21",0.94779,1,tabokin
1567,16088865,"Fengze Han","2026-05-27 11:20:54",0.94779,1,fengzehan
1568,15804126,AbdullahSafwan333,"2026-05-01 02:02:48",0.94778,1,abdullahsafwan333
1569,16054729,ᴊᴇʀʀʏ,"2026-05-25 09:33:09",0.94778,3,jerry097
1570,15852598,"Samriddhi Bhowmik","2026-05-04 19:46:16",0.94778,5,sammiee0123
1571,15936308,"Arif Rudino","2026-05-16 07:53:59",0.94778,17,arifrudino
1572,15816806,"Mayukh Saha","2026-05-01 18:12:57",0.94777,4,subruhmaniam
1573,15920946,"Natanael Barboza","2026-05-31 03:34:55",0.94776,11,natanaelblima
1574,15832789,"Keshav Joshi","2026-05-02 23:37:25",0.94776,1,keshavjoshi22
1575,15846841,Michael888,"2026-05-07 03:10:39",0.94775,10,jake666
1576,15843259,WenXiaoxiao9421,"2026-05-05 03:26:38",0.94775,3,wenxiaoxiao911
1577,15988783,PeterSinka,"2026-05-21 20:08:29",0.94775,2,sinpe13
1578,15951119,"Punith Kumar2407","2026-05-25 13:16:29",0.94774,1,punithkumar2407
1579,15873228,"SHREYASH CHAUGULE","2026-05-31 21:45:43",0.94774,1,shreyashchaugule
1580,16047008,Kevarl,"2026-05-23 08:12:01",0.94774,3,kevarl
1581,16041568,IEEM_112034058,"2026-05-28 12:46:37",0.94774,15,jdijgkkn
1582,15813585,"christopher obuchere","2026-05-24 22:13:17",0.94773,16,owls0711
1583,16125933,"Migs Rocha","2026-05-31 00:27:51",0.94773,14,migsr22
1584,15847843,"Aleksandr Uspenskiy","2026-05-13 08:25:31",0.94773,2,aleksandruspenskiy
1585,15874353,"Chirel Chi","2026-05-07 08:43:28",0.94773,6,chirelchi
1586,15850335,Theerawit,"2026-05-05 18:00:44",0.94772,11,theerawitplukmontol
1587,16080201,"Valentin Bancel","2026-05-29 08:18:44",0.94772,6,valentinbancel
1588,15868188,"Roman Gvaramadze","2026-05-11 07:30:34",0.94772,17,madmanre
1589,15935877,Unknownxu20,"2026-05-13 10:39:28",0.94771,8,mscxuyizhou
1590,15844721,"Alexandr Atlanov","2026-05-20 06:02:43",0.94771,3,shkeela
1591,16031740,Joseph,"2026-05-30 19:36:32",0.94771,6,josephbenofficial
1592,16094158,Altheaaaa,"2026-05-29 08:18:37",0.94770,16,altheaaaa
1593,16007437,"jinjiang xu","2026-05-24 09:17:38",0.94769,6,jinjiangxu
1594,16035501,"Karina Mendoza Aguado","2026-05-20 20:10:06",0.94768,2,karinamendozaaguado
1595,15967776,"Muhammad Hammad","2026-05-19 11:31:09",0.94768,6,hammad3110
1596,15887012,"Lisha Chaudhari","2026-05-31 13:47:56",0.94768,8,lishachaudhari
1597,15860496,"Abhishek Kubasad","2026-05-31 19:48:14",0.94768,17,"abhishekkubasad,niyasnadaf,satvikpc"
1598,15886619,"Platonov Vladislav","2026-05-07 20:36:38",0.94768,1,vlaxxxd
1599,15839608,Myrtea,"2026-05-04 17:20:17",0.94767,3,myrteaspv121
1600,15874288,"yiti luo","2026-05-25 04:23:39",0.94767,3,yitiluo
1601,15996794,"Oscar Yáñez Feijóo","2026-05-16 21:07:18",0.94766,2,oscaryezfeijo
1602,16129333,LINNNAGAIN,"2026-05-31 08:25:30",0.94766,2,linnnagain
1603,16128326,OIer_Cosmos,"2026-05-31 10:16:02",0.94765,7,oiercosmos
1604,15806827,"Karthikeyan A","2026-05-30 11:15:45",0.94765,12,karthi1048a
1605,15925899,SaiSathvik,"2026-05-27 07:23:57",0.94764,2,saisathvik6
1606,16019757,kimMinJeongggggg,"2026-05-31 09:08:21",0.94764,3,kimminjeonggggggg
1607,15819143,"Galkin Valentin","2026-05-02 10:12:58",0.94763,9,valek22
1608,16114550,"Aditto Ahosan Kabbo","2026-05-29 23:03:37",0.94763,7,adittoahosankabbo
1609,15884290,"Anas Riaz","2026-05-24 15:54:06",0.94761,1,anasriaz
1610,15863469,elephantastic,"2026-05-05 22:24:23",0.94760,3,chris89
1611,15816386,pieego,"2026-05-04 19:56:14",0.94759,11,pieego
1612,15828904,"Shovan Ghorai","2026-05-31 03:15:37",0.94759,13,shovanghorai
1613,15832996,"Ярослав Третьяк","2026-05-03 13:08:27",0.94758,2,berch123
1614,15973125,"Tejas Kharade","2026-05-14 17:01:44",0.94758,5,tejaskharade
1615,15936034,Aditya2909rb,"2026-05-12 18:13:57",0.94757,5,aditya2909rb
1616,15935903,Vato_24,"2026-05-12 08:41:11",0.94757,5,vato24
1617,15940289,pokabu1104,"2026-05-17 14:00:36",0.94756,18,pokabu1104
1618,16035609,"Briant Paul","2026-05-22 22:57:52",0.94755,1,briantpaul
1619,16114731,"Dan Nguyen","2026-05-30 00:01:33",0.94755,2,dantngn
1620,16017667,"Ruisheng Xu","2026-05-19 00:15:19",0.94754,3,ruishengxu
1621,15902784,"Pankhil Prajapati","2026-05-09 12:07:12",0.94754,1,pankhilprajapati
1622,15880066,"Aravilli  Atchuta Ram","2026-05-09 06:26:17",0.94754,2,aravilliatchutaram
1623,15818742,"Priyanshu Lohar","2026-05-05 10:28:00",0.94754,4,priyanshulohar
1624,16002144,Jznica,"2026-05-17 18:13:36",0.94753,3,jznica
1625,15872349,"Anaj Pravin","2026-05-12 15:37:15",0.94753,9,anajpravin
1626,15985228,Detecller,"2026-05-16 06:24:08",0.94752,2,detecller
1627,16081462,何东骏211,"2026-05-26 13:27:06",0.94750,7,hdjjd211
1628,16044712,"Yoav Kovar (Kovar1)","2026-05-28 23:06:43",0.94750,7,yoavkovarkovar1
1629,16055882,"Sh Gong","2026-05-31 14:10:57",0.94749,14,shgong
1630,15811104,"kritik gianta","2026-05-01 09:43:08",0.94748,2,kritikgianta
1631,15871252,"Łukasz Wodniakowski","2026-05-08 04:16:10",0.94747,9,lwolwo
1632,16134800,"Alexandru Nuta","2026-05-31 19:30:34",0.94747,2,alexandrunuta
1633,16094413,"Parth Shewale","2026-05-31 07:13:36",0.94747,7,techparth
1634,15809868,"Nguyen Duc Manh vy","2026-05-04 05:09:07",0.94746,4,nguyenducmanhvy
1635,16062940,Yuqzii,"2026-05-24 14:21:56",0.94745,3,julianberglarsen
1636,16011339,"Jyotsna Raghunath","2026-05-31 14:34:44",0.94745,10,jyotsnaraghunath
1637,16036271,divye.mahajan03,"2026-05-20 20:30:31",0.94745,4,divyemahajan03
1638,16086130,"Pavel Ivanov","2026-05-27 14:12:43",0.94744,4,pavel77ivanov
1639,16109748,Cold_Chair,"2026-05-29 12:13:47",0.94744,2,coldchair
1640,15999772,"JayDeeKayG KNAI","2026-05-18 05:29:32",0.94744,12,jaydeekayg
1641,16024721,agentsofearth,"2026-05-20 16:24:35",0.94743,11,agentsofearth
1642,15938186,snnipe,"2026-05-19 07:36:05",0.94742,5,snnipe
1643,15828508,"Sayan Mandal","2026-05-02 14:54:54",0.94742,4,sayanhmv
1644,16049973,"Hiruka Devendra","2026-05-25 16:15:12",0.94741,12,hirukadevendra
1645,16051161,"Vadim Burik","2026-05-25 14:52:22",0.94741,4,vadimburik
1646,15903208,"Brian Nieto","2026-05-30 04:23:36",0.94740,11,briannieto
1647,16067971,"yzh zh","2026-05-26 02:00:00",0.94740,11,yzhzh710
1648,15949282,"Yuvanshu Dadhich","2026-05-15 15:57:40",0.94740,6,yuvanshudadhich
1649,15882104,"Ebabekir Şahin","2026-05-18 14:22:37",0.94740,5,ebabekirahin
1650,16016218,HeiFruit,"2026-05-19 12:24:46",0.94739,3,heifruit
1651,15909324,"Arjeet Singh","2026-05-27 11:24:33",0.94738,17,pan23r
1652,15821870,"Rattan Singh","2026-05-12 07:22:08",0.94738,7,rattans
1653,15910229,amolwani2,"2026-05-28 19:51:10",0.94738,14,amolwani2
1654,15936259,"koushik upadhyay","2026-05-12 12:23:15",0.94737,4,koushikupadhyay
1655,15939655,"Chuah Jong Sik","2026-05-29 17:50:13",0.94737,37,cjosik
1656,15903508,"Iai T","2026-05-10 10:11:14",0.94736,3,toruiai
1657,16114067,Efehan0,"2026-05-29 21:31:18",0.94736,6,efehan0
1658,15812204,"Rugved Bane","2026-05-09 08:52:53",0.94736,8,rugvedbane
1659,15803835,JeffFosterUK,"2026-05-01 17:54:54",0.94736,4,jefffosteruk
1660,16074043,"Joao Felipe Guedes","2026-05-29 01:57:13",0.94735,42,guedesjoaofelipe
1661,16007445,600944_ธนวัฒน์,"2026-05-18 05:09:28",0.94734,2,tanawatrun
1662,15924663,"Alibi Anarbekuly","2026-05-13 14:29:56",0.94734,5,alibianarbekuly
1663,16118119,"Timofey X","2026-05-31 21:21:45",0.94733,10,cjvth2012
1664,15828299,IEEM26_112034055,"2026-05-03 02:51:42",0.94733,1,s112034055yihsuan
1665,15923029,"Carlos Tong","2026-05-26 19:47:57",0.94733,5,carlostong
1666,16021734,"Shalma Muji","2026-05-19 10:16:44",0.94733,1,shalmamuji
1667,16095740,"Rudra Pratap","2026-05-27 23:56:35",0.94732,1,rudrapr1609
1668,16008968,"Sharifah Sha'ista","2026-05-18 11:22:33",0.94732,3,sharifahshaista
1669,15899109,"Abhishek Ranjan","2026-05-09 15:53:17",0.94732,8,abhishekrnjn
1670,15839732,adawang___1210,"2026-05-03 17:24:18",0.94730,1,adawang1210
1671,16068738,kotarokuroda,"2026-05-26 00:38:07",0.94730,3,kotarokuroda
1672,15869185,wangkaikainksut,"2026-05-06 03:38:21",0.94728,2,wangkaikainksut
1673,15998002,"Sebastian David Mestre Rodriguez","2026-05-17 00:13:21",0.94726,3,sebastianmestreomg
1674,15908339,"Srijan Upadhyay","2026-05-10 14:01:38",0.94722,4,"saadmallebhari,srijan1upadhyay"
1675,16065486,"Nora Holmes","2026-05-25 03:26:55",0.94722,2,noraholmes
1676,16055279,mrausch91,"2026-05-23 20:59:23",0.94721,7,mrausch91
1677,16025128,NicoJG,"2026-05-21 16:02:01",0.94721,2,nicojg
1678,15850721,"Mohamed Marrouki","2026-05-08 16:13:36",0.94721,6,mohamedmarrouki
1679,15864858,"Kosuke Harada","2026-05-09 18:07:11",0.94719,7,magurodataanalysis
1680,15975071,Fabiiii23,"2026-05-17 10:51:06",0.94719,14,fabiiii23
1681,16030495,"Bryan Pamungkas Prahara","2026-05-30 05:48:43",0.94719,6,brynpamungkas
1682,15830423,Joe,"2026-05-12 20:06:28",0.94719,11,josephnehrenz
1683,16031383,Keevin16,"2026-05-20 15:47:55",0.94719,1,keevin16
1684,15858723,"Laol Laol","2026-05-08 10:22:08",0.94719,4,laollaol
1685,15812112,SKYER138,"2026-05-11 01:14:45",0.94718,14,skyer138
1686,15992119,"Lokesh M","2026-05-31 05:14:55",0.94717,1,lokeshpuma
1687,15916614,"Sanat Kulkarni","2026-05-27 18:10:01",0.94717,2,sanatkulkarni
1688,16055379,"Kwak ji eon","2026-05-25 09:34:21",0.94716,2,jiginna
1689,16050073,"Camila Grilletti","2026-05-26 14:19:04",0.94715,7,camilagrilletti
1690,15816401,"Pius Dutta","2026-05-25 07:42:42",0.94715,6,piusdutta
1691,15852621,"Karib Kazi Rafid","2026-05-04 20:42:39",0.94715,1,karibkazirafid
1692,15997904,"Pavni R","2026-05-31 19:28:27",0.94715,1,pavnir
1693,16014899,Quinniboi10,"2026-05-22 15:16:35",0.94713,6,quinniboi10
1694,15871462,"Tracy Porter","2026-05-06 09:26:30",0.94713,1,tracyporter
1695,15954800,"Kartik Bhangale","2026-05-20 07:40:26",0.94713,4,kartikbhangale
1696,16112138,"Swaroop Kolasani","2026-05-30 01:19:27",0.94712,3,swaroopkolasani
1697,15833195,Wheatley1901,"2026-05-04 07:08:14",0.94712,16,wheatley1901
1698,15872247,simony234,"2026-05-16 08:46:11",0.94711,11,simony234
1699,15865509,"Sakshi Thombe","2026-05-06 09:35:19",0.94709,1,sakshithombe
1700,15882709,"senthil kumaran T","2026-05-08 12:24:25",0.94709,16,senthilkvggbn
1701,16087886,RichardMan,"2026-05-31 04:13:10",0.94709,1,richard020
1702,15929030,"mary aksa2026","2026-05-12 08:19:06",0.94708,4,maryaksa2026
1703,15840480,"Sahilpreet Singh Vohra","2026-05-30 16:00:25",0.94707,1,sahilpreetsinghvohra
1704,16076117,Capeie,"2026-05-26 22:33:39",0.94706,5,krishnaprasadbhat
1705,15889339,"Hardik Kumar","2026-05-08 19:10:14",0.94706,1,hardikxi11
1706,15863880,"Karansingh Thakor2","2026-05-25 15:36:40",0.94706,1,karansinghthakor2
1707,16062871,"Daniel Mineev","2026-05-25 08:28:28",0.94706,12,nilpotent1
1708,15878154,adon345,"2026-05-29 08:57:35",0.94705,16,"adon345,mohdtabishjamal0"
1709,16010096,"Utkarsh Raj","2026-05-18 10:07:04",0.94705,3,utakrshraj11
1710,15996832,"Tarun Pahade","2026-05-16 17:57:05",0.94704,1,tarunpahade
1711,15810461,schwarz,"2026-05-31 00:47:49",0.94704,7,schwarzfulls
1712,15947266,"Amrit Kumar Gorai","2026-05-15 15:39:57",0.94704,6,amritkumargorai
1713,16025588,"Vijay Kumar","2026-05-31 10:04:36",0.94703,5,iamvijay7
1714,15895972,wuzz38,"2026-05-08 10:16:01",0.94703,1,wuzz38
1715,15814155,mmasato,"2026-05-06 10:42:06",0.94703,2,mizogakimasato
1716,16062140,"Aldrian Firmansyah Putranto","2026-05-24 13:19:38",0.94703,3,aldrianfirmansyahp
1717,16031391,UnderBladee,"2026-05-29 20:25:58",0.94703,3,athillazaidan
1718,15936862,baijuyi2333,"2026-05-12 10:25:03",0.94702,2,baijuyi2333
1719,15841082,Pyiner,"2026-05-04 09:22:05",0.94702,3,pyiner
1720,15896618,"Joseph Joseph","2026-05-12 05:36:38",0.94701,16,bytejoseph
1721,15880245,"Jeremy A.R Samosir","2026-05-07 03:29:36",0.94701,1,jeremysamosir
1722,15855044,Chiyo,"2026-05-25 06:51:03",0.94701,8,chiyochan
1723,16124892,"Ashish Nair","2026-05-31 11:30:14",0.94700,5,theashishnair
1724,15985997,hirarukobayashi,"2026-05-28 15:10:13",0.94700,4,hirarukobayashi
1725,15838282,"Lei Tianle","2026-05-03 12:56:53",0.94699,2,leitianle
1726,15823657,"Jaren Figueiredo","2026-05-03 20:44:59",0.94699,3,jarenfigueiredo
1727,15904790,Hai2311,"2026-05-13 13:43:17",0.94698,5,hai2311
1728,16006367,"Renan Braga","2026-05-27 12:47:40",0.94698,6,renanbragac
1729,16021854,"Kevin Kuriakose","2026-05-31 20:34:01",0.94697,5,kevink0805
1730,16074403,"Esra Çetinkaya","2026-05-27 17:53:23",0.94697,9,esragcetinkaya
1731,15815353,"Clement COUCHEVELLOU","2026-05-02 02:36:03",0.94696,10,clementcouchevellou
1732,15878471,"Shamimul Islam Sunny","2026-05-07 11:00:48",0.94696,6,shamimulislamsunny
1733,16088616,Pratss,"2026-05-30 12:08:55",0.94695,3,pratsai
1734,15830725,"Eli Haciyev","2026-05-02 18:46:11",0.94695,4,elihaciyev
1735,16052795,l00tus,"2026-05-23 02:31:53",0.94695,3,l00tus
1736,16097621,"ANSHUL KHAIRE","2026-05-28 07:20:39",0.94694,2,anshulkhaire
1737,16024570,"Amey Malpurkar","2026-05-20 09:14:11",0.94694,3,ameymalpurkar
1738,16041670,"Julien Laxenaire","2026-05-31 21:08:42",0.94694,5,julienlaxenaire
1739,15913275,"Rayk Kretzschmar","2026-05-31 18:54:50",0.94694,3,raykkretzschmar
1740,15919198,"Kudzayi Allan Mabuto","2026-05-10 16:51:55",0.94693,3,buto007
1741,16006214,TanTommy,"2026-05-31 23:57:49",0.94692,5,tantommy
1742,15882475,"Yash Pandey Kag","2026-05-20 06:47:29",0.94692,1,yashpandeykag
1743,15941029,"Ayush Raj #2","2026-05-26 05:55:15",0.94691,4,ayushraj00925
1744,16132409,TwangyGarlic449,"2026-05-31 21:11:59",0.94691,6,twangygarlic449
1745,15850017,wesley,"2026-05-26 12:22:29",0.94690,5,wesleyhuan
1746,15868441,Beast114514,"2026-05-07 06:33:33",0.94689,9,shironek0
1747,15862196,"Vladimir Belonin","2026-05-06 11:49:53",0.94689,8,vladimirbelonin
1748,16088479,"Devmin Senevirathna","2026-05-27 10:08:36",0.94689,2,devminsenevirathna
1749,15821125,a3amaT02,"2026-05-29 22:50:24",0.94688,32,a3amat02
1750,15895459,"Omar Faruq","2026-05-30 13:20:25",0.94688,10,stellaromar
1751,15804078,Shailesh,"2026-05-25 10:50:38",0.94687,3,shailesh5430
1752,15959282,"Jimit Patel","2026-05-14 11:51:56",0.94687,5,jimitpatel07
1753,16088354,"Shravan Yoagentharan","2026-05-28 16:40:26",0.94686,11,shravanyoagentharan
1754,16133699,AdityaSingh0175,"2026-05-31 19:47:45",0.94686,3,adityasingh0175
1755,15816717,"Claudio Sturaro","2026-05-03 17:37:49",0.94686,6,sturarods
1756,15986258,___K___,"2026-05-16 08:38:45",0.94685,7,kkkkkk88888ert
1757,15843305,"Trần Minh Hiếu","2026-05-04 09:33:18",0.94685,2,tminhhieu
1758,15998897,shash20124,"2026-05-17 05:01:05",0.94684,1,shash20124
1759,16108702,"gabriele banchio","2026-05-29 16:08:38",0.94684,4,gabrielebanchio
1760,16098414,"Navnita Krishnan","2026-05-31 12:37:41",0.94683,23,navnitakrishnan
1761,15900052,NikMkson,"2026-05-08 20:12:43",0.94683,3,nikmkson
1762,16010693,赤いBeri,"2026-05-27 08:23:25",0.94683,5,beri3e
1763,16116158,"Prashanna Subedi","2026-05-30 06:41:54",0.94681,2,prashanna006
1764,16080609,"alfonso j perez","2026-05-29 12:19:50",0.94681,19,alfonsojperez
1765,15906390,"kazuaki abe","2026-05-31 15:02:14",0.94681,9,kazuakiabe
1766,15809239,"Haokun Li7","2026-05-02 12:00:30",0.94681,7,haokunli7
1767,15950643,"Andrew B","2026-05-28 19:54:05",0.94681,18,andrewtb08
1768,16028154,"Ivan Padilla","2026-05-28 08:12:20",0.94680,5,beamohh
1769,16071871,hongyang67,"2026-05-26 06:41:55",0.94679,8,hongyang67
1770,16097646,SuyashJay,"2026-05-31 17:37:21",0.94679,7,suyashjay
1771,15818307,marco_mars,"2026-05-04 16:38:36",0.94679,6,marcomars
1772,16104220,"Divyam Srivastava","2026-05-28 23:41:31",0.94678,1,lightyagami45
1773,15859381,"Eroze Barua","2026-05-20 12:31:34",0.94678,2,erozebarua
1774,15961220,"Константин Витковский","2026-05-16 14:20:35",0.94677,3,swwwqqt
1775,15923214,"Zachary Cosenza","2026-05-13 02:31:32",0.94677,6,zacharycosenza
1776,15831354,"Md Sani28","2026-05-10 17:03:30",0.94677,5,mdsani28
1777,15839630,zhuyahui,"2026-05-15 11:15:38",0.94677,3,zhuyahui
1778,15848047,"Yan Bodnya","2026-05-05 09:02:10",0.94676,3,yanbodnya
1779,16071107,iwase,"2026-05-26 06:05:18",0.94675,2,iwaseharuki
1780,16003474,chaholee,"2026-05-31 20:01:10",0.94675,10,chaholee
1781,16074070,jangswan,"2026-05-30 03:41:58",0.94672,6,jangswan
1782,16110368,"Shuchih Negi","2026-05-30 17:01:16",0.94672,1,shuchihn
1783,16085216,"liang kai fai  kelvin","2026-05-31 08:33:21",0.94671,14,liangkaifaikelvin
1784,16059012,"Muhammad Hassan Azad","2026-05-23 21:56:10",0.94671,7,muhammadhassanazad
1785,15842471,"Nguyen Phuoc Nguyen","2026-05-18 04:14:40",0.94670,1,nguyenphuocnguyen
1786,16041497,"himanshu chandela","2026-05-22 07:58:55",0.94669,6,himanshuchandela
1787,15834334,NhnNguyn,"2026-05-04 02:03:31",0.94669,11,nhnnguydfsdf
1788,16117381,"Syeda Anoosha","2026-05-30 09:10:09",0.94669,3,syedaanoosha
1789,16053340,"Dharun Suryaa","2026-05-25 21:12:45",0.94668,1,dharun4772
1790,15861987,switchblxde,"2026-05-05 14:06:08",0.94667,2,npsleepmember
1791,16008643,"siddarth reddy katika","2026-05-24 12:20:54",0.94667,1,siddarthreddykatika
1792,15819512,"Bertrand Pigeon","2026-05-27 12:44:09",0.94666,11,bertrandpigeon
1793,15929066,om_i_code10,"2026-05-21 09:26:09",0.94665,22,omng2315
1794,16005094,"Taha Chadli","2026-05-18 08:44:56",0.94665,1,tahachadli
1795,16119567,WAATAA,"2026-05-30 15:04:05",0.94664,3,waataa
1796,16032682,Atul0110,"2026-05-31 20:41:05",0.94663,10,atul0110
1797,16016911,"Arin Tripathi","2026-05-31 14:55:08",0.94663,1,arintripathi
1798,15816005,"Yuniwo Wilson","2026-05-01 17:55:54",0.94661,2,yuniwowilson
1799,15805892,"Matthew Chua","2026-05-03 09:00:15",0.94660,5,snake87
1800,15818624,"Brandon Arbour","2026-05-01 18:51:18",0.94659,8,brandonarbour
1801,15901251,kyoto9,"2026-05-08 20:28:22",0.94659,1,kyoto9
1802,16098769,"Hung Hao Chen","2026-05-30 15:42:08",0.94658,1,hunghaochen
1803,15830605,"Jay Prakash","2026-05-25 11:49:35",0.94658,9,godofoutcasts
1804,15980221,LVBU0612,"2026-05-15 10:02:28",0.94658,7,lvbu0612
1805,15992521,"kevin Sunnn","2026-05-21 05:41:54",0.94657,9,kevinsunnn
1806,15937549,"Luisa Fernanda Angel Henao","2026-05-28 02:26:07",0.94657,9,luferangel
1807,15835108,"Hamza Nazim Siddiqui","2026-05-26 10:34:07",0.94657,22,"dakshmenaria,dtdoww"
1808,15816046,sardinetrawler,"2026-05-31 13:59:35",0.94657,5,sardinetrawler
1809,16003143,Bharat_Choudhary_0069,"2026-05-19 11:37:09",0.94656,6,bharatchoudhary0069
1810,15984107,"Wojciech Bos","2026-05-15 12:11:18",0.94656,1,wojciechbos
1811,16054735,himmelmin,"2026-05-23 08:39:36",0.94656,3,himmelmin
1812,15857739,"shalini s","2026-05-05 16:43:30",0.94656,2,shashart
1813,16063028,"Petar Bulovic","2026-05-25 15:19:52",0.94655,11,petarbulovic
1814,15821486,3as6Bl,"2026-05-02 04:38:04",0.94655,1,segusegu
1815,15812717,"Bilal Shabbir1","2026-05-23 07:16:05",0.94655,25,bilalshabbir1
1816,16110447,数学なう,"2026-05-30 08:46:17",0.94653,1,proteand
1817,16113089,"Aaradhya Nikam","2026-05-30 16:28:20",0.94652,7,aaradhyanikam
1818,16088487,"Error 404","2026-05-28 15:22:04",0.94651,2,dheekshikas
1819,16116870,"Zoe Fang124","2026-05-30 08:30:42",0.94651,5,zoefang124
1820,15812909,DannyDog1227,"2026-05-08 12:36:32",0.94651,11,dannydog1227
1821,15836471,"Rishab Duhan","2026-05-16 19:27:01",0.94650,7,rishabduhan
1822,16068673,RequieMa,"2026-05-30 10:18:19",0.94650,12,u1604521
1823,15818750,zima,"2026-05-01 17:40:07",0.94649,1,zimakaka
1824,15938077,ym-kang,"2026-05-12 12:15:57",0.94649,1,ymkang
1825,15844120,wkdal1433,"2026-05-13 01:56:08",0.94648,35,wkdal1433
1826,16018721,"Jorge Luis Muñoz","2026-05-21 04:49:14",0.94647,1,jorgemunozm
1827,15808238,"Arash Darakhsh","2026-05-29 21:59:54",0.94647,17,arashdarakhsh
1828,15879893,BrentL,"2026-05-29 04:16:02",0.94647,42,brentl
1829,15874905,Rocedg,"2026-05-31 21:32:46",0.94647,2,rocedg
1830,16118442,"Abdel-Rahman Ehab","2026-05-30 20:03:16",0.94646,1,abdelrahmaneng
1831,16135418,"ISHRAT ZAMAN","2026-05-31 18:08:25",0.94645,2,ishratzaman
1832,16009071,titans,"2026-05-18 08:26:39",0.94645,1,vanshajrawat
1833,15888840,"Jefferson David Rodriguez Gonzalez","2026-05-25 17:30:36",0.94643,7,jedaro0422
1834,16041280,"Dinara Go","2026-05-27 10:20:43",0.94641,22,dinarago
1835,15898378,"The Shammi","2026-05-08 13:44:02",0.94641,1,theshammi
1836,15917605,"Niklas P-Fox","2026-05-13 10:13:25",0.94640,27,niklasfox23
1837,16111634,IEEM26_111030027,"2026-05-31 02:51:01",0.94639,12,chengssuyu
1838,15924303,멜론,"2026-05-31 10:08:38",0.94638,4,"melon0325,mminkk"
1839,16055786,BloodCode,"2026-05-26 01:59:11",0.94638,8,mdhabibullamisba
1840,16001973,Pushkraj,"2026-05-17 13:37:06",0.94638,3,tonystark426490
1841,15868686,"nosherwan babar","2026-05-07 02:37:26",0.94637,6,nosherwanbabar
1842,16084342,"ismail alshofi","2026-05-28 06:59:15",0.94636,2,ismailalshofi
1843,15918934,"kinder chocolate6","2026-05-11 02:36:57",0.94636,9,kinderchocolate6
1844,16051981,"Alexis Pospelov","2026-05-24 00:24:59",0.94636,11,alexispospelov
1845,16112208,"Jaiyash Godani","2026-05-30 03:44:47",0.94636,6,jaiyashgodani
1846,15998277,"Mink Triet","2026-05-17 04:30:00",0.94635,1,minktrit
1847,15809459,Fe7777,"2026-05-02 14:03:50",0.94635,3,fe7777
1848,15995206,"Stan Szulc","2026-05-29 08:44:15",0.94635,6,stanszulc
1849,15819453,"Khushi Gupta","2026-05-03 07:49:45",0.94634,3,khushigupta456
1850,15905894,"Salik Hussaini","2026-05-25 20:18:10",0.94633,25,salikhussaini49
1851,16012689,"samuel aaron","2026-05-18 13:30:26",0.94633,1,samuelaaron
1852,16072303,"Shivam Dubey","2026-05-31 20:21:34",0.94633,22,shivamdubey005
1853,16007189,NTHU_111000226,"2026-05-31 19:38:38",0.94632,7,nthu111000226
1854,15846573,GHOST_575,"2026-05-21 19:15:51",0.94632,2,ghost575
1855,16036499,Ameyyy,"2026-05-20 23:30:36",0.94632,1,ameyvichave01
1856,16124854,SatyamSrivastava00,"2026-05-31 10:29:53",0.94631,1,satyamsrivastava00
1857,16079857,CommonGardeniaM,"2026-05-30 02:55:52",0.94630,6,commongardeniam
1858,15939404,"Vlad Kapitsa","2026-05-12 19:22:39",0.94630,10,vladkapitsa
1859,16100770,"Blendi Ajdari","2026-05-31 18:41:02",0.94629,23,blendiajdari
1860,15816966,ManasviJoshi,"2026-05-01 16:14:17",0.94628,1,man005
1861,15902351,taedubb,"2026-05-10 00:14:15",0.94627,4,taedubb
1862,15937506,"saad Mohamed","2026-05-13 17:46:24",0.94627,1,saadmohamed99
1863,15816208,masahiro,"2026-05-06 23:16:49",0.94627,2,masakane
1864,16025027,"Arif Miah","2026-05-20 16:42:46",0.94626,2,miadul
1865,15922018,"Ali A. Mahani","2026-05-11 03:29:37",0.94625,5,aliamahani
1866,16042539,Shirin21st,"2026-05-26 05:53:00",0.94625,15,shirin21st
1867,16063941,Prakash,"2026-05-31 20:06:57",0.94624,8,mlkash
1868,16097707,"Akash Joshi","2026-05-31 03:33:35",0.94624,9,aakashjoshi123
1869,15806203,SkyFPS,"2026-05-28 15:10:39",0.94623,36,shivamgravity
1870,16043600,"Nivesh Dhirwal","2026-05-27 08:20:11",0.94622,3,niveshkumardhirwal
1871,15877779,HimWim,"2026-05-07 15:01:16",0.94622,2,himwim
1872,15862322,jiayangchua97,"2026-05-06 03:10:14",0.94622,2,jiayangchua97
1873,15919122,"Arudra Vihar Bommana","2026-05-25 12:14:10",0.94619,5,arudraviharbommana
1874,15812591,Matts6591,"2026-05-11 04:50:48",0.94618,5,mathwithmatt
1875,15993224,Artalmaz31,"2026-05-16 13:48:49",0.94618,2,artalmaz31
1876,16101201,Pacifista,"2026-05-28 14:39:43",0.94617,2,ruma3ruma3
1877,15931138,KevinWangStats,"2026-05-31 10:18:14",0.94617,28,kevinwangstats
1878,15975347,Chrispathway,"2026-05-14 18:53:51",0.94616,1,chrispathway
1879,16108746,"Antonio Venturini","2026-05-29 14:22:43",0.94616,8,antonioventurini
1880,15931433,"Furkan Gazi Dinler","2026-05-12 15:24:39",0.94615,6,furkangazidinler
1881,15821075,"Csaba Kecskemeti","2026-05-25 01:32:41",0.94611,8,csabakecskemeti
1882,16111618,"Michael H.","2026-05-31 23:44:37",0.94611,5,mbhznc
1883,16000269,"wqe wang","2026-05-22 04:50:40",0.94611,2,"kimiyuh,wqewang"
1884,15966383,"Harmeet Kaur","2026-05-19 11:01:21",0.94611,13,harmeetkaur24
1885,15975163,Jaiswalarjit7,"2026-05-15 04:42:45",0.94611,1,jaiswalarjit7
1886,15867389,KirikITi,"2026-05-18 09:41:03",0.94610,3,kirikiti
1887,15922241,AbhishekNandy,"2026-05-31 20:36:36",0.94609,2,abhicloudstalk
1888,16003663,CJK,"2026-05-22 09:50:15",0.94609,12,cjkang
1889,15972690,casati8,"2026-05-30 12:24:14",0.94608,28,casati8
1890,16003031,"ADVAIT CHAVAN","2026-05-18 08:12:15",0.94608,7,advaitchavan
1891,16002892,Karthikeyan2910,"2026-05-22 17:09:52",0.94606,15,karthikeyan2910
1892,16054287,KCaesar0,"2026-05-26 12:05:35",0.94606,7,kcaesar0
1893,16043272,ito_koneko,"2026-05-31 08:30:26",0.94605,1,itokoneko
1894,15876952,"Kartik Enumula","2026-05-07 13:54:05",0.94604,2,kartikenumula
1895,15853579,"Daniel Arcanjo","2026-05-04 22:56:42",0.94603,1,noisebop
1896,15825611,SavaCan,"2026-05-28 05:23:58",0.94603,27,yuheihirose
1897,15860119,"Vladislav R","2026-05-06 09:56:45",0.94602,2,vladislavrz
1898,15893058,zhizong,"2026-05-08 05:17:23",0.94602,2,zhizong
1899,15997661,AmrMohamedEid0,"2026-05-17 21:08:29",0.94601,2,amrmohamedeid0
1900,15981573,"Rob Hz","2026-05-15 07:28:32",0.94601,1,bobbyrus
1901,15980978,mithramadhu03,"2026-05-15 07:42:58",0.94600,1,mithramadhu03
1902,15928905,"Kalp Vora","2026-05-11 14:50:15",0.94600,1,kalpvora
1903,15847641,MathisLAURENT,"2026-05-05 09:35:48",0.94599,2,mathislaurent
1904,15839091,"Yusuf Ömer Erem","2026-05-03 18:02:13",0.94599,2,yusuferem
1905,16031571,Ecl!p53,"2026-05-28 10:43:28",0.94598,10,ayushbairwa
1906,15840835,"Swathy Ramakrishnan","2026-05-03 19:43:33",0.94597,1,swas06
1907,15805931,"Lalit sonawane","2026-05-08 12:30:50",0.94595,2,lalit7881
1908,15901265,Stratmann,"2026-05-09 21:11:06",0.94594,15,stratmann
1909,15918585,Hesitate_P,"2026-05-10 14:32:15",0.94594,10,hesitatep
1910,15810456,"Civic Type R","2026-05-31 17:55:21",0.94593,3,"sakthisanthosh010303,sugan0tech,thunder7"
1911,15955451,"Daniel Bandy","2026-05-27 03:34:15",0.94593,35,goddangitboby
1912,15809191,"Arun Kumar Oraon","2026-05-10 14:52:23",0.94592,5,arunkumaroraon
1913,16010755,"YAJAT PAWAR","2026-05-25 09:53:48",0.94591,27,yajatpawar
1914,15875378,Isha,"2026-05-14 19:41:56",0.94590,2,aarohi20
1915,15858966,"Adit Sharma","2026-05-05 10:20:48",0.94589,2,adit5689
1916,15881053,absmkns,"2026-05-09 06:10:24",0.94588,1,absmkns
1917,15838951,Koteyka,"2026-05-04 01:36:43",0.94587,4,danilborisenko
1918,15959577,"Gautam Gottipati","2026-05-19 05:10:34",0.94586,5,gautamgottipati
1919,15916237,wjy6666,"2026-05-10 08:10:23",0.94586,1,wjy6666
1920,15809652,saijo123,"2026-05-01 08:25:06",0.94586,2,saijo123
1921,15827167,"Vinicius Serra Vianna","2026-05-13 16:51:32",0.94586,6,viniciusserravianna
1922,16027259,"Luis Velez","2026-05-21 17:59:46",0.94584,3,luisvelco
1923,15972190,dameeniks,"2026-05-15 00:52:35",0.94584,2,nicolofabila
1924,16010083,KEVIN.P,"2026-05-28 16:42:56",0.94584,5,jcheolpark
1925,16059908,GauravChawla007,"2026-05-24 03:03:34",0.94584,3,gauravchawla007
1926,15831930,"Khanh Huynh","2026-05-03 16:34:39",0.94583,1,dizzykhanh
1927,15931745,"Jorge Laing","2026-05-23 10:45:17",0.94583,5,laingg
1928,16077548,yuu0252,"2026-05-31 01:13:18",0.94582,9,yuu0252
1929,15806561,"Onur Koç","2026-05-13 20:56:43",0.94582,5,onurkoc92
1930,15935692,Shiva22btcse0007,"2026-05-14 06:05:46",0.94582,3,shiva22btcse0007
1931,16131548,"Abhishek Tripathi","2026-05-31 16:20:17",0.94582,6,abhtri2009
1932,15894851,임혜워느,"2026-05-10 11:00:03",0.94580,1,hyewon1478
1933,16089663,"xinni goh","2026-05-28 09:22:05",0.94580,4,xinnigoh00
1934,15899790,LeoStaz,"2026-05-25 22:43:09",0.94579,1,les1781
1935,15976134,"João Antônio Astolfi Gonçalves","2026-05-15 18:17:01",0.94578,7,jooantnioastolfi
1936,15810288,Ankit19473,"2026-05-03 11:36:23",0.94578,2,greenarrow2345
1937,15919073,"Hafiz Muneeb Ahmad","2026-05-24 11:14:28",0.94577,6,hafizmuneebahmad
1938,15994704,"Zachary Harpaz","2026-05-16 13:46:36",0.94577,1,zacharyharpaz
1939,15903230,"Kutsi Tusuz","2026-05-23 03:07:27",0.94576,6,kutsitusuz
1940,16096800,"JiaQiang Ran","2026-05-29 03:14:51",0.94576,8,jiaqiangran
1941,16047310,SUGI,"2026-05-25 08:07:44",0.94575,8,sugivision
1942,15807116,shion,"2026-05-05 08:42:30",0.94574,10,shion55
1943,15878285,"Ashish Kuru","2026-05-07 05:37:20",0.94573,1,ashishkuru
1944,16099138,YL1233,"2026-05-28 13:09:14",0.94573,2,yl1233
1945,16100285,mahirchops,"2026-05-30 14:35:13",0.94572,7,"mahiralit,niyathipramod"
1946,15860342,Lokesh,"2026-05-06 08:05:17",0.94571,5,lokeshvns
1947,15894917,"Sushant Yerkade","2026-05-08 09:53:16",0.94571,2,sushantyerkade
1948,16125215,tcoyne,"2026-05-31 19:24:47",0.94570,6,tcoyne1729
1949,15809876,Alberto,"2026-05-09 07:08:47",0.94569,2,albone
1950,16059516,"Jai Vasanth1","2026-05-24 06:10:55",0.94568,10,jaivasanth1
1951,15838187,"Thanh Toan","2026-05-18 08:20:46",0.94567,3,tonnglthnh
1952,15970634,"Kaviya Asai","2026-05-19 12:44:45",0.94567,4,kaviyaasai
1953,16063805,"Hessa Khalfan","2026-05-25 19:01:12",0.94566,7,hessakhalfan
1954,15989153,Kodai,"2026-05-21 01:09:47",0.94566,3,oootitiu
1955,15997865,So_Good_Person,"2026-05-19 05:22:39",0.94565,9,deep262003
1956,15868356,"SK N@J","2026-05-13 00:06:57",0.94565,10,shaikhnajiba
1957,15926775,Semen,"2026-05-12 10:31:49",0.94565,4,fiktus
1958,15906569,"aarav shah500","2026-05-15 06:48:22",0.94565,4,aaravshah500
1959,16109024,D1426100石易,"2026-05-29 10:11:48",0.94561,1,d1426100
1960,15803777,"Mr Li","2026-05-02 03:49:23",0.94561,1,mrli55
1961,15810107,"Corentin Jay","2026-05-25 14:24:31",0.94561,10,corentinjay
1962,15941137,dfnhrig,"2026-05-26 12:53:17",0.94561,16,dfnhrig
1963,15889007,McLaren,"2026-05-29 12:57:12",0.94561,12,"danielatatiana,sergiocastiblanco,silviaalejandras"
1964,16109994,Anshurkl05,"2026-05-31 05:55:21",0.94558,9,anshurkl05
1965,15950935,GowthamanM,"2026-05-13 19:18:31",0.94558,2,gowthaman23
1966,15975607,"deepak bahuguna","2026-05-14 18:26:53",0.94557,2,batman1997
1967,15824174,"Mrunalini Pachpute","2026-05-06 18:19:54",0.94556,5,mrunalinipachpute
1968,15838460,"Phan Thái Thành","2026-05-03 16:39:41",0.94555,2,phanthithnh
1969,15804840,y.hasebe,"2026-05-29 08:44:48",0.94554,18,yhasebe
1970,15821857,psychoTKC,"2026-05-09 04:16:28",0.94553,1,psychotkc
1971,15914835,"Abdullah Kazimov","2026-05-10 05:53:08",0.94551,4,abdullahkazimov8
1972,15842304,"Nicollette Espinosa2","2026-05-04 20:48:43",0.94550,3,nicolletteespinosa2
1973,15808358,"Md. Tareq Aziz","2026-05-19 07:21:19",0.94550,4,mdtareqaziz
1974,15826745,PasMarino13,"2026-05-16 14:09:45",0.94547,4,pasmarino13
1975,15915094,"Iswar Patra","2026-05-31 16:27:14",0.94547,12,iswarpatra
1976,16057220,"ANURAG ANAND","2026-05-24 19:06:49",0.94547,4,grizzly25564
1977,15999168,"Xiaochuan Ding","2026-05-30 08:21:02",0.94546,1,xiaochuanding
1978,15888161,"Debraj Dey","2026-05-31 20:28:11",0.94545,9,debrajdey01
1979,16129137,"Mahesh Munnuru","2026-05-31 07:17:22",0.94543,1,maheshmunnuru
1980,15889889,"Krish Sharma","2026-05-11 20:57:31",0.94543,5,krishsharma4321
1981,16031911,Yunioshi,"2026-05-20 12:15:23",0.94543,2,yunioshi
1982,16099720,"Steve Chepaykin","2026-05-29 18:53:20",0.94542,3,stevechepaykin
1983,15853768,"Josh Duffy","2026-05-05 04:44:38",0.94542,1,joshduffy
1984,15817759,SAM50_50,"2026-05-14 14:51:37",0.94542,3,sam5050
1985,15942616,V_data,"2026-05-14 23:03:16",0.94542,3,waraira
1986,15807678,Neuroick,"2026-05-02 13:42:02",0.94541,1,kagick
1987,15952346,"yousef Elshahat","2026-05-14 03:37:58",0.94540,2,yousefelshahat2
1988,15887539,"Albert Asatryan","2026-05-09 15:29:00",0.94540,4,albertasatryan
1989,15902350,Mad,"2026-05-25 04:08:19",0.94539,4,madhuri313
1990,15847253,Justin,"2026-05-04 19:54:54",0.94539,4,justinseby1998
1991,15878559,AniketSrivastava14,"2026-05-11 05:24:10",0.94538,3,aniketsrivastava14
1992,16090902,Miredili,"2026-05-27 09:29:33",0.94537,1,miredili
1993,16096723,Chin,"2026-05-28 09:47:07",0.94537,2,qinyukun
1994,16056839,"Sai Nihar Kunala","2026-05-25 17:03:06",0.94537,1,sainihar1024
1995,15971384,wusuisui,"2026-05-17 12:45:15",0.94537,3,wusuisui06
1996,15971937,"Jeffery Mei","2026-05-14 16:11:57",0.94534,1,callmejeffery
1997,16070130,혜원이에요,"2026-05-25 08:14:39",0.94533,2,hwjwluv
1998,15887753,somagni,"2026-05-30 02:17:04",0.94533,1,somagni
1999,15855156,"Abdul Kadir Syahab","2026-05-12 05:04:50",0.94531,10,abdulkadirsyahab
2000,15807471,"Kuber Chaurasiya","2026-05-01 11:04:03",0.94530,3,kuberiitb
2001,15968081,캐글리언,"2026-05-22 15:14:54",0.94528,2,kaglerian
2002,15938210,"Swastik Mohanty","2026-05-12 12:50:41",0.94526,1,swastikmohanty
2003,15883708,"Sheryar Tanoli","2026-05-21 06:46:49",0.94525,13,sheryartanoli
2004,15869154,"Mathe Matics2","2026-05-30 02:58:50",0.94525,9,mathematics2
2005,15812707,"Rohan Sardar","2026-05-08 15:22:38",0.94524,2,rohansardar
2006,16088405,Rcc142,"2026-05-27 04:13:36",0.94522,2,rcc142
2007,16020052,"Rayhan Fairuz Aqram","2026-05-19 10:06:47",0.94521,3,rayhanfairuz
2008,15860614,"Laureano Arcanio","2026-05-05 14:30:02",0.94520,1,laureanoarcanio
2009,15955644,ethereal102410,"2026-05-14 05:11:16",0.94519,3,ethereal102410
2010,16008248,Leviathan47,"2026-05-22 19:08:24",0.94518,9,leviathan47
2011,15919981,daniel,"2026-05-11 01:47:36",0.94518,7,loyuheng
2012,15818501,ElijahLewis123,"2026-05-01 19:27:46",0.94518,3,elijahlewis123
2013,16056539,"Emre Zorlu","2026-05-23 14:14:56",0.94517,7,emrezorlu1239
2014,16022753,chenyiran222,"2026-05-21 01:29:39",0.94515,1,chenyiran222
2015,15863473,mondmann,"2026-05-05 16:24:57",0.94514,1,moondman
2016,16075544,Mihai_I,"2026-05-25 19:00:40",0.94513,2,bigorange18
2017,16136130,GPA16,"2026-05-31 23:50:09",0.94512,1,ammaarahmadkhan
2018,16135736,dlasruddk,"2026-05-31 20:20:16",0.94511,10,dlasruddk
2019,15896174,"Alperen Özdemir","2026-05-28 12:09:46",0.94511,8,alpyoz
2020,15993679,"Rishi Jain","2026-05-22 07:55:58",0.94510,8,rishijain07
2021,15942584,GwhE,"2026-05-31 18:07:43",0.94510,36,gwhenap
2022,15836833,WinSentTY,"2026-05-15 08:58:50",0.94510,9,winsentty
2023,15889652,shadow-sama,"2026-05-07 21:11:28",0.94508,5,dhruvrankoti
2024,15908377,"Bismillah Wisjul","2026-05-09 16:22:48",0.94508,3,"hananfitras,kasupiru"
2025,15976340,"Animesh Wani","2026-05-31 09:57:49",0.94508,3,wanimesh
2026,16099891,"Pranav Jain","2026-05-28 16:51:15",0.94507,1,pranavj02050802
2027,15882855,"CJ ROCKBALL","2026-05-31 05:02:49",0.94506,1,cjrockball
2028,16032417,"Aryan Arya01","2026-05-20 13:06:38",0.94506,3,aryanarya01
2029,16124804,HorseSheepGoGo,"2026-05-30 18:18:11",0.94506,2,horsesheepgogo
2030,15947413,FlameBoY01,"2026-05-15 13:19:31",0.94505,4,flameboy01
2031,15950563,"RADOT WAHANDA PUTRA TAMBUNAN 411222006","2026-05-13 17:24:40",0.94504,1,radotwahanda
2032,16114015,"Santo Paul","2026-05-29 21:17:30",0.94504,4,santopaul
2033,15811698,Jackofall718,"2026-05-01 12:22:36",0.94502,2,jackofall718
2034,15809507,Seeeky,"2026-05-10 11:47:06",0.94501,7,seeeky
2035,15899207,"Esteban Dieguez","2026-05-25 19:49:10",0.94499,13,estebandieguez
2036,15925671,Ardiardi29,"2026-05-22 15:58:07",0.94499,1,ardiardi29
2037,15930170,"Angel igl","2026-05-12 17:32:17",0.94497,3,angeligl
2038,15972177,"Robit Al Hazmi","2026-05-15 15:32:15",0.94496,4,robitalhazmi
2039,16096443,mediumGuy,"2026-05-28 15:24:06",0.94496,8,mediumguy
2040,15840961,Akıner,"2026-05-29 20:44:49",0.94495,2,akiner
2041,15874642,"Avik Das","2026-05-12 12:29:23",0.94495,2,avikdas567
2042,16060792,"T Okano","2026-05-24 20:18:06",0.94494,4,tokano
2043,15990504,changtaining,"2026-05-18 02:37:11",0.94494,1,changtaining
2044,16048476,"Shlok Doshi","2026-05-23 10:38:38",0.94493,3,asfdsfafdsadsf
2045,15847520,"Francesc Oliveras","2026-05-06 11:14:41",0.94491,1,francescoliveras
2046,15874615,"Baha Enes Ören","2026-05-13 18:45:19",0.94491,9,bahaenesren
2047,16052438,"Penguin Tux","2026-05-26 18:21:32",0.94491,1,amrugg
2048,15997288,s100083473,"2026-05-17 11:12:07",0.94491,2,s100083473
2049,15827635,"Batuhan Yolver","2026-05-03 12:14:14",0.94491,3,batuhanyolver
2050,15812017,"Ahmet Türkmen","2026-05-11 23:15:30",0.94489,2,bit104
2051,16031806,tt,"2026-05-21 05:49:52",0.94488,4,takagitoshimitsu
2052,15907262,"Filamatra Mirindra","2026-05-26 16:16:21",0.94488,7,filamatramirindra
2053,16097754,"Duck Alston","2026-05-29 20:28:06",0.94488,4,duckalston
2054,15942089,"Vasilevykh Pavel","2026-05-28 18:53:19",0.94485,2,vasilevykhpavel
2055,16072599,"Ayman _Khan","2026-05-25 16:16:03",0.94485,2,aymankhan555
2056,16018659,"IVan Da Vodka","2026-05-19 03:14:35",0.94484,3,ivandavodka
2057,15940507,"Doroshenko Dima","2026-05-22 14:27:40",0.94482,2,doroshenkodima
2058,15810022,"Hitesh Bharadwaj","2026-05-15 05:47:09",0.94480,3,hitvempi
2059,15970367,BirdBird,"2026-05-25 15:57:52",0.94480,4,jiayuanfoo
2060,16032261,Aoba.K,"2026-05-28 10:44:42",0.94479,1,ailover21
2061,15885883,"Philemon Chan","2026-05-09 03:52:47",0.94479,2,uduntu
2062,15824616,happytreehugger,"2026-05-16 09:03:12",0.94478,5,naomixia
2063,16075385,ajayvenkat1947,"2026-05-29 08:16:43",0.94478,3,ajayvenkat1947
2064,15899056,Jia,"2026-05-08 15:49:38",0.94477,2,yeheyeeuhe
2065,16134008,"Kushami Neko","2026-05-31 16:52:21",0.94475,2,kushamineko
2066,15871665,IrpanM,"2026-05-10 23:42:31",0.94472,3,irpanm
2067,15888638,"Anuj Saha","2026-05-10 18:29:06",0.94471,6,anujsaha0123456789
2068,15995444,long1973m,"2026-05-31 12:57:02",0.94471,10,long1973m
2069,15989395,"Joseph Dominguez","2026-05-16 15:44:26",0.94470,2,josephdominguez1
2070,16133724,"Josh P.","2026-05-31 16:31:43",0.94469,8,davidjosh
2071,16057015,arbuzikkk,"2026-05-23 14:33:30",0.94469,2,arbuzikkk
2072,16051160,"Ikeda Teresa-chan Desu~","2026-05-22 19:38:56",0.94468,3,teresazaka46
2073,15921541,"Lefteris Tsimplekas","2026-05-20 17:49:08",0.94468,6,lefteristsimplekas
2074,16079471,Nishant,"2026-05-26 06:02:41",0.94467,1,nishantroy449
2075,15931723,jonattanrv,"2026-05-26 02:52:06",0.94466,4,jonattanrv
2076,15871225,"HARI GOVIND J","2026-05-30 06:01:09",0.94466,1,harigovindj3
2077,15948869,"Harsh Sharma","2026-05-30 17:29:57",0.94465,2,harshsharma2704
2078,15893381,"Amogh Kondiparthy","2026-05-13 17:38:44",0.94464,3,amoghkondiparthy
2079,15854774,MattRP,"2026-05-31 22:48:00",0.94462,6,mattrp
2080,15940600,"Артём Шалатонов","2026-05-12 16:53:37",0.94460,2,tyomaagg
2081,15822699,Glitch,"2026-05-02 08:24:15",0.94460,3,devanathravi
2082,16012892,"Mirjam Reino","2026-05-31 14:31:19",0.94459,19,mirjamreino
2083,16025229,"Sheetal Lodhi","2026-05-30 03:39:13",0.94458,2,sheetallodhi
2084,15810178,"Basak Tamer","2026-05-01 10:33:24",0.94457,1,basaktamer
2085,16003930,"Bhaskar Mulik","2026-05-24 12:58:13",0.94457,1,bhaskarmulik
2086,15830491,"Yogendra Singh Shekhawat","2026-05-31 07:19:48",0.94455,1,yogendrabs
2087,15938185,"Mycroft Kang","2026-05-18 04:57:55",0.94455,1,mycroftkang
2088,16005060,Babel_Xu,"2026-05-27 03:26:40",0.94454,3,babelxu
2089,16085863,"Monish Singhal","2026-05-29 16:56:18",0.94454,1,monish0110
2090,16033412,Codegg,"2026-05-20 14:54:07",0.94454,1,codeegg
2091,15841574,"Fares Alawneh","2026-05-03 19:41:32",0.94453,1,farresss
2092,15816650,"George Bender","2026-05-21 08:56:14",0.94453,6,georgebender
2093,16111760,Luigiscal07,"2026-05-29 15:28:50",0.94450,4,luigiscal07
2094,15828561,"Tenter Hooks","2026-05-03 18:46:00",0.94450,2,tenterhooks
2095,15826110,"Max Verstappen","2026-05-02 11:27:13",0.94450,4,dhruvpaidukle
2096,15896355,"ARUNAGIRINATHAN K","2026-05-10 04:00:51",0.94449,6,arunsworkspace
2097,16044683,"mukesh p22","2026-05-21 21:10:13",0.94448,1,mukeshp22
2098,15872019,Sananda,"2026-05-06 08:59:27",0.94447,5,sananda34
2099,15834884,Soham_Deshpande,"2026-05-11 04:58:50",0.94447,3,sohamdeshpande11
2100,15996444,xcoast,"2026-05-23 18:27:09",0.94447,1,xcoast
2101,16077804,MUYI,"2026-05-26 05:14:56",0.94447,2,muyiyouyouning
2102,16108675,"Diego Vespa","2026-05-29 16:14:24",0.94447,6,diegovespa
2103,15881136,"Christopher Dale","2026-05-14 20:16:59",0.94444,6,christopherdale
2104,16088178,"Sharad Jhanwar","2026-05-27 05:44:01",0.94444,2,sharadjhanwar121
2105,16105315,"Haruki Tsunekawa","2026-05-29 02:37:43",0.94444,1,harukitsunekawa
2106,15810630,NatalTiger26,"2026-05-31 20:39:17",0.94444,4,nataltiger26
2107,15840105,"Ram Jas","2026-05-09 16:56:25",0.94443,2,ramjasmaurya
2108,15868252,"Ahmad Montaser","2026-05-07 02:32:32",0.94443,5,ahmadmontaser
2109,15831060,"Siri Purighalla","2026-05-03 17:13:18",0.94442,6,siripurighalla
2110,15984638,"Luis Modesto","2026-05-15 14:09:51",0.94442,1,luismod63
2111,16108674,michaelbagnoli99,"2026-05-29 16:19:20",0.94441,4,michaelbagnoli99
2112,16069410,Sunset,"2026-05-26 10:50:31",0.94440,1,dtd1232
2113,15995402,"Futa Sho","2026-05-17 13:31:18",0.94435,7,futasho
2114,15838027,"Yi Zhu","2026-05-05 06:26:20",0.94434,1,iamkellythankyou
2115,15810902,marylka,"2026-05-01 20:10:25",0.94433,1,marylka
2116,15997481,"Евгений Горин","2026-05-17 08:31:58",0.94432,4,jojo2698
2117,15827806,"Mete Oğuz","2026-05-26 19:27:17",0.94431,16,meteouz
2118,15813537,Kota,"2026-05-12 02:24:51",0.94430,3,kotafuchiwaki
2119,16045904,"Ivan Silinsky","2026-05-22 20:25:45",0.94430,4,ivansilinsky
2120,15897612,"Yogesh Baral","2026-05-10 16:43:25",0.94428,3,yogeshbaral
2121,15816363,Pebble,"2026-05-23 14:43:01",0.94428,1,waishingl
2122,15867522,光風嵐気,"2026-05-08 07:14:18",0.94427,1,farhankbar
2123,15813667,"Erwin Huizenga","2026-05-30 16:40:41",0.94425,29,erwinh
2124,15827397,COLIONY,"2026-05-02 14:17:21",0.94423,1,coliony
2125,15808693,shinchisaito,"2026-05-22 04:56:53",0.94422,16,shinchisaito
2126,16090467,Fe1ixxxx,"2026-05-29 10:51:09",0.94420,1,fe1ixxxx
2127,16115382,"Ayush Mukherjee","2026-05-30 01:31:20",0.94417,2,mukherjeeayush
2128,16118885,RayNi322,"2026-05-30 17:34:10",0.94416,2,rayni322
2129,16136430,puffiGu,"2026-05-31 21:02:38",0.94415,4,gush4a
2130,16063043,shivam,"2026-05-30 09:32:42",0.94414,6,eshivam
2131,15875934,"Ankit Jha","2026-05-06 15:14:57",0.94414,1,ankitjha006
2132,16134418,#SFO,"2026-05-31 18:27:32",0.94414,5,hirokiizumi
2133,15967160,"Usama Jabar","2026-05-14 09:42:09",0.94413,1,usamajabar
2134,16037432,"Zikai Chen","2026-05-21 03:24:27",0.94413,1,kyrie1102kai
2135,16053697,JasonRay,"2026-05-23 11:07:33",0.94412,6,jasonray15136
2136,15882420,"Nida Amir","2026-05-13 06:01:24",0.94411,3,nidaamir
2137,16008047,"Gunin Midha","2026-05-18 06:19:42",0.94408,1,guninmidha
2138,15969983,Jei_dev25,"2026-05-17 15:02:21",0.94406,25,jeidev25
2139,15891653,"Alessandro Giovannelli","2026-05-08 12:08:39",0.94405,4,aleprt
2140,15819638,x5or6,"2026-05-30 17:24:52",0.94403,7,wuzimu
2141,15845819,Srishti,"2026-05-31 07:24:22",0.94402,2,srishtigauraha
2142,15823011,"Muhammad Hamim Islam","2026-05-13 05:35:31",0.94402,10,odvut1
2143,15861676,"Mohamed Akram","2026-05-05 14:32:01",0.94401,2,mohamedakramzidan
2144,15840243,"Pavan Sai.D","2026-05-10 17:08:46",0.94399,2,pavansaid
2145,15895726,galb,"2026-05-08 15:08:26",0.94399,1,galbre
2146,15936199,CharlesPoon,"2026-05-12 08:58:38",0.94398,1,charlespoon
2147,15873463,maiHydrogen,"2026-05-23 10:53:19",0.94397,1,maihydrogen
2148,15950553,"Luo Xuxuan","2026-05-14 05:54:06",0.94394,1,luoxuxuan
2149,15805003,rabaa28,"2026-05-01 03:45:26",0.94393,3,rabaa28
2150,16060314,karasu1982,"2026-05-26 13:35:50",0.94393,3,karasu1982
2151,16005354,"Sahrul Adicandra","2026-05-29 16:27:16",0.94391,2,sahruladicandra
2152,15847706,"Liu Zichen","2026-05-04 11:30:47",0.94389,1,liuzichen06461
2153,15948479,"Misaki Ikema","2026-05-31 17:04:09",0.94387,5,misakiikema
2154,16000102,YongyvChen,"2026-05-27 12:17:41",0.94386,23,yongyvchen
2155,16016498,"Hugo Queniat","2026-05-20 10:30:56",0.94385,6,hugoqueniat
2156,16068949,"Quang Học","2026-05-26 15:16:23",0.94384,3,quanghoc
2157,16072720,"Joaquin Fernandez","2026-05-28 14:21:54",0.94381,2,joaquinfdez
2158,15819068,"Alan Joy538","2026-05-01 19:43:42",0.94379,7,"alanjoy538,raghvv"
2159,16096768,Abhijit,"2026-05-28 05:17:07",0.94379,1,chyungmyung
2160,15988032,dineshprit,"2026-05-15 20:24:04",0.94378,3,dineshprit
2161,15818442,victor,"2026-05-20 16:49:28",0.94376,10,vicmcorrea
2162,15842593,nururu,"2026-05-28 14:36:46",0.94375,13,nururu
2163,15997039,"Roman Santalov","2026-05-18 18:25:42",0.94373,2,romasanta
2164,16021784,"Sai deep 22","2026-05-19 09:04:43",0.94371,1,saideep22
2165,16050978,"Kirill Gubkin","2026-05-24 11:17:52",0.94370,3,kirillgubkin
2166,16112963,"Akshay J Kulkarni","2026-05-30 16:21:55",0.94369,4,akshayjkulkarni
2167,15865793,"Udit Ghai","2026-05-05 20:10:01",0.94367,7,uditghai
2168,15815696,"Arun Surendranath","2026-05-04 03:30:19",0.94364,1,nat011
2169,15942591,"Pranay Aggarwal","2026-05-18 15:03:14",0.94361,1,pranay0226
2170,15803842,"Gandharv Kulkarni","2026-05-13 02:34:03",0.94361,20,gandharvk422
2171,16002784,"Esther Chai","2026-05-31 09:15:17",0.94358,3,"deronfooyijia,estherchai,meiqiii3"
2172,15894698,PhalacrocoraxCarbo,"2026-05-08 10:51:51",0.94355,4,phalacrocoraxcarbo
2173,15928121,"Johan Setiawan","2026-05-11 13:13:55",0.94355,2,johansetiawan17
2174,15820110,"Анатолий Шадрин","2026-05-03 20:44:31",0.94354,3,onotoleshhh
2175,15808093,ats23,"2026-05-06 03:31:36",0.94350,2,ainsley20
2176,15881715,"Logan Wright","2026-05-18 00:12:03",0.94349,7,loganwright92
2177,15936209,"Varun Vardhan","2026-05-12 08:02:22",0.94349,1,varunvardhana
2178,16030280,Jerome-IMS,"2026-05-20 08:27:50",0.94347,2,jeromeims
2179,15804990,calico,"2026-05-03 14:50:09",0.94347,4,nna777
2180,15945284,"Naimul Hasan Shadesh","2026-05-13 06:35:30",0.94346,1,shadesh
2181,15973421,"Miguel Guimarães","2026-05-30 09:46:32",0.94345,15,miguelaguimares
2182,16033085,joaenxie,"2026-05-31 14:37:26",0.94345,1,joaenxie
2183,15844332,Ramadhanigb19,"2026-05-11 09:20:41",0.94343,1,ramadhanigb19
2184,16085808,helloromiro,"2026-05-26 18:53:48",0.94341,4,helloromiro
2185,16096552,GoingWheat,"2026-05-28 02:41:35",0.94341,1,goingwheat
2186,16074321,Shirin2105,"2026-05-25 16:04:08",0.94341,2,shirin2105
2187,15926080,"Maroof Abdullah","2026-05-11 13:06:12",0.94341,1,maroofabdullah
2188,16091856,"_o ItzMarco","2026-05-29 16:40:30",0.94339,5,oitzmarco
2189,15995317,"jjdd allen","2026-05-29 15:11:17",0.94339,7,jjddallen
2190,16040452,"Vedant Kadam","2026-05-23 11:19:15",0.94337,5,killua88
2191,15909761,"Sarp Ünsal","2026-05-20 18:29:37",0.94337,4,sarpunsalytu
2192,16058848,amanda4957,"2026-05-27 23:55:49",0.94336,3,amanda4957
2193,15830846,Jemin,"2026-05-16 13:28:09",0.94334,5,jeminm
2194,15895318,"David Guillamet","2026-05-08 08:52:18",0.94334,1,davidguillamet
2195,15996784,ARTHYAL,"2026-05-28 14:40:10",0.94331,5,"arthyal,suyashpatil09"
2196,15906377,"tsh forecast","2026-05-10 22:07:44",0.94329,6,tshforecast
2197,16002595,W_coder_hu,"2026-05-20 08:26:36",0.94329,1,wcoderhu
2198,15985791,"RISHAB KUMAR","2026-05-17 07:12:33",0.94329,2,rishabkumar27
2199,15916579,eshika,"2026-05-10 12:33:28",0.94328,3,eshika233886208vcet
2200,16052719,"Jeremy H","2026-05-23 01:15:00",0.94328,1,jeremyhaakenson
2201,16053314,iichiko,"2026-05-23 04:46:30",0.94328,1,iichiko0908
2202,15921556,"Zachary Ginsburg","2026-05-10 19:54:37",0.94326,2,zacharyginsburg
2203,16026318,"Parth Goel","2026-05-22 11:53:57",0.94325,10,parthg2007
2204,15890759,Kuriboh,"2026-05-08 09:44:32",0.94322,1,cauchyeix
2205,16070210,ToSa29,"2026-05-25 09:05:16",0.94321,1,tosa29
2206,15890551,"Jose A Rubiales","2026-05-14 13:44:12",0.94321,7,jadrubiales
2207,15929787,"Zhordan Ravi Paleva","2026-05-11 17:26:54",0.94318,2,zhordanravipaleva
2208,15865450,"Mr. TD","2026-05-06 17:01:04",0.94317,2,dharmiktrivedi
2209,15973963,"Gourav Jaiswal","2026-05-14 16:01:14",0.94314,1,gouravkjaiswal
2210,16093357,Shoe_maker,"2026-05-27 14:59:36",0.94314,1,shoemaker70969
2211,16053272,"Goated Prerit","2026-05-23 03:42:43",0.94313,2,goatedprerit
2212,15937910,Roy_Wang925,"2026-05-12 11:04:54",0.94311,1,roywang925
2213,15874361,MEIYBO,"2026-05-27 07:47:30",0.94311,3,meiybo
2214,16069935,DragonFly314,"2026-05-25 14:39:58",0.94311,1,dragonfly314
2215,16063551,jkj7042,"2026-05-30 13:05:33",0.94309,7,jkj7042
2216,15893449,Macoo68,"2026-05-22 06:17:19",0.94309,2,macoo68
2217,15943567,asdfdasg,"2026-05-29 04:54:16",0.94306,4,asdfdasg
2218,15945327,Claw,"2026-05-28 21:13:13",0.94306,1,arxclaw
2219,15809905,kansyo,"2026-05-06 09:32:21",0.94306,2,kansyo
2220,15812893,Koikoiiinami,"2026-05-24 05:39:17",0.94306,3,koikoiiinami
2221,15904521,"mason CHo","2026-05-11 10:26:00",0.94305,2,helioux
2222,15837855,"vaibhav solanke","2026-05-06 20:37:04",0.94303,11,vaibhavsolanke
2223,15875579,"Tabish Siddiqui","2026-05-07 06:26:22",0.94300,1,tabishsiddiqui321
2224,15806129,"Aum Patel 131","2026-05-03 06:20:15",0.94298,1,aumpatel131
2225,15827328,"Kira Gottschalk","2026-05-08 11:58:15",0.94298,28,kiragottschalk
2226,15947215,YaoJie11,"2026-05-31 11:19:31",0.94296,8,yaojie11
2227,16092396,train112,"2026-05-28 14:33:26",0.94294,1,train112
2228,15820559,"David Kaplan","2026-05-01 22:29:32",0.94292,5,davidkaplan13
2229,15815826,sparsh712,"2026-05-05 21:04:02",0.94291,1,sparsh712
2230,15817455,rabianms2000,"2026-05-31 07:27:49",0.94290,1,rabianms2000
2231,15923942,"Valerius Astoria","2026-05-13 04:28:57",0.94289,6,valeriusastoria
2232,16035721,"Hannes Malcha","2026-05-22 05:25:48",0.94286,4,hannesmalcha
2233,16101500,Daiki_aa,"2026-05-28 14:28:49",0.94285,1,daikiaa
2234,15830680,"Yohann Roux","2026-05-05 00:17:07",0.94285,1,yohannroux
2235,15820490,Leon,"2026-05-29 16:37:33",0.94284,2,alunji
2236,16014236,jiangyifu017027,"2026-05-19 06:56:07",0.94284,3,jiangyifu017027ustc
2237,15874946,Vlad,"2026-05-18 11:05:57",0.94283,1,vladstud716373618
2238,16052082,"Josh Moore","2026-05-28 22:40:34",0.94283,6,joshmoore0
2239,15814406,kageeeeee,"2026-05-09 01:20:24",0.94282,4,kageeeeee
2240,15813230,"Manasi Pandit","2026-05-06 15:57:17",0.94282,2,manasi197
2241,16003045,yimjune,"2026-05-31 08:18:26",0.94278,4,yimjune
2242,16002189,chlguddn,"2026-05-31 12:19:00",0.94278,4,chlguddn
2243,15879906,"Felipe Moreira","2026-05-07 23:30:52",0.94276,1,felipe0365
2244,15808296,María,"2026-05-05 19:10:51",0.94275,1,mariaenc
2245,15825862,"Edosuyi Enosakhare","2026-05-03 10:00:21",0.94270,9,edosuyienosakhare
2246,15898561,Ramsunthar,"2026-05-10 13:36:11",0.94269,11,ramsunthar
2247,15852393,"Nkosana Chirokoto","2026-05-18 05:48:20",0.94267,11,nkosanachirokoto
2248,15995343,lucaasleal,"2026-05-17 22:43:15",0.94266,6,lucaasleal
2249,15941345,YouKnowJP,"2026-05-14 02:04:55",0.94265,2,youknowjp
2250,15937341,"Tara Van Mierlo","2026-05-12 13:47:12",0.94264,2,taravmierlo
2251,15831072,"Claire de Badts","2026-05-26 19:20:29",0.94263,24,clairedebadts
2252,15879884,sunset756,"2026-05-31 06:42:23",0.94263,1,sunset756
2253,15880700,XinSwan,"2026-05-07 03:36:43",0.94261,5,"huxinya,wenxiaonan"
2254,15817631,rail2478,"2026-05-31 19:08:51",0.94259,5,rail2478
2255,16052548,"Christine Ong","2026-05-23 03:32:46",0.94256,4,christineong
2256,15914585,"Zachary Collazo","2026-05-12 22:17:14",0.94252,1,ztcollazo
2257,16000455,Seventh717,"2026-05-26 18:03:33",0.94252,4,seventh717
2258,16078391,Lasasarah,"2026-05-31 13:10:44",0.94247,9,lasasarah
2259,15918846,danbural,"2026-05-10 14:15:50",0.94244,4,danbural
2260,15866488,"Bohr Dan","2026-05-06 09:59:30",0.94243,6,bohrdan
2261,16058409,diegolaio,"2026-05-23 18:37:38",0.94243,1,diegolaio
2262,16098910,"Smriti Khanal","2026-05-28 10:40:04",0.94242,2,smritikhanal
2263,15845101,truen,"2026-05-04 07:16:34",0.94241,2,truecode
2264,15970514,"Côme Labroye","2026-05-14 14:16:53",0.94241,9,cmelabroye
2265,15817066,"Aleksandrov Andrey Alekseevich","2026-05-01 18:11:07",0.94232,1,abbeleve
2266,16119914,strayca7,"2026-05-30 13:44:56",0.94231,1,strayca7
2267,16055694,Singh.Avinash,"2026-05-31 10:59:47",0.94230,25,singhavinash1987
2268,15853319,Monfo_00,"2026-05-24 13:42:27",0.94228,7,monfo00
2269,15859960,"Grace Ganyilo","2026-05-28 18:39:41",0.94228,11,graceganyilo
2270,16060365,"Sanjana Adhikari","2026-05-24 05:06:31",0.94226,2,adhikarisanjana
2271,15976616,MK_team,"2026-05-15 19:33:53",0.94225,1,marcelktel
2272,16058431,"Harshith achar","2026-05-24 09:30:09",0.94225,4,harshithachar1
2273,16023797,RAMIRO_CICERO_01,"2026-05-19 18:54:46",0.94224,4,ramirocicero01
2274,16095870,Max.sm.yc,"2026-05-27 23:09:04",0.94220,1,maxsmyc
2275,15984925,"Nnamdi John","2026-05-18 05:42:04",0.94215,3,nnamdijohn
2276,16116844,"Abhinav A","2026-05-30 09:09:43",0.94215,5,mavis04
2277,15872772,IEEM26_111034062,"2026-05-06 15:44:08",0.94211,7,ieem26111034062
2278,16063801,Debajit,"2026-05-24 15:59:16",0.94210,2,barondebajit
2279,16107576,yooks0303,"2026-05-29 06:50:09",0.94210,2,yooks0303
2280,15921777,SWAM,"2026-05-14 19:45:58",0.94208,5,alexmaude
2281,15803861,"Khoi Tuan Nguyen","2026-05-04 13:04:02",0.94203,14,khoingt
2282,16119341,"David Turner","2026-05-31 20:07:10",0.94201,7,davidgturner
2283,15907754,anakin_sungsoo,"2026-05-16 08:43:36",0.94200,1,anakinsungsoo
2284,15869981,Psm0511,"2026-05-15 22:38:57",0.94197,1,psm0511
2285,15972840,"Victor Chege","2026-05-15 05:40:08",0.94193,2,victorchege0
2286,15812423,"Traiko Dinev","2026-05-01 10:39:33",0.94193,1,include4eto
2287,16118410,Apollo199999999,"2026-05-30 11:03:02",0.94193,2,apollo199999999
2288,15906146,Mukund,"2026-05-09 10:12:07",0.94190,4,mukund23
2289,15807589,SophieB,"2026-05-13 00:24:59",0.94187,2,sophieb
2290,15924282,"Ayush Singh","2026-05-19 13:58:17",0.94186,8,ayushsingh200411
2291,15930425,Fusion321,"2026-05-11 18:18:06",0.94183,3,fusion321
2292,16031563,Ningaloo,"2026-05-30 09:09:42",0.94181,3,ningaloo
2293,15994898,kt,"2026-05-30 08:26:58",0.94181,2,"akshayanvishaal,siddhu2727"
2294,15811572,architsh007,"2026-05-06 14:09:58",0.94181,3,architsh007
2295,15886879,"RiccardoB Lavoro","2026-05-15 16:09:16",0.94179,5,riccardoblavoro
2296,15822097,"Coen Howerter","2026-05-03 22:42:48",0.94177,5,coenhowerter
2297,15864485,"Mohamed Drabo","2026-05-05 18:17:07",0.94177,2,mohameddrabo
2298,15896017,"Tanush Badonia","2026-05-15 19:56:58",0.94175,5,tanushbadonia
2299,16093287,"H MD Sahed","2026-05-28 14:32:17",0.94170,2,hmdsahed
2300,15847218,kasuuuu,"2026-05-11 12:06:52",0.94168,22,kasuuuu
2301,15956252,SkYnet,"2026-05-24 21:01:28",0.94166,4,"upamap1,zombie97"
2302,15903164,"Patrikas Gabrielius Modulevas","2026-05-10 10:05:31",0.94166,11,idk2me
2303,16018058,"Bijay Syangtan","2026-05-25 01:46:45",0.94162,4,bijaysyangtan
2304,15914793,"Muh Amri Sidiq","2026-05-10 03:14:05",0.94162,1,amri11
2305,16090452,D1467578吳艾庭,"2026-05-29 14:18:29",0.94158,3,d1467578
2306,15950796,"abdurhman elgrm","2026-05-13 19:23:06",0.94158,1,abdurhmanelgrm
2307,15985023,"SADRA zarei","2026-05-30 13:41:28",0.94157,7,sadrazarei
2308,15877446,"Dilan Sanjaya Perera","2026-05-06 17:24:14",0.94157,1,dilansanjayaperera
2309,15858589,Amirithm,"2026-05-05 13:22:33",0.94156,3,amirdejesusamado
2310,16079309,shumpeace,"2026-05-26 05:17:05",0.94156,1,shumpeace
2311,16030688,NK,"2026-05-20 08:38:58",0.94156,1,knonthawat
2312,15806291,"Aditya Majumdar","2026-05-04 06:14:17",0.94155,2,adityano1
2313,15804576,shimodas,"2026-05-25 14:17:43",0.94152,3,shimodas
2314,15828198,"Крымов Валерий","2026-05-02 16:49:31",0.94150,1,crumbobly
2315,15942329,PACESETTER55,"2026-05-12 21:49:09",0.94149,1,pacesetter55
2316,15946892,"Muhammad Bin Nadeem","2026-05-15 20:23:22",0.94146,2,muhammadbinnadeem
2317,15871718,niniyu,"2026-05-06 08:39:14",0.94145,2,niniyu0123
2318,15824524,Ameya,"2026-05-02 07:19:20",0.94143,1,ameyasr1308
2319,15892484,Duckknight_7,"2026-05-08 05:20:49",0.94137,1,duckknight7
2320,16053971,"Abhishek Maurya","2026-05-23 16:09:30",0.94134,1,abhishek123maurya
2321,15814102,"Jared Chang","2026-05-02 00:39:37",0.94132,6,jaredchang
2322,15806819,"Kaysan Islam","2026-05-15 16:12:43",0.94131,1,kaysanislam
2323,15805990,Tom8710,"2026-05-25 20:42:13",0.94131,36,tomactlog
2324,15943723,"Fatemeh Taherifard","2026-05-22 00:32:24",0.94130,20,fatemehtaherifard
2325,16057167,"Debora Giovanni","2026-05-26 13:38:16",0.94128,1,deboragiovanni
2326,15885829,reheartalk,"2026-05-07 12:46:43",0.94126,1,reheartalk
2327,16136242,"Nurcan Yılmaz","2026-05-31 19:51:56",0.94125,2,nurcanylmaz
2328,15824786,"Max Mak","2026-05-02 21:12:48",0.94124,1,maxyy543
2329,15984680,Melihdrl,"2026-05-24 13:10:06",0.94119,1,melihdrl
2330,16059031,"Atharva Naik","2026-05-24 17:07:42",0.94119,1,atharvanaik2024
2331,16058036,"Rutvik Mendpara","2026-05-23 17:34:18",0.94119,3,rutvikmendpara
2332,15814194,"Himanshu Dhiman","2026-05-01 12:43:13",0.94117,1,hmnshudhmn24
2333,15811902,"furio paolo menotti ","2026-05-05 14:29:08",0.94116,15,furiopaolomenotti
2334,15930687,bob232324,"2026-05-11 19:08:09",0.94115,1,bob232324
2335,16023768,"Quentin Raynaud","2026-05-20 18:18:19",0.94114,8,quentinraynaud
2336,15993602,"Shadow Yan","2026-05-19 13:36:44",0.94111,6,shadowyan
2337,15819043,"Kodai Fukuda","2026-05-09 09:57:59",0.94107,3,kodaifukuda0311
2338,15862871,"Codemaster Vansh","2026-05-31 17:51:55",0.94104,5,codemastervansh
2339,15856573,"yf D","2026-05-05 04:36:26",0.94103,1,dengvitruviano
2340,15846282,"RYUYA KAWASAKI","2026-05-04 09:00:42",0.94103,3,ryuyakawasaki
2341,16026047,"Jesse CL","2026-05-20 23:37:16",0.94101,1,jessecampionloth
2342,15827064,coolngr8,"2026-05-03 18:10:01",0.94101,4,coolngr8
2343,16018434,AliceQoQ,"2026-05-19 08:15:24",0.94100,1,minsungkimhits
2344,16004389,"dohyeon kim","2026-05-28 08:18:48",0.94097,1,dohyeon076
2345,15829534,"dawood Zargar","2026-05-02 16:53:26",0.94097,4,dawoodzargar
2346,16022449,Jeb9487,"2026-05-27 05:21:12",0.94096,2,jeb9487
2347,15812511,darksols,"2026-05-18 05:23:32",0.94096,30,darksols
2348,15841402,Lysapala,"2026-05-26 11:37:47",0.94095,1,lysapala
2349,16068863,"LIU jia rui","2026-05-30 14:31:52",0.94092,4,s114021103
2350,15806713,kaele,"2026-05-16 04:50:15",0.94092,4,jjejevvsu
2351,15867744,"Rifqi Hafizuddin","2026-05-24 12:31:40",0.94091,1,rifqihafizuddin
2352,15982025,"Learning By Doing","2026-05-15 14:47:57",0.94091,3,"xslooo,zequanbear"
2353,15914243,"Warren Chu","2026-05-10 01:30:00",0.94090,1,worldtraveller678
2354,15943789,eden_hierarch,"2026-05-13 04:10:19",0.94088,1,edenhierarch
2355,15902465,"Liam Cody","2026-05-10 15:42:50",0.94088,2,liamcody
2356,15881528,"Harshavardhana Naganagoudar","2026-05-08 09:08:40",0.94086,1,nharshavardhana
2357,16038476,zhangjianrui,"2026-05-21 05:54:52",0.94086,1,zhangjianrui
2358,16118176,cbc_9320,"2026-05-30 17:46:22",0.94086,2,cbc9320
2359,15853047,"Soumya Thakur","2026-05-06 17:26:11",0.94085,2,sovmya
2360,15841080,"Paul Menke","2026-05-04 09:40:09",0.94081,2,paulmenke
2361,15972192,"Manu Kashyap","2026-05-16 03:15:14",0.94078,1,manukashyap01
2362,15917081,"Rounak Seal","2026-05-10 12:00:10",0.94078,1,rounakseal
2363,16018122,"Philip Abakah","2026-05-29 17:39:23",0.94077,2,philipabakah
2364,15931882,aordaz3,"2026-05-14 22:23:27",0.94071,1,aordaz3
2365,15990064,"Nicholas MacKinnon","2026-05-16 04:38:01",0.94070,2,nicholasmackinnon1
2366,16061940,"Sarthak #2","2026-05-26 18:48:24",0.94069,1,sarthakkkkk167
2367,15913828,Nayeemul_Islam909,"2026-05-09 22:01:35",0.94069,2,nayeemulislam909
2368,15967148,"Anushka Kumari","2026-05-21 09:46:27",0.94068,1,kumarianushka02
2369,16120132,yoru10129,"2026-05-30 14:49:24",0.94065,1,yoru10129
2370,15811910,Subhendu,"2026-05-10 06:06:16",0.94059,5,subhendu
2371,15853658,WatSonw999,"2026-05-05 16:34:31",0.94059,2,phuongtheson
2372,16001113,"fumiya utsuno","2026-05-18 03:02:08",0.94058,2,fumiya326
2373,16091105,"Guangyu Xing","2026-05-31 13:41:04",0.94056,7,russellxing
2374,16030340,"zhuo wamg","2026-05-20 15:24:10",0.94054,2,zhuowamg
2375,15875070,ルート_8,"2026-05-08 09:24:44",0.94053,1,rutoruto8
2376,15996404,"Maan Baria-10","2026-05-17 11:11:30",0.94053,1,maanbaria10
2377,15939188,"Enoch Tan Jeng Sen","2026-05-29 11:43:15",0.94052,1,"elliotk03,enochtanjengsen"
2378,15884115,大卫·戴,"2026-05-13 14:12:06",0.94050,1,"kleinleonardmoretti,wanghy114514"
2379,15872440,"Jinil Prajapati_11","2026-05-11 05:04:41",0.94049,1,jinilprajapati11
2380,15818718,"Ayesha Siddiqua","2026-05-18 17:57:27",0.94048,7,coddy1803
2381,15991321,naogon,"2026-05-26 14:07:44",0.94048,1,naogon
2382,15917275,"Akash Das","2026-05-23 15:33:12",0.94047,3,akashdasad
2383,16023047,Meghshanth,"2026-05-30 12:51:25",0.94046,2,meghshanth
2384,15862515,昏睡考拉,"2026-05-06 14:11:03",0.94037,4,bigsleepykoala
2385,15900219,"Anvar Mukumov","2026-05-30 16:27:07",0.94035,2,anvarmukumov
2386,16136096,"Tanishq Mandowara","2026-05-31 23:25:04",0.94033,5,tanishqmandowara
2387,15841612,"Advait Gupta","2026-05-03 21:54:30",0.94031,2,iambatpool
2388,16108744,"Luigi Scalisi","2026-05-29 12:22:28",0.94031,10,luigiscalisi
2389,15894580,Takuya,"2026-05-08 09:19:02",0.94022,1,jhfkans1823
2390,16063962,bamboo,"2026-05-24 15:08:04",0.94022,1,gitbamboo42
2391,16081407,jesusvivo,"2026-05-31 23:25:38",0.94021,18,jesusvivo
2392,15993848,OrwellNow,"2026-05-17 10:21:14",0.94020,2,orwellnow
2393,15894605,"Sattam Das","2026-05-17 16:33:04",0.94019,1,sattamdas
2394,16114570,"Urad Konstantin","2026-05-30 14:11:42",0.94019,14,uradkonstantin
2395,15916179,"LAKSHMINATH BANDI","2026-05-17 06:12:18",0.94014,1,lakshminathbandi
2396,15915120,"Robert Wlaźlak","2026-05-12 05:04:10",0.94013,12,robertwlalak
2397,15943862,kjh8258916,"2026-05-23 18:37:16",0.93996,6,kjh8258916
2398,15846572,Carsten,"2026-05-20 12:25:55",0.93986,1,carstenborwieck
2399,16010527,Rohith,"2026-05-18 12:47:21",0.93986,1,alpha077
2400,15930038,"KARIMEDDINE ANWAR","2026-05-21 14:36:31",0.93974,18,karimeddineanwar
2401,15919176,"Goutam sharma","2026-05-10 14:02:53",0.93964,1,goutamsharma12
2402,15844293,"Neer SG","2026-05-05 06:37:11",0.93962,5,neersg
2403,15941730,Mikhail123321,"2026-05-12 18:59:31",0.93955,1,mikhail123321
2404,15871610,Muschuang123,"2026-05-06 09:31:07",0.93951,4,muschuang123
2405,16093682,winnie,"2026-05-30 08:19:15",0.93949,2,einniw4201
2406,15810295,Obzngs,"2026-05-22 11:48:59",0.93949,3,obzngs
2407,16111857,Shimanyakko,"2026-05-30 23:53:19",0.93947,1,shimanyakko
2408,16050086,zhuyuelei,"2026-05-23 06:13:32",0.93946,2,zhuyuelei
2409,15868148,PaulLeong,"2026-05-06 04:16:01",0.93943,1,paull71
2410,16117744,"Nguyễn Hoàng Việt 2005","2026-05-30 10:22:03",0.93938,1,nguynhongvit2005
2411,16001176,"Youssef Elebiary","2026-05-17 18:08:12",0.93936,1,youssefelebiary
2412,15980113,dookada,"2026-05-15 06:39:41",0.93933,1,dookada
2413,16059757,yesnewpie,"2026-05-28 01:33:33",0.93931,7,yesnewpie
2414,16097169,SimonLoYU,"2026-05-28 04:22:12",0.93922,2,simonloyu
2415,15875711,LuckyC,"2026-05-07 14:32:57",0.93914,2,wellheykaggle
2416,15837314,"Muhammad Usman Khan","2026-05-13 11:09:58",0.93913,1,usmankhandilzak
2417,15825122,"Vedant Pawale11","2026-05-02 16:13:52",0.93912,1,vedantpawale11
2418,15958674,"Vaishakh Vipin","2026-05-15 08:53:53",0.93909,9,vaishakhvipin
2419,15829852,"Jeremiah Adebayo","2026-05-08 14:26:06",0.93908,3,codehashira
2420,16090981,"Tamanna Bal","2026-05-31 15:59:08",0.93901,1,tamannabal
2421,15820686,"Caine Merrick","2026-05-08 23:02:04",0.93899,6,cainemerrick
2422,15936919,"Aditya Manake","2026-05-30 19:39:23",0.93891,1,adityamanake
2423,15844154,"Zulpadli Syarif","2026-05-27 10:04:59",0.93889,3,zulpadlisyarif
2424,16077710,"Ateeb Rashid","2026-05-29 05:17:34",0.93878,3,ateebrashid
2425,15811538,"Milan Nagy","2026-05-12 16:21:39",0.93875,9,milannagy
2426,16047350,"Ajin P Joseph","2026-05-27 18:50:20",0.93875,3,ajinpjoseph
2427,16007003,mayankrai00300,"2026-05-19 03:11:10",0.93870,3,mayankrai00300
2428,15994430,Богдан,"2026-05-22 05:37:17",0.93869,1,rottencucumberr
2429,15808899,palpawan12,"2026-05-08 17:23:06",0.93866,4,palpawan12
2430,15833056,"Taichi Uemura","2026-05-03 01:16:37",0.93857,1,taichiuemura
2431,16085837,SIHYUNMOON,"2026-05-26 18:35:06",0.93843,3,sihyunmoon
2432,16058074,"Muhammed Koca","2026-05-25 18:17:27",0.93839,2,muhammedkoca
2433,15933303,Edward2026,"2026-05-31 13:34:46",0.93836,1,edward2026
2434,16050738,"Sarvesh Dhond","2026-05-30 21:56:14",0.93834,14,sarveshdhond
2435,16016804,"Yashas Kapoor","2026-05-27 20:38:12",0.93831,3,"gauriii09,yashaskapoor"
2436,16100922,"Gustav Pråmell","2026-05-28 13:46:11",0.93826,1,gustavprmell
2437,15819492,ozzy97,"2026-05-01 23:28:10",0.93823,5,ozzy97
2438,15986199,Lukas,"2026-05-19 14:16:49",0.93822,1,lukab25
2439,16056611,"Nicholas Tedesco","2026-05-26 14:55:48",0.93817,3,nicholastedesco
2440,15962678,"Junghwan Park","2026-05-14 07:15:10",0.93811,1,captainpark90
2441,15921803,lohith23116108,"2026-05-17 04:55:24",0.93810,4,lohith23116108
2442,15864111,rnr,"2026-05-05 17:40:33",0.93808,1,millka
2443,15813569,"Ali Sarp SUNAY","2026-05-17 20:20:37",0.93804,3,alisarpsunay
2444,15930000,"Shivansh Uppal","2026-05-11 19:05:47",0.93799,8,shivanshuppal
2445,15944120,chenbenson27,"2026-05-31 07:23:19",0.93788,11,chenbenson27
2446,16126291,"Вета Соловьева","2026-05-31 14:02:08",0.93786,1,vetaso
2447,15980620,"Rishabh S. Rajawat","2026-05-15 06:21:14",0.93780,1,a1ph4z3r0
2448,16127123,tsukit,"2026-05-31 11:52:00",0.93778,1,koutatat
2449,15828800,niangggg,"2026-05-02 14:50:03",0.93765,1,niangggg
2450,15986847,nguyentr12,"2026-05-31 18:11:11",0.93757,2,nguyentr12
2451,15908402,"Ben Ameur Amin","2026-05-09 14:28:15",0.93745,1,benameuramin
2452,16030011,"Joshua Szenk","2026-05-22 10:25:10",0.93730,11,joshuaszenk
2453,16052773,講師阪南大学,"2026-05-23 00:56:22",0.93722,1,fujiihannan
2454,15841332,"Caio Julio","2026-05-03 20:15:32",0.93717,2,caiojulio
2455,15823997,Bob,"2026-05-02 06:07:05",0.93712,1,robertpatchin
2456,15819781,"Simon Leboucher","2026-05-08 20:23:43",0.93709,4,"leopnt,simonlbcr"
2457,16092875,"Surya Teja Uppala","2026-05-27 16:14:10",0.93696,3,suryatejauppala
2458,16114071,debanik,"2026-05-29 20:28:46",0.93687,1,debanikkk
2459,16028632,"Demian GomezARR","2026-05-20 18:33:51",0.93684,1,demiangomezarr
2460,16018469,"Edmundo Cruz","2026-05-29 20:37:50",0.93668,8,maedcruzsa
2461,16134676,"Tanay Naribole","2026-05-31 20:24:39",0.93658,6,tanaynaribole
2462,15886281,Stardescent,"2026-05-07 12:59:43",0.93652,1,dimas337tum
2463,15975481,"Rushikesh Pandurang Dhumal","2026-05-25 01:31:21",0.93651,11,rushikeshpd
2464,15939687,"Victor Dehon","2026-05-12 15:50:27",0.93648,1,victordehon
2465,15942285,"Andreas Kalogeropoulos","2026-05-31 21:05:37",0.93648,12,andreaskalog
2466,15933975,Mason125,"2026-05-18 09:34:24",0.93645,4,mason125
2467,15898946,Andrey_Only_positive_Vibes,"2026-05-08 16:02:01",0.93643,2,andeyivanov
2468,16057862,"Ruchit Sonawane","2026-05-26 13:04:13",0.93637,1,ruchitsonawane
2469,15923416,"Bayu Dwi Cahyo","2026-05-11 10:10:39",0.93635,1,bayudwicahyo
2470,16131330,Derquieturs,"2026-05-31 09:25:07",0.93628,1,derquieturs
2471,15943639,willy_10.6,"2026-05-31 18:46:10",0.93628,13,willy106
2472,15875915,"Frank Chuka","2026-05-07 12:24:13",0.93625,1,frankchuka
2473,16090889,"Daniel Černý","2026-05-27 10:20:02",0.93622,1,danielern72
2474,16073836,fanbie666,"2026-05-31 13:11:05",0.93612,4,fanbie666
2475,16073911,"Jerry Gong","2026-05-25 14:41:01",0.93608,1,jerrygong998
2476,15837002,chimtodan,"2026-05-05 18:35:52",0.93601,3,chimtodan
2477,15813216,"Veerendra A","2026-05-10 20:15:10",0.93594,4,veerendraa
2478,15987378,"Cameron Turner","2026-05-27 16:56:59",0.93576,2,cameronturner1923
2479,15822911,Harry66666,"2026-05-03 01:55:45",0.93576,17,harry66666
2480,15813153,"Shreeya Shah","2026-05-05 06:47:31",0.93573,1,shreeyashah
2481,15807660,"Ryan Bailey","2026-05-31 04:23:03",0.93571,1,ryjb93
2482,16001610,"Andrew #3","2026-05-30 13:42:03",0.93551,6,andrew727
2483,15829632,zidan-ruan,"2026-05-22 10:42:18",0.93541,2,zidanruan
2484,15927011,中村雅美,"2026-05-11 11:45:45",0.93538,1,masami1029
2485,15999760,Rohïth,"2026-05-22 11:09:32",0.93529,2,reddyrohith
2486,16074257,るりぬいさんの工房,"2026-05-26 22:08:07",0.93527,2,katamen
2487,15838067,ilethe,"2026-05-31 11:45:17",0.93521,1,ilethe
2488,15881232,herok0809,"2026-05-09 05:58:29",0.93520,4,herok0809
2489,16043036,"Gale XU","2026-05-22 11:07:49",0.93517,2,"galexu,yueyunchen,zengqianyu123"
2490,15886712,qqqaaavvv,"2026-05-27 23:18:46",0.93517,8,qqqaaavvv
2491,15873284,"Mark Nguyen","2026-05-20 18:42:20",0.93515,4,marknguyen02
2492,15838047,Codi-Nix,"2026-05-25 13:59:08",0.93513,10,codinix
2493,16055666,spyke7,"2026-05-24 11:08:43",0.93512,1,spyke7
2494,15825297,VinayPal0104,"2026-05-05 05:03:58",0.93496,2,vinaypal0104
2495,16101636,"Лосева Полина","2026-05-28 15:10:21",0.93490,1,doormamukaggle
2496,16116711,sangpx,"2026-05-30 05:55:16",0.93487,1,sangpx
2497,15922289,"Jackson North","2026-05-10 22:33:05",0.93477,1,jacksonnorth
2498,15995567,RyanW700623,"2026-05-17 14:41:43",0.93476,1,ryanw700623
2499,15866898,IMOBxxx,"2026-05-09 19:00:26",0.93457,2,imobxxx
2500,16019565,"Fikri Okto Setiadi","2026-05-19 09:35:27",0.93450,4,fikrioktos
2501,16057914,"Isaac Menard","2026-05-23 17:08:03",0.93447,3,isaacmenard
2502,16092100,chinesejedward,"2026-05-30 15:48:55",0.93445,3,chinesejedward
2503,15815618,Wen003,"2026-05-01 17:03:50",0.93402,2,wen003
2504,15982010,"Somya Mangal","2026-05-22 11:00:25",0.93399,5,somyamangal
2505,16046078,Eason242,"2026-05-23 09:52:56",0.93395,4,eason242
2506,15809583,"Vishesh Banna","2026-05-01 09:21:24",0.93366,1,visheshbanna
2507,15811188,liulichiwen,"2026-05-31 07:32:48",0.93354,8,liulichiwen
2508,16057944,"Petar Petrov","2026-05-23 17:50:58",0.93351,3,petarpepi
2509,15979482,tyddlsnsk,"2026-05-31 22:58:55",0.93342,22,tyddlsnsk
2510,16043050,"Tamer Physics","2026-05-23 21:02:23",0.93331,1,tamerphysics
2511,15987484,Aniket_Verma,"2026-05-15 19:14:44",0.93322,5,aniketkiller
2512,16002928,"Bharti Rajora","2026-05-31 18:07:02",0.93318,2,bhartirrajora
2513,15833475,xia0910,"2026-05-15 08:13:46",0.93304,6,xia0910
2514,16097839,thinkrunner,"2026-05-30 06:45:44",0.93294,3,thinkrunner
2515,16082805,"Yashpalsinh Thakor","2026-05-26 11:56:04",0.93281,1,yashpalthakor
2516,15808099,"Tsyban Valery","2026-05-01 10:03:24",0.93267,1,tsybanvalery
2517,15818968,"hisa koro","2026-05-04 22:49:38",0.93257,3,hisakoro
2518,15891265,S.Domain,"2026-05-10 01:30:26",0.93245,5,sdomain
2519,16105071,MyGO,"2026-05-29 03:24:20",0.93228,6,chunjianglong
2520,16091440,"Gagandeep Gambhir","2026-05-31 08:17:53",0.93204,1,gagandeepgambhir2
2521,15847518,"Kartik 0_0","2026-05-06 09:38:44",0.93201,10,kartik00
2522,15919774,"Navjot Singh \]qh","2026-05-13 08:30:41",0.93201,2,navjotsinghqh
2523,15988328,"Jason Christopher","2026-05-25 17:54:41",0.93189,2,jchristopher2448
2524,16031665,Yuvraj,"2026-05-21 21:55:07",0.93150,2,j4m4lj
2525,15989086,"Luis Eduardo Ribeiro Freitas","2026-05-27 09:46:41",0.93148,5,"gabrielbelo87,luiserf"
2526,15841434,"Matthieu Hoarau","2026-05-08 13:28:55",0.93144,2,matthieuhoarau
2527,15869839,"Ho Tuan Dat","2026-05-06 12:14:29",0.93140,6,dzhoz0
2528,16081632,codersnowball,"2026-05-27 10:44:35",0.93130,2,codersnowball
2529,16085773,gscanavini,"2026-05-31 19:08:11",0.93106,1,gscnavi
2530,16057124,"Evan Shareef","2026-05-27 07:57:55",0.93080,1,evanshareef
2531,15994263,"Simakin George","2026-05-16 19:15:20",0.93076,1,simakingeorge
2532,16067893,"Алексей Соболев","2026-05-28 12:39:09",0.93074,26,workharder1
2533,16055685,"Zubaira Maimona","2026-05-25 16:54:54",0.93067,2,itszubi
2534,15924668,hhhmins,"2026-05-11 09:26:04",0.93039,1,hhhmins
2535,15919883,yokatan,"2026-05-15 07:14:58",0.93020,4,yokatan
2536,15885327,"Rohit kumar211987","2026-05-07 11:37:20",0.93018,1,rohitkumar211987
2537,15950423,cc311252,"2026-05-13 16:58:00",0.93013,1,calebchandrasekar
2538,15969665,"Adithya Sau","2026-05-14 11:30:10",0.93013,1,sauinho
2539,16057318,"George Wang","2026-05-23 15:03:16",0.93013,1,georgewang33
2540,15923233,黄杰勇16,"2026-05-28 06:51:05",0.93013,10,jack2416
2541,16030393,"Nimsara Dharmasiri","2026-05-20 09:01:53",0.92994,4,nimsarad
2542,15809561,"23DCE104 Zaid Saiyed","2026-05-04 17:50:34",0.92979,1,zaidsaiyed2703
2543,15812890,"Chris X","2026-05-28 14:13:39",0.92979,4,docxian
2544,15881034,TD,"2026-05-27 08:03:03",0.92979,9,tode111
2545,16047165,"Subhobrata Dey","2026-05-24 01:16:35",0.92977,1,sbcd90
2546,16001265,"Asjal Khan","2026-05-19 15:35:42",0.92937,1,asjalkhan1
2547,15878102,wekey,"2026-05-07 15:43:26",0.92934,3,wekey6
2548,15973457,"Kevin Li","2026-05-30 14:29:50",0.92928,5,kevinboli
2549,15985028,tsapuanq,"2026-05-18 13:34:30",0.92923,4,sapuantalaspay
2550,15852149,"Ryan Giberson","2026-05-06 03:16:44",0.92911,1,ryangiberson
2551,16002312,wzf666666,"2026-05-18 05:03:04",0.92895,1,wzf666666
2552,16085985,"Samuel Davin Soegianto","2026-05-30 06:30:36",0.92890,1,samueldavinsoegianto
2553,15926519,"[RU] sponish_flea","2026-05-11 10:30:56",0.92861,3,sponishflea
2554,15980149,"Christine Huang","2026-05-15 05:37:09",0.92844,3,c12huang
2555,15873267,"Praneel Maitra","2026-05-14 11:10:52",0.92821,8,praneeel
2556,15809091,"Ekaterina Voropanova","2026-05-03 15:44:08",0.92814,7,voropanovae
2557,16115734,Shuai0103,"2026-05-30 03:35:00",0.92810,2,shuai0103
2558,16092012,"Zalán András Szörényi","2026-05-27 17:56:50",0.92742,2,zalnandrsszrnyi
2559,15816762,DCJ,"2026-05-02 07:53:06",0.92741,4,demelcjohn
2560,16066236,"Filip Bočinec","2026-05-25 12:48:36",0.92735,5,filipboinec
2561,15921664,"Swarn shekhar00101","2026-05-22 13:31:58",0.92726,1,swarnshekhar00101
2562,16006710,"Ryan Shan","2026-05-19 06:14:28",0.92723,3,codegold
2563,15854098,"muhammad Faizan","2026-05-24 11:53:08",0.92693,3,mfmasood
2564,15911190,"Gabriel Aguiar Gomes","2026-05-09 14:42:21",0.92680,1,gabrielaguiargomes
2565,15879738,"Gabriel Aguiar Leao","2026-05-13 23:07:28",0.92680,3,gabrielaguiarleao
2566,16042693,rhlorite,"2026-05-21 15:26:34",0.92610,5,rogehernandez
2567,16136889,"Mason Cao","2026-05-31 22:56:58",0.92574,4,mzcao7
2568,15836224,"Astitwa Agarwal","2026-05-03 16:07:55",0.92531,2,astitwaagarwal
2569,15977012,shyngyrda23892178,"2026-05-14 20:24:21",0.92509,1,shyngyrda23892178
2570,15845847,"Rohit bhagat","2026-05-04 17:12:42",0.92483,1,relix18
2571,15994185,"GALUKA RAMADHAN MUMIA","2026-05-16 12:37:33",0.92454,1,muhammedbaya
2572,15838850,hotaq,"2026-05-11 07:27:51",0.92452,2,chinnaphatkhun
2573,15982724,"Mertcan Kara","2026-05-18 11:59:48",0.92444,1,mertcankara1
2574,16102820,"Egor Gorshenckov","2026-05-30 20:26:10",0.92427,12,egorgorshenckov
2575,15818010,"Mohitraj Rathor","2026-05-02 17:14:33",0.92405,2,mohitrajrathor
2576,16089716,"johnnny silverhand","2026-05-31 04:47:32",0.92341,12,johnnnysilverhand
2577,16019957,dingxy123,"2026-05-27 08:31:02",0.92280,2,dingxy123
2578,16099148,z~,"2026-05-28 10:36:47",0.92280,1,mingbiaoliu
2579,15936637,LokiKumarM,"2026-05-27 13:00:34",0.92244,4,lokikumarm
2580,15828379,"Srikar Uppuluri","2026-05-31 15:11:57",0.92227,1,srikaruppuluri
2581,15932561,"Wesley Oliveira","2026-05-13 18:32:12",0.92188,3,wfoliveira
2582,16107925,"Yang Wenxuan2","2026-05-29 07:21:00",0.92181,1,yangwenxuan2
2583,15871530,"MUHAMMED MUHYUDHEEN T","2026-05-31 06:59:52",0.92165,1,muhammedmuhyudheent
2584,15857366,"Sanjarbek Ikromov","2026-05-08 01:51:42",0.92129,3,sanjarbekikromov
2585,15818327,"Anant Singh","2026-05-25 18:43:23",0.92078,5,theflyingcow
2586,16044613,"Natalia Florek","2026-05-26 13:23:35",0.92074,4,nataliaflorek
2587,15934449,"Nitish Pandey02","2026-05-13 01:30:50",0.91991,1,nitishpandey02
2588,15937458,sinanKr,"2026-05-14 12:55:51",0.91945,1,sinankr
2589,16104086,"Pratik Shendarkar","2026-05-29 01:22:22",0.91869,4,pratikshendarkar
2590,16060132,returnhanamaru,"2026-05-27 23:33:33",0.91864,9,returnhanamaru
2591,15859479,Sage,"2026-05-05 10:32:04",0.91840,1,janus137
2592,15811507,"Ayse Payci","2026-05-07 12:46:03",0.91765,7,ayepayc
2593,15907186,PsayaP,"2026-05-31 05:31:38",0.91755,6,psayap
2594,15992112,Nolan_f1_Vegas,"2026-05-24 05:07:00",0.91690,3,nolanyumiaco
2595,16005096,"Thanat Jetawattana","2026-05-18 18:07:11",0.91607,5,thanatjetawattana
2596,15834727,RMCabato,"2026-05-06 02:49:45",0.91463,11,rmcabato
2597,15974296,"Hopeful Creative","2026-05-15 13:13:16",0.91436,4,hopefulcreative
2598,15987443,"stepa aa","2026-05-16 16:25:30",0.91363,2,stepaaaaa
2599,15850362,PavanKumarVattikuti,"2026-05-06 08:58:41",0.91328,1,pavankumar960
2600,16036659,allyn,"2026-05-21 18:06:22",0.91296,4,allynloyd
2601,15888850,Aroop,"2026-05-24 11:34:42",0.91202,3,aroopverma
2602,15820653,"Shin Tomura","2026-05-08 02:05:08",0.91183,3,shintomura
2603,16035953,Martin3097,"2026-05-22 03:02:55",0.91160,1,martinleyva
2604,15905733,"Zhuoqun Liu","2026-05-10 08:50:59",0.91021,3,zhuoqunl
2605,16091239,"Thota Harshitha 4-Yr B.Tech.: Civil Engg., IIT(BHU)","2026-05-30 09:10:09",0.91003,2,thotaharshitha2005
2606,15815684,GeZhongpa,"2026-05-02 13:48:21",0.90938,3,gezhongpa
2607,15838351,"Praxitelis Ntokos","2026-05-29 18:43:26",0.90816,2,praxitelisntokos
2608,15811632,"Mohammad Ayan Syed","2026-05-20 16:44:30",0.90800,13,mohammadayansyed
2609,15862859,"Nandni Srivastava","2026-05-11 17:32:45",0.90669,1,nandnii
2610,16083818,Y.Gagarin,"2026-05-26 15:58:52",0.90336,1,ygagarin
2611,15921860,David130998,"2026-05-26 06:50:42",0.90250,1,david130998
2612,16041709,kenma,"2026-05-22 17:50:58",0.90139,1,kentamasu
2613,16038416,"Wenxiao Yin","2026-05-21 05:19:51",0.90098,1,wenxiaoyin
2614,15836893,mh3891,"2026-05-03 11:26:10",0.89948,1,mh3891
2615,15919922,"Higuchi Kenji","2026-05-31 03:10:37",0.89844,1,higuchikenji
2616,15917226,"Sreeja Jalagam","2026-05-10 17:44:23",0.89802,1,sreejajalagam
2617,15905119,"Fabio Solorzano","2026-05-11 06:14:42",0.89795,18,fabiosolorzano
2618,15877991,Lucassouzameirelles,"2026-05-20 13:17:01",0.89718,2,lucassouzameirelles
2619,16063185,"Ryder Huang","2026-05-24 14:32:50",0.89256,1,ryderhuang2011
0,15721809,baseline_submission.csv,"2026-04-23 17:52:10",0.88989,1,
2620,15832682,koupen,"2026-05-25 23:38:30",0.88846,1,koupen13
2621,15832654,"Reza Behzadfard","2026-05-16 19:53:15",0.88428,30,rezabehzadfard
2622,15950197,"Om Dhamal","2026-05-27 16:01:42",0.88371,13,omdhamal
2623,16060141,田原優平,"2026-05-30 22:32:29",0.88331,20,borscht87
2624,15826932,ankhanh2305,"2026-05-03 15:36:36",0.88309,2,ankhanh2305
2625,15942062,"João Pedro Mamede Dias","2026-05-15 20:47:56",0.88225,22,joaopedromamededias
2626,15997472,"Nan Wang","2026-05-17 12:16:13",0.88224,2,nanwang88888
2627,15963192,"Daniel Magero Mugulo","2026-05-18 06:31:22",0.88179,19,danielmageromugulo
2628,15971227,"Haydar Yılmaz","2026-05-14 16:18:32",0.88166,1,haydarylmaz
2629,16041344,"VAIBHAV HALDIA","2026-05-22 22:47:14",0.88145,2,vaibhavhaldia
2630,15892457,TJrabo,"2026-05-15 04:47:35",0.88140,8,tjrabo
2631,15916666,"Anant Shri","2026-05-16 16:15:48",0.88128,2,anantshri1
2632,15997463,TheNullHunter,"2026-05-26 17:36:01",0.88115,9,thenullhunter
2633,16133179,"Ashish C","2026-05-31 17:39:04",0.88109,7,ashish0405
2634,15884359,QianQiu,"2026-05-21 03:40:55",0.88092,24,fenggaoyang
2635,15846297,Babblu,"2026-05-14 10:16:50",0.88073,1,babblu123
2636,15937385,shanaka95,"2026-05-29 19:52:16",0.88057,10,shanaka95
2637,15912951,"ABeer Al-Zebda","2026-05-26 06:53:07",0.88054,38,abeeralzebda
2638,15839389,"Narasimha A","2026-05-23 09:13:39",0.88040,1,narasimha137
2639,16030740,"TRR AFLF","2026-05-20 11:40:07",0.88027,1,trraflf
2640,15818357,JoeHIll6,"2026-05-12 19:10:59",0.88020,1,joehill6
2641,15823405,luciferb,"2026-05-03 14:17:44",0.88020,11,luciferbv
2642,15850214,Eltormtace,"2026-05-23 10:12:56",0.88003,16,"eltormtace,yongqiangtian"
2643,16039232,icecream877,"2026-05-21 05:57:51",0.87999,1,icecream877
2644,16104764,"jessica Lan","2026-05-30 07:55:19",0.87998,9,yuuujiss
2645,15971725,MeetHDand,"2026-05-15 08:55:50",0.87993,10,meethdand
2646,15859103,PiniPanda,"2026-05-05 19:04:07",0.87975,3,pinipanda
2647,16069281,notguava,"2026-05-29 09:52:22",0.87962,12,notguava
2648,15834453,NHANGIOI,"2026-05-04 09:31:29",0.87921,2,nhangioi
2649,15899700,"mahideep nagireddi","2026-05-14 15:32:44",0.87912,6,mahideepnagireddi
2650,15875671,"Gene Luo","2026-05-13 14:23:17",0.87902,2,geneluo
2651,15827683,codexbhawesh,"2026-05-17 07:22:42",0.87900,5,codexbhawesh
2652,16065737,"Aryan Kumar","2026-05-28 06:49:09",0.87890,5,aryankumar0011
2653,15946216,"SAWRAWIT CHAIRAT","2026-05-29 09:23:31",0.87872,6,auoosawrawit
2654,15959034,"SharvinVJ 23BAI1510","2026-05-14 07:59:16",0.87858,2,clusterzord
2655,15832677,kgmuzu,"2026-05-03 20:04:45",0.87857,5,kgmuzu
2656,15992601,"Rishi Ankathi","2026-05-16 10:07:02",0.87855,1,rishiankathi
2657,15960446,"Yoshiyuki Hongoh","2026-05-14 05:30:44",0.87841,1,yoshiyukihongoh
2658,15883939,"Koushik Sripathi","2026-05-16 07:03:06",0.87830,6,koushiksripathi
2659,16040853,ジャスミン,"2026-05-21 19:09:14",0.87794,8,jasminejaff
2660,15841860,reflexxyz,"2026-05-04 20:15:56",0.87752,11,reflexxyz
2661,15894992,Aman,"2026-05-08 14:21:49",0.87749,1,amanfaa
2662,15942314,Ro4410,"2026-05-12 22:02:48",0.87728,4,rohansaran
2663,15895806,"ARNAV PATHAK","2026-05-28 18:46:33",0.87709,5,arnavpathak04
2664,15934755,"Mritunjoy Hazra","2026-05-12 16:03:53",0.87700,4,mritunjoyhazra
2665,15822087,lacey-zhou,"2026-05-02 09:29:50",0.87700,10,laceyzhouuu
2666,15866371,HyperDevs,"2026-05-07 18:33:48",0.87693,9,"meghanalingala28,tmanaschakravarty06"
2667,15918403,"Mahindra Ram pathuri","2026-05-14 06:15:40",0.87684,1,mahindrarampathuri
2668,16090922,"Óčko Tajný","2026-05-28 08:26:55",0.87680,2,kotajn
2669,15833658,"Vik Adipudi","2026-05-07 17:46:07",0.87673,16,vadipu
2670,15912839,ayushi,"2026-05-10 17:48:38",0.87673,4,ayushi3732
2671,15875408,"Chin Li-Loong","2026-05-31 06:09:12",0.87666,9,chinliloong
2672,15919846,Peacefullllllmind,"2026-05-31 14:56:04",0.87649,2,peacefullllllmind
2673,15939449,"Aman Ahmad","2026-05-13 12:42:09",0.87618,4,amanahmad786
2674,16039226,"Bhimani Bhavik","2026-05-21 06:41:34",0.87597,1,bhimanibhavik
2675,16061480,"Govind Rajeesh","2026-05-26 15:46:35",0.87546,3,govindrajeesh
2676,15823915,VeddeV,"2026-05-30 18:50:48",0.87544,35,vedant0928
2677,16059697,KK_nut,"2026-05-28 23:50:28",0.87532,11,k0k0nut
2678,16128985,"Rapolu Syamanth ","2026-05-31 16:57:43",0.87507,5,rapolusyamanth
2679,16000376,DeveloperCode,"2026-05-17 12:38:05",0.87479,3,devloperlaptop
2680,16076597,xy,"2026-05-25 22:51:52",0.87474,4,xiaochuanyang
2681,15865108,"DAWLAGAR SIDDARTH","2026-05-14 19:20:40",0.87465,4,dawlagarsiddarth
2682,15926444,"Mateusz Michalski","2026-05-27 20:55:36",0.87446,4,blackgooseberry
2683,15868457,"Krishnan CS","2026-05-16 03:31:51",0.87407,22,krishnanchathadi
2684,15839741,FMDKGMPKG,"2026-05-03 16:02:43",0.87373,2,fmdkgmpkg
2685,15857629,fmk2226,"2026-05-24 22:15:42",0.87371,18,fmk2226
2686,16003751,"Youssef Mohamed Salem","2026-05-19 04:02:00",0.87359,10,youssefmohamedsalem
2687,16111887,"Koo Namseok","2026-05-31 22:44:07",0.87350,3,koonamseok
2688,15992586,chienyuchen0725,"2026-05-28 06:09:39",0.87282,6,chienyuchen0725
2689,16109243,"Jonathan Leaver","2026-05-29 15:31:18",0.87159,1,jonathanleaver
2690,15840031,"Mohamed Abderrahmani","2026-05-31 18:10:54",0.87153,1,mohamedabder
2691,15837805,Yanagiguchi,"2026-05-15 14:42:32",0.87126,1,xenosmilus
2692,15811017,吉久真白,"2026-05-07 06:47:55",0.87118,6,mashiro0605
2693,16025772,"Sean M. Lim","2026-05-19 17:20:03",0.87105,2,seanmlim
2694,15807494,"nikolaou nikolaou","2026-05-07 10:42:49",0.87105,15,nikolaounikolaou
2695,15893510,"Katsutaka Sakimori","2026-05-09 14:20:27",0.87099,1,katsutakasakimori
2696,15889930,"Niyath Nair","2026-05-07 21:12:42",0.87092,2,niyathnair
2697,15916843,"Robert Ding","2026-05-31 23:55:56",0.87035,3,robertding
2698,15841929,z4k4ri4,"2026-05-04 18:04:39",0.86972,7,z4k4ri4
2699,15927304,eitherkatsway,"2026-05-15 14:33:37",0.86952,2,eitherkatsway
2700,15813539,"Shubham Patidar","2026-05-10 02:21:52",0.86951,2,shubhamdecode
2701,15876630,"Fanse Rudraksh","2026-05-07 10:26:49",0.86845,7,fanserudraksh
2702,15813590,Sash,"2026-05-23 19:28:34",0.86766,4,sa4444
2703,15861523,"Joshua Britz","2026-05-05 14:43:37",0.86757,5,joshuabritz
2704,15816044,"Josh Cargill","2026-05-20 15:55:16",0.86727,1,joshcargill
2705,15937490,gsiowchuen,"2026-05-12 10:43:57",0.86683,1,gsiowchuen
2706,15972514,Ashish,"2026-05-15 13:51:43",0.86660,2,ashishsahu0001
2707,15997363,ManasMishra03,"2026-05-18 19:33:06",0.86649,5,manasmishra03
2708,16135422,twodrag,"2026-05-31 23:42:17",0.86643,7,twodrag
2709,16135547,"Sunil Kappal","2026-05-31 18:04:01",0.86628,1,skappal7
2710,16095437,"sai venkat teja","2026-05-28 18:19:48",0.86625,5,saivenkatteja
2711,15828262,"Krish Sandhu","2026-05-02 13:34:52",0.86518,1,krishsandhu
2712,15916521,ZeloFxne,"2026-05-17 22:30:00",0.86504,1,zeloxne
2713,16086658,"Soltan Dzhasheev","2026-05-26 21:34:35",0.86501,1,jashelar
2714,15896250,"Tivaniuk Evgenie","2026-05-09 07:58:29",0.86499,3,tivaniukevgenie
2715,16024188,"Ahmad Aditya Ar Rasyid","2026-05-21 10:15:35",0.86477,2,lambatanjay
2716,15873621,"Dogeol Lee","2026-05-09 07:29:49",0.86464,1,dogeollee
2717,15810077,"Rajnandan Mishra","2026-05-06 19:29:44",0.86433,3,rajnandanmishra
2718,15938477,Ioulia,"2026-05-14 08:55:26",0.86429,3,iouliafl
2719,16119959,ShamsherGrewal,"2026-05-31 17:52:32",0.86413,2,shamshergrewal
2720,15923139,"Ethan Yong","2026-05-27 14:31:50",0.86389,6,ethanyongggg
2721,16092887,greekks,"2026-05-28 11:27:12",0.86351,2,greekks
2722,15808517,"Avinash Changrani","2026-05-01 09:38:35",0.86338,3,nabobery
2723,15853141,"Aiden Fine","2026-05-19 22:52:52",0.86318,3,aidenfine67
2724,15820678,pisiks,"2026-05-05 22:36:55",0.86315,4,pisiks
2725,15968096,"Patrick Newman","2026-05-16 01:22:01",0.86293,1,patricknewman2
2726,15902651,"Carlos Fernandez","2026-05-12 16:28:39",0.86263,2,carlosfernandezgon
2727,15835038,YashPathak0409,"2026-05-25 07:23:29",0.86232,1,yashpathak0409
2728,15934239,"Yuvraj Bhatkariya","2026-05-25 16:05:14",0.86228,11,yuvrajbhatkariya
2729,15916107,"Kaustav Roy Chowdhury","2026-05-10 15:20:01",0.86177,4,kaustavroychowdhury
2730,16052113,"Kimaya Kulkarni","2026-05-22 21:14:02",0.86148,1,kimayak
2731,15882936,kurf18,"2026-05-23 11:42:55",0.86124,1,kurf18
2732,15869947,"Amirah Huda","2026-05-11 09:19:46",0.86079,1,myrazd
2733,15815145,"Matsu Hi","2026-05-17 13:06:55",0.86068,2,matsuhi
2734,16064781,"MIKHABEBE I LOVE YOU","2026-05-24 20:02:24",0.86049,1,andinabilsafaraz
2735,15973594,"Emile Sassine","2026-05-30 22:49:47",0.86035,1,emilesassine
2736,15985480,Chandrashekar,"2026-05-18 13:59:24",0.86021,1,hermitsays
2737,16108727,"Anna Kotelevych","2026-05-29 15:17:34",0.85966,7,annakotelevych
2738,15935804,"Alejandra Curbelo","2026-05-25 03:59:01",0.85941,5,alejandracurb
2739,16062863,"Chillal Yash","2026-05-26 06:00:06",0.85920,2,chillalyash
2740,15982333,"Sanjeev Thakur","2026-05-29 17:02:04",0.85912,15,sanjeevthakur2024
2741,16114716,2025_蔡睿澤,"2026-05-29 23:17:20",0.85902,4,richaaad
2742,16109566,"Sarthak Goyal","2026-05-29 10:49:03",0.85867,1,sarthak0156
2743,15985888,"SOUPTIK DEY","2026-05-25 17:31:14",0.85843,8,souptik22fiitbs
2744,16002574,"Takuya #2","2026-05-17 13:56:55",0.85816,2,takuya07
2745,16107597,"SUMIT SRIMANI","2026-05-31 18:15:49",0.85784,4,sumitsr
2746,16070207,kerrettt,"2026-05-25 08:40:42",0.85753,2,kerrettt
2747,15838959,"Sparsh Saxena","2026-05-19 18:02:18",0.85710,6,sparsh3649
2748,15974052,Usopked,"2026-05-25 23:45:41",0.85702,1,usopked
2749,16125063,"Justin Wei (chetocheese1821)","2026-05-30 20:02:49",0.85696,4,chetocheese1821
2750,16005566,"Ansh Vahinipati","2026-05-18 10:15:43",0.85531,2,anshvahinipati16
2751,16095679,"Omar Elfadaly","2026-05-31 07:03:31",0.85498,2,omarelfadaly
2752,15893059,"Brian Wimart","2026-05-08 09:06:06",0.85442,1,brianwimart
2753,16128705,"Liana Graham","2026-05-31 07:41:26",0.85433,2,lianagragam
2754,16098946,"Vibhav Kaushik","2026-05-29 10:43:11",0.85366,2,vibhavkaushik
2755,15811233,SurajSingh,"2026-05-31 21:21:36",0.85255,1,surajsingh
2756,16101047,lhg0113,"2026-05-31 17:42:32",0.85252,2,lhg0113
2757,15900966,"Shushan Hovhannisian","2026-05-09 12:46:25",0.85235,2,shushanhovhannisian
2758,15828249,"Ui Shigure","2026-05-02 13:12:07",0.85232,1,yukioishidayoo
2759,15838178,"Tenderfoot Zhang","2026-05-03 12:46:23",0.85226,1,tenderfootzhang
2760,15941310,"Fedir Baltsun","2026-05-14 09:42:22",0.85141,4,fedirbaltsun
2761,15984000,"Teodor Otkovic","2026-05-15 11:51:10",0.85097,1,teodorotkovic
2762,15897986,"Yehor Abrosimov","2026-05-12 14:40:53",0.85063,15,egorstudies
2763,15816516,"Eric Ekholm","2026-05-01 15:31:34",0.84939,1,ekholme
2764,15821345,"kudom Kouhh","2026-05-02 00:53:05",0.84870,3,kudomkouhh
2765,15882186,Mahesh1718,"2026-05-12 15:22:52",0.84751,1,mahesh1718
2766,15918092,LR.Active,"2026-05-10 13:51:54",0.84726,3,lractive
2767,16066772,"Daniel Yi","2026-05-31 14:30:55",0.84385,1,liminalityyy
2768,15809869,"shajid ali khan","2026-05-02 07:04:27",0.84175,2,shajidalikhan
2769,16031609,"Aliyah Bello","2026-05-20 23:02:18",0.84056,1,aliyahbello
2770,15945823,"Dhamudi Dev","2026-05-13 12:02:59",0.84004,2,dhamudidev
2771,15860074,Sapna,"2026-05-30 18:07:28",0.83980,11,sapna7
2772,15880207,brette_an,"2026-05-26 13:50:33",0.83978,1,brettean7
2773,15948977,"Anandhi Nallaganti","2026-05-13 15:22:07",0.83824,1,anandhinallaganti
2774,15889462,"Erik Geghamyan","2026-05-09 12:57:00",0.83813,3,erikgeghamyan
2775,16094336,"Jack Ib","2026-05-28 01:47:28",0.83811,1,jackib
2776,16072814,"Lukas Strack","2026-05-25 13:39:22",0.83724,1,lukasstrack
2777,15976009,"Cyber Maphian","2026-05-16 05:06:38",0.83688,2,abdullahisunday
2778,15906222,SFJ-san,"2026-05-27 09:14:09",0.83643,2,sfjsan
2779,15805666,shinorin,"2026-05-21 07:32:54",0.83638,9,shinorin
2780,16107904,"Zhou Yajun","2026-05-29 07:21:17",0.83590,1,zhouyajun
2781,15833879,"Shoyb Hasan","2026-05-23 12:15:16",0.83539,8,shoybhasan
2782,15857713,"Vincentius Leonanda Prabowo","2026-05-17 16:05:28",0.83509,4,vincentius1013
2783,15851752,Erik.M,"2026-05-13 08:14:13",0.83509,1,harharharhar
2784,15896684,locomo2022,"2026-05-08 13:15:42",0.83493,2,locomo2022
2785,16098495,"Vigneshwaran S","2026-05-28 08:33:30",0.83466,5,vigneshwaransundar
2786,15819058,Sarthak,"2026-05-08 18:09:12",0.83438,2,sarthak914
2787,15916015,Reisen074,"2026-05-10 07:32:44",0.83438,1,reisen074
2788,15847678,"Tien Thang Mai","2026-05-30 13:38:15",0.83435,5,tienthangmai
2789,15842625,hskz1125,"2026-05-05 07:30:13",0.83431,2,hskz1125
2790,16005643,"Md Anwar Hossen","2026-05-21 09:23:51",0.83424,10,anwar53
2791,15859453,"Ali Akbar","2026-05-19 19:21:33",0.83416,6,syedaliakbar110
2792,15894296,Ramkumar4240,"2026-05-08 10:21:00",0.83411,2,ramkumar4240
2793,16087955,"Mohammed junaith sulthan j","2026-05-27 03:28:01",0.83381,4,junaith2006
2794,15845113,Wendy_Zhou666,"2026-05-04 07:22:01",0.83366,1,wendyzhou666
2795,16007739,"Gaurav Pathak","2026-05-22 17:19:43",0.83353,2,gauravpathakml
2796,15977035,mrtorgash,"2026-05-31 23:36:35",0.83332,6,mrtorgash
2797,15885851,"Shubh Srivastava","2026-05-13 05:25:18",0.83331,1,shubh7608964875
2798,15832334,Achilov15,"2026-05-03 14:01:23",0.83321,5,achilov15
2799,15814443,"Sinh Nguyễn Đức","2026-05-01 14:00:08",0.83316,2,sinhnguync
2800,16025056,DIVYANSHI22IOT,"2026-05-20 14:23:42",0.83310,3,divyanshi22iot
2801,15850286,kJenxx,"2026-05-18 13:56:54",0.83305,4,kjenxx
2802,15807168,"jevil savani","2026-05-21 11:15:17",0.83258,6,jevilsavani
2803,16036353,"Utkarsh Raj ","2026-05-27 11:01:54",0.83257,2,utkarshraj23
2804,15838577,"ZUBAYER ISFAR","2026-05-08 14:44:52",0.83235,2,jubayerisfar
2805,16056416,"Furkan Eren Kumcu","2026-05-25 13:17:47",0.83222,1,furkanerenkumcu
2806,15890443,"Hue Chau","2026-05-23 16:25:27",0.83222,3,huechau
2807,16071423,Hrach555,"2026-05-25 09:48:21",0.83222,1,hrach555
2808,15984532,"RAHUL A7237","2026-05-22 04:04:03",0.83218,7,rahula7237
2809,16041652,"Фёдор Алифанов","2026-05-21 15:42:03",0.83217,2,psychocoderxd
2810,15893932,"Saurab Godse","2026-05-08 07:51:56",0.83204,1,godsesaurab
2811,16056333,"sugi 172","2026-05-24 14:30:28",0.83200,8,sugi172
2812,15827491,"Gloire Bisimwa","2026-05-11 04:10:46",0.83195,2,gloirebisimwa
2813,15949485,"Dhruv Gupta","2026-05-26 05:08:49",0.83178,1,dhruvgupta2809
2814,15877477,Gregoooh,"2026-05-31 11:13:41",0.83169,18,gregoooh
2815,15999796,"Piyush Kumar","2026-05-17 09:35:54",0.83159,1,piyushkumar371
2816,16043996,saiakshay987,"2026-05-22 07:17:35",0.83154,3,saiakshay987
2817,16023466,"Rahul Sutradhar","2026-05-23 15:26:36",0.83132,6,rahulsdhar51
2818,15897925,SebKay,"2026-05-08 13:59:57",0.83131,4,sebkay
2819,16001158,荔蛤蝦給我,"2026-05-17 10:24:30",0.83129,4,azq0828
2820,15959118,"Ahmed Mohamed Galal","2026-05-14 16:51:57",0.83121,2,ahmed12998
2821,16116782,dev,"2026-05-31 21:05:39",0.83094,3,devjaneshbhaskar
2822,16103245,Srinija,"2026-05-30 13:19:22",0.83079,3,madisrinija
2823,15821776,"gabriel buchhorn","2026-05-13 23:01:23",0.83069,2,gabrielbuchhorn
2824,15811620,Eito21,"2026-05-08 12:50:55",0.83064,6,eitohoshino
2825,15852436,Samvel,"2026-05-25 13:05:10",0.83050,8,samvelgalstyan
2826,16001518,Fenix1,"2026-05-17 10:49:13",0.82963,2,fenix1
2827,16047831,"Aman Singh Choudhary","2026-05-22 09:25:50",0.82947,1,amansinghchoudhary
2828,15914348,"Abubakar Magomedov","2026-05-28 16:40:16",0.82933,5,magomedovabubakarz
2829,16051653,"Manya Dhamija","2026-05-28 05:50:05",0.82933,1,manyadhamija
2830,16004956,"sisard fates","2026-05-18 12:05:06",0.82926,2,sisardfates
2831,16118437,"Filip Martinek","2026-05-30 12:43:28",0.82903,3,filipmartinek
2832,15956028,"Sadman Ishtiak","2026-05-14 09:10:43",0.82902,3,sadmanishtiak
2833,15819629,jfr4d3,"2026-05-20 08:49:41",0.82900,3,jfr4d3
2834,15941976,"Arnav Gawandi","2026-05-13 18:31:50",0.82898,3,arnavgawandi
2835,15825281,"Михаил Седов","2026-05-22 13:37:58",0.82897,1,teacher32
2836,15819109,"Achal Kumar","2026-05-21 16:08:49",0.82872,1,achalkumar
2837,15841394,"Arnav Shendurnikar","2026-05-03 19:29:53",0.82865,2,arnavshendurnikar
2838,16048190,"澤田 悠希","2026-05-26 11:50:57",0.82764,8,yukisawa05
2839,15839065,"Dibyakalyan Ratha","2026-05-13 15:54:13",0.82718,2,dibyakalyanratha
2840,15836417,SingUsASong,"2026-05-07 21:09:49",0.82713,3,takadahiroshi
2841,15872784,"Xander Zoom","2026-05-19 01:57:34",0.82691,2,xanderzoom
2842,15931847,Дмитрий,"2026-05-16 08:56:24",0.82648,2,dmitriyzykin
2843,16056116,Trii,"2026-05-23 12:06:05",0.82648,1,triikb
2844,15870791,Naki,"2026-05-06 07:38:05",0.82590,1,nanakiohashi
2845,15828058,KALmia,"2026-05-04 08:25:08",0.82578,3,kalmia2000
2846,15912727,"Benjamin Lin","2026-05-09 23:56:47",0.82553,1,neblin
2847,16050902,joseph,"2026-05-22 16:34:12",0.82484,1,yosiajosephchandra
2848,15829939,Munish_4567,"2026-05-04 13:10:30",0.82468,3,munish4567
2849,16096381,"The Cheat","2026-05-31 23:47:08",0.82454,3,labskp
2850,16097942,Dhananjay_Sharma_8950,"2026-05-28 17:30:53",0.82371,4,dhananjaysharma8950
2851,15930382,"Artyom Sayapin","2026-05-14 17:02:19",0.82360,1,spielmeister
2852,15839023,"takanori hayashi","2026-05-08 17:45:46",0.82341,2,takanorihayashi
2853,15854243,A.Rahul,"2026-05-04 22:40:16",0.82308,1,rahul1934
2854,16067566,yklulu,"2026-05-25 08:23:53",0.82273,2,yklulu
2855,15877993,steven556610,"2026-05-06 18:45:23",0.82257,2,steven556610
2856,16016470,"Alexandre Rodrigues Fernandes","2026-05-18 19:34:09",0.82180,4,alexpt2k22
2857,15860441,"Marieke Kopmels","2026-05-16 08:13:41",0.82125,2,mariekekopmels
2858,15814512,SongHuang01,"2026-05-04 09:13:59",0.82122,2,songhuang01
2859,16062877,CassioFernandoAlves,"2026-05-25 02:32:38",0.82120,3,cassiofernandoalves
2860,16044699,"Alan Qiao","2026-05-21 20:50:40",0.82117,1,alanq6
2861,15822993,"M Abubakar","2026-05-12 07:04:57",0.81930,1,abubakar9196
2862,16050990,"Arya Ambastha","2026-05-27 04:20:39",0.81930,2,aryaambastha
2863,15939300,"Garrick C.P.","2026-05-19 18:41:32",0.81925,2,garrickchinnis
2864,16051727,"Gaurav Kokila","2026-05-22 18:45:32",0.81877,1,gauravkokila
2865,15875430,ivan_frolov,"2026-05-18 16:59:29",0.81840,3,ivanfrolovs
2866,15842700,"Mihir Naik","2026-05-04 20:56:18",0.81822,3,mihirnaik05
2867,15942668,pranjalinajolie,"2026-05-24 22:56:49",0.81807,1,pranjalinajolie
2868,15995741,"Ayush Agrawal","2026-05-31 14:03:26",0.81742,1,ayushagrawalin67
2869,16076958,"Breno Saran","2026-05-28 04:00:20",0.81731,2,brenosaran
2870,16096297,"Tassawar Abbas","2026-05-28 02:32:39",0.81680,2,abbas829
2871,15856212,"Neil Tamhankar","2026-05-05 04:19:30",0.81643,2,neiltamhankar
2872,15925558,"Piotr Franc","2026-05-12 08:07:27",0.81595,1,piotrfranc
2873,15910844,"Tanzim Nehal","2026-05-10 17:40:02",0.81474,4,tanzimnehal
2874,15820754,OxN1xqe,"2026-05-02 11:16:14",0.81471,1,oxn1xqe
2875,16094827,atnichols20,"2026-05-29 02:47:32",0.81452,2,atnichols20
2876,15867310,Senya_24,"2026-05-05 22:58:04",0.81434,1,senya24
2877,16030926,"jiayang Chen264","2026-05-28 05:25:23",0.81321,1,jiayangchen264
2878,15853631,"Andre Endress","2026-05-06 04:51:36",0.81320,2,andreendress
2879,15977392,"Burcu Daşer Özgişi","2026-05-23 20:36:10",0.81316,2,burcudaerzgii
2880,16071857,"Jiang muhai","2026-05-31 06:12:04",0.81316,1,jiangmuhai
2881,16097660,"Aniruddha Sharma","2026-05-28 15:54:53",0.81291,1,aniruddhasharma04
2882,15995593,LukasB249,"2026-05-24 22:10:40",0.81236,3,lukasb249
2883,15906358,"Keiya Takizawa","2026-05-28 13:05:28",0.81207,4,keiyatakizawa
2884,16093960,"Zane Qureshi","2026-05-30 21:47:17",0.81145,3,zanequreshi
2885,16100191,Bonus1021,"2026-05-29 19:02:19",0.81124,1,bonus1021
2886,15993650,adhikariaadi7,"2026-05-16 17:02:41",0.81113,2,adhikariaadi7
2887,16095339,"Chris B","2026-05-28 20:31:48",0.81073,4,blaircda
2888,16018634,"LOKIAT ZHOU","2026-05-25 08:04:08",0.81009,1,lokiatzhow
2889,15816575,"Gagan S Ravi","2026-05-01 15:14:41",0.80945,1,gagansravi
2890,15809451,mitsushin,"2026-05-01 08:49:43",0.80868,4,mitsushin
2891,15991564,zhanglinyu15,"2026-05-17 08:38:11",0.80836,2,zhanglinyu15
2892,16013920,"Raev Epong","2026-05-20 15:48:27",0.80815,4,raexotaku
2893,16079137,DoctorNikhilDJ,"2026-05-26 06:03:36",0.80789,2,doctornikhildj
2894,16004061,G.P.Shrinil,"2026-05-21 17:09:10",0.80789,4,codewgps
2895,15827082,Abodyelneel,"2026-05-26 01:21:13",0.80784,3,abodyelneel
2896,15850551,"Katuoo ","2026-05-31 14:41:31",0.80767,10,katuoo
2897,15918723,Vanshika0902,"2026-05-28 06:40:24",0.80631,2,vanshika0902
2898,15949534,"ASHISH BISARIYA","2026-05-16 07:07:31",0.80605,1,ashishxrohit
2899,16049767,"Emmanuel Kiptim","2026-05-23 18:57:08",0.80598,2,emmanuelkiptim
2900,15920833,"Daniel Keys","2026-05-12 16:33:39",0.80556,1,danielkeys
2901,15804899,NagaKoba,"2026-05-15 05:48:35",0.80540,1,nagakoba
2902,15919625,"Michael Istomin","2026-05-10 15:10:24",0.80443,1,michaelistomin
2903,16120228,"Inuyanagi Yuu","2026-05-31 09:15:24",0.80351,15,inuyanagiyuu
2904,16070322,"Dmitrii Folts","2026-05-31 16:24:23",0.80210,1,dmitriifolts
2905,16087864,ludwig_vin_berg,"2026-05-30 03:07:21",0.80156,1,ludwigvinberg
2906,16035743,"Mazen Mohamed Soliman","2026-05-25 13:58:26",0.80132,7,mazenmohamedsoliman
2907,15967419,Lewis,"2026-05-15 21:29:55",0.80128,3,lewisssst
2908,16105535,Yuckie2110,"2026-05-29 04:54:33",0.80128,1,yuckie2110
2909,15899317,"manish Raikwar","2026-05-12 08:52:54",0.80064,4,manishraikwar
2910,16110607,"Ankit Zolaniya","2026-05-29 13:42:29",0.79867,1,ankitzolaniya
2911,15811223,"Nabin Oli","2026-05-06 02:56:33",0.79807,1,nabinoli2004
2912,15862956,"Richmond Ko","2026-05-05 17:12:43",0.79778,1,richmondko
2913,15884348,安知鱼鱼,"2026-05-08 04:44:52",0.79671,3,fdemain
2914,16089863,"Krutagana Patel","2026-05-27 08:48:28",0.79663,1,krutaganapatel
2915,15926673,"Thijs Geertman","2026-05-11 13:29:31",0.79469,1,thijsgeertman
2916,15988694,Ritik,"2026-05-25 00:40:46",0.79430,4,cayoti
2917,16004979,"PHÁT LÊ THÀNH","2026-05-17 19:37:21",0.79030,8,sayop0107
2918,16079423,YanaPIIDXer,"2026-05-26 08:34:57",0.78963,4,yanapiidxer
2919,16024904,"Jingying Ma","2026-05-25 07:53:46",0.78917,1,ma2035957
2920,15893276,"Pranav Poominathan","2026-05-08 04:46:14",0.78814,1,pranavpoominathan
2921,15875455,s22990038,"2026-05-10 00:12:24",0.78712,16,s22990038
2922,15850560,Winnie-the-Pooh,"2026-05-17 06:43:50",0.78570,1,tamanegioishi
2923,15851046,longnuub,"2026-05-06 01:03:11",0.78481,2,longnuub
2924,15846026,"Yashita Kumar","2026-05-31 16:13:56",0.78404,3,yk1409
2925,16089065,"변상빈 ","2026-05-31 13:16:43",0.78317,4,bsb0324
2926,16040792,cinnamol,"2026-05-26 09:44:12",0.77919,2,cinnamol
2927,16007736,"Sashi Adhithya","2026-05-18 05:24:45",0.77854,1,sashiadhithya
2928,15929926,"Philippe Coulombe","2026-05-18 19:30:33",0.77589,2,philippecoulombe
2929,16018722,"Andrew Liang","2026-05-31 07:28:23",0.77493,3,anl121
2930,15850823,"Yoann L","2026-05-12 14:44:47",0.77418,2,lyoannds
2931,15854201,"Sam Wenzel","2026-05-04 23:27:30",0.77005,7,samwenzel
2932,15840779,"Deep Patil","2026-05-17 10:54:15",0.76958,2,deeppatil1
2933,16093296,Kevinleeer,"2026-05-27 22:06:48",0.76680,1,kevinleeer
2934,16088769,jianlin3,"2026-05-30 13:50:56",0.75643,4,chienlin715
2935,16097339,孫郁容syrung,"2026-05-28 12:22:53",0.75497,4,syrung
2936,16098038,"Koji Minami","2026-05-30 07:13:14",0.74298,1,kojisouth
2937,15977866,"Lorenzo Pedrini","2026-05-20 17:17:45",0.74115,12,lorenzopedrini
2938,15962926,Lipi,"2026-05-14 06:40:17",0.73559,1,lipi13
2939,15984274,emwanjohi,"2026-05-22 12:42:08",0.72848,1,emwanjohi
2940,15864005,"Michael Walker","2026-05-05 19:00:56",0.72431,2,michaelwalker11
2941,15893723,"ridwan islam","2026-05-12 20:55:21",0.72372,1,ridwanislam
2942,15913389,TommyMSCS,"2026-05-09 23:27:05",0.71688,2,tommymscs
2943,16044948,"Sudhanshu Narayane","2026-05-23 18:03:17",0.71409,2,sido101101
2944,16099035,"Harsh Shah","2026-05-28 09:54:51",0.69941,1,enkyyyy
2945,15881905,"Ricardo xup","2026-05-24 15:04:15",0.68916,8,ricardoxup
2946,16076764,"Uros Ristivojevic","2026-05-27 08:05:02",0.68150,1,ristivojevic
2947,15850374,MarkLeones,"2026-05-05 15:27:41",0.67852,1,markleones
2948,15833035,柏本晃亮,"2026-05-04 00:03:08",0.66913,1,kashimotokousuke
2949,15908943,"Mohammed Fahad.S","2026-05-10 09:33:51",0.66466,9,mohammedfahads
2950,15881515,fly_cow,"2026-05-07 09:40:25",0.65310,1,flycow
2951,15997781,"Luke Pipkin","2026-05-28 20:34:06",0.64531,3,lukepipkin
2952,16004130,joseylocs@yahoo.com,"2026-05-17 15:55:52",0.63840,1,joseylocsyahoocom
2953,15990989,"Abdullah Al Masum","2026-05-31 17:33:40",0.63740,20,ibnulmisbah
2954,16100849,"Gautam Jaiswal","2026-05-31 07:32:40",0.63734,1,matplotlibpandas
2955,15847696,Anikyon,"2026-05-05 08:22:25",0.63506,1,ankbz1988
2956,16111509,PMG1108,"2026-05-30 10:15:50",0.63341,2,pmg11082006
2957,15903476,"Sangeetha Sasikumar","2026-05-31 18:11:57",0.62821,1,sangeetha007
2958,15912124,"Aymane Laabadi","2026-05-10 00:09:42",0.60689,2,aymanelaabadi
2959,15937221,Guziobi,"2026-05-12 14:19:58",0.58977,1,guziobi
2960,15930300,Vater_131ym,"2026-05-13 16:16:37",0.57652,9,vater131ym
2961,15978901,Saloni,"2026-05-31 14:02:02",0.57226,1,salonipandagale
2962,15921479,"OJO JADESOLA","2026-05-10 21:28:38",0.54214,1,ojojadesola
2963,15937714,"Miral Ibrahim","2026-05-12 11:34:04",0.53949,2,miralibrahim
2964,16073580,"Jonathan T","2026-05-25 14:13:10",0.52339,2,jtdataperuser
2965,15840512,TusharSingh060706,"2026-05-03 19:56:37",0.51681,2,tusharsingh060706
2966,16089318,"Jaeheeeee Jang","2026-05-27 08:14:04",0.51126,1,jaeheeeeejang
2967,15869414,"Krithik Gokul S ","2026-05-06 03:16:39",0.50512,1,krithikgokuls
2968,15973003,"Vansh Goel","2026-05-23 14:26:17",0.50311,1,ogvanshgoel
2969,15804248,romin_123,"2026-05-01 05:54:51",0.50255,1,romin123
2970,15926992,Noob786,"2026-05-11 12:16:51",0.50226,1,noob786
2971,15995954,"Yashwanth Aravind","2026-05-17 08:48:58",0.50192,1,yashwantharavind
2972,15936027,"Subham Gupta","2026-05-12 07:12:02",0.50190,1,subham09g
2973,16055783,"Khushal Thanvi","2026-05-26 14:12:51",0.50175,1,"khushalt,laxmiramangudewar"
2974,16009470,"shajeer sheikh","2026-05-18 16:52:58",0.50172,1,shajeersheikh
2975,16094870,"Mahmoud saad Elgharib","2026-05-31 08:59:58",0.50160,1,mah20050
2976,15867268,"omar ahmed alshoaipi","2026-05-11 19:43:27",0.50084,4,omarahmedalshoaipi
2977,15837832,"Ιωάννης Σταμελιάς","2026-05-21 15:02:45",0.50043,2,giannhsstamelias
2978,15834661,"Sangeeta Boora","2026-05-03 05:58:59",0.50008,10,sangeetaboora
2979,15880949,yuezi,"2026-05-08 11:40:31",0.50001,3,yuezi5
2980,15821963,Shoto,"2026-05-02 01:47:21",0.50000,1,bloodymonday
2981,15839070,Younus_Mohamed,"2026-05-03 18:07:16",0.50000,1,younusmohamed
2982,15815505,"Ayush Khaire","2026-05-06 13:24:21",0.50000,1,ayushkhaire
2983,15875733,Yavuz,"2026-05-06 14:35:04",0.50000,1,chepnii
2984,15891879,UmangDobhal03,"2026-05-08 05:58:38",0.50000,8,umangdobhal03
2985,15908936,山有扶苏,"2026-05-09 10:40:11",0.50000,1,shujunpu
2986,15916351,"TAN Wee Han","2026-05-10 07:00:11",0.50000,1,oxgadfly
2987,15921825,"Santiago D. J. V. G.","2026-05-11 08:49:11",0.50000,15,seasthaalores
2988,15994710,"Harsh Kataria ","2026-05-17 05:05:01",0.50000,1,harshkataria08
2989,16023240,"Ayomide Alabi08469","2026-05-19 12:06:38",0.50000,1,ayomidealabi08469
2990,16039212,"praneeth kumar","2026-05-21 07:36:26",0.50000,2,praneethkumar39
2991,16031736,"shubhajoy das","2026-05-24 14:26:59",0.50000,1,jimmycool
2992,16072186,Texxi,"2026-05-25 10:52:03",0.50000,1,texxii
2993,16078621,"K Gopalakrishnan","2026-05-26 03:48:15",0.50000,10,gopalkk2
2994,16089327,limminhyuck_1201,"2026-05-27 06:56:52",0.50000,1,limminhyuck2
2995,16090317,cypher9x,"2026-05-27 09:16:39",0.50000,1,cypher9x
2996,16103681,"Mohanraj M","2026-05-29 10:35:58",0.50000,1,mohan1511
2997,16109598,"Hamik Manukyan","2026-05-29 11:50:52",0.50000,1,hamikmanukyan
2998,16120653,"Vivek Kumar sahu","2026-05-30 15:54:17",0.50000,2,vivekkumarsahu07
2999,16072650,"Mardhav H","2026-05-30 17:03:47",0.50000,1,mardhavh
3000,16129455,"Teenoj Teenoj","2026-05-31 07:08:24",0.50000,1,teenojteenoj
3001,15834387,"Prithwiswar Bhattacharya","2026-05-09 13:58:49",0.49930,2,prithwiswarbhatt
3002,16100465,"QIU ZJ","2026-05-30 04:08:59",0.49917,9,imchiu
3003,15884409,"Nicolas Le Bozec","2026-05-07 15:59:59",0.49884,1,nicolaslebozec
3004,15815241,"Animan khandelwal","2026-05-13 12:21:53",0.49868,1,animankhandelwal
3005,16061709,"Joseph Dragon","2026-05-24 09:06:17",0.49844,2,josephdragon
3006,15900649,mungo321,"2026-05-08 17:48:09",0.49826,1,mungo321
3007,16056407,Fried-MK,"2026-05-27 12:28:25",0.49758,2,friedmk
3008,16118554,"Aek Meddad","2026-05-30 14:27:59",0.49712,1,aekmeddad
3009,16136727,"Lewis Rundle","2026-05-31 22:54:46",0.49706,1,lewisrundle
3010,15840583,"Sheikh Abdul Rehman","2026-05-22 14:28:35",0.49681,1,sarcasmos
3011,15925328,zkx1,"2026-05-11 13:04:12",0.49583,1,gsvjsvh
3012,15997020,"Mykhailo Nedodai","2026-05-23 09:14:13",0.49564,4,sarmat
3013,16023031,"Ala Majouri","2026-05-19 14:31:42",0.49518,1,alamajouri
3014,15934931,Srinidhidevaraj,"2026-05-12 10:01:31",0.49498,3,srinidhidevaraj
3015,16084637,Ayush526,"2026-05-26 15:45:02",0.49461,1,ayush526
3016,15920003,"Muntaha Agoun","2026-05-11 02:30:08",0.49398,2,muntahaagoun
3017,16023321,"Revati N","2026-05-27 11:20:20",0.49376,1,revatisn
3018,15884094,"Batuhan Özdemir","2026-05-07 16:05:02",0.49261,1,iamnotindangerskyler
3019,15809584,"Satyam Choubey","2026-05-11 02:53:17",0.46068,1,satyamchoubey100
3020,16076906,samuelpndx,"2026-05-29 20:17:06",0.44761,1,samuelpndx
3021,15982777,Ww2230545148,"2026-05-15 13:00:34",0.35802,1,ww2230545148
3022,15909702,Someshfords,"2026-05-23 08:31:01",0.16347,1,someshfords
